id,modis_agriculture_2012,modis_total_area_2012,modis_urban_2012,modis_agriculture_2013,modis_total_area_2013,modis_urban_2013,modis_agriculture_2014,modis_total_area_2014,modis_urban_2014,modis_agriculture_2015,modis_total_area_2015,modis_urban_2015,modis_agriculture_2016,modis_total_area_2016,modis_urban_2016
0,43.40449634577206,581.735042071448,0.0,42.231225555575975,581.735042071448,0.0,39.94183041727942,581.735042071448,0.0,45.46474594816176,581.735042071448,0.0,44.704407015686286,581.735042071448,0.0
1,67.98614570404412,945.9297691078806,0.0,84.50051530140931,945.9297691078806,0.0,96.08171065104166,945.9297691078806,0.0,102.8764536713848,945.9297691078806,0.0,84.71380427444852,945.9297691078806,0.0
2,73.39833114381129,1030.905800137367,0.0,59.249582290747554,1030.905800137367,0.0,51.05097916495098,1030.905800137367,0.0,48.75891457469363,1030.905800137367,0.0,46.40980875367647,1030.905800137367,0.0
3,349.7807566588848,527.4358484313561,3.8517351875,381.96887481942406,527.4358484313561,3.8517351875,392.9273051994485,527.4358484313561,3.8517351875,392.4439740522672,527.4358484313561,3.8517351875,374.1329100955271,527.4358484313561,3.8517351875
4,335.99721335392144,526.4104476789817,0.0,371.03922178174,526.4104476789817,0.0,385.4671479884189,526.4104476789817,0.0,388.4040575156248,526.4104476789817,0.0,366.83844145906846,526.4104476789817,0.0
5,1779.2233335256751,2691.159187144496,4.27957340625,1755.938277735724,2691.159187144496,4.27957340625,1765.0911249909327,2691.159187144496,4.27957340625,1752.2230953789228,2691.159187144496,4.27957340625,1847.783065922427,2691.159187144496,4.27957340625
6,532.1884253483456,920.1502663212916,1.497823328125,581.2408651801468,920.1502663212916,1.497823328125,611.4667190160542,920.1502663212916,1.497823328125,633.76797558989,920.1502663212916,1.497823328125,599.1482331534318,920.1502663212916,1.497823328125
7,348.4312459577819,373.6226469245325,0.0,350.16822133321085,373.6226469245325,0.0,351.6123425966299,373.6226469245325,0.0,349.5355341495711,373.6226469245325,0.0,347.42599977230395,373.6226469245325,0.0
8,409.35342059693664,567.6426109060459,2.1205120344362745,434.5006678139098,567.6426109060459,2.1205120344362745,443.88718663829695,567.6426109060459,2.1205120344362745,438.01230711973074,567.6426109060459,2.1205120344362745,432.9909507061279,567.6426109060459,2.1205120344362745
9,0.641988671875,19.23464101850416,0.0,1.2294306001838236,19.23464101850416,0.0,0.8014383658088235,19.23464101850416,0.0,1.0154341626838237,19.23464101850416,0.0,0.8014382408088235,19.23464101850416,0.0
10,736.426958218321,2411.68343979835,2.1400355625,833.800109882169,2411.68343979835,2.1400355625,913.2092126432598,2411.68343979835,2.1400355625,923.2522189534928,2411.68343979835,2.1400355625,777.6122486080882,2411.68343979835,2.1400355625
11,431.30076138927706,749.9858802342457,1.069952921875,430.4843073590074,749.9858802342457,1.069952921875,430.3794026219363,749.9858802342457,1.069952921875,432.15424286568623,749.9858802342457,1.069952921875,412.661623005576,749.9858802342457,1.069952921875
12,99.1518748976716,101.21688211544593,0.85584590625,98.80618141697308,101.21688211544593,0.85584590625,99.44806699509807,101.21688211544593,0.85584590625,99.44554981035542,101.21688211544593,0.85584590625,99.44806699509807,101.21688211544593,0.85584590625
13,159.2865819253064,2336.0060062059665,1.070008859375,176.13277856832104,2336.0060062059665,1.070008859375,183.69483055870091,2336.0060062059665,1.070008859375,172.21623431329652,2336.0060062059665,1.070008859375,146.95527504289217,2336.0060062059665,1.070008859375
14,26.290776453615187,362.5382749323568,0.0,25.058211077879893,362.5382749323568,0.0,22.74496562806372,362.5382749323568,0.0,22.414387226531865,362.5382749323568,0.0,17.822256403676466,362.5382749323568,0.0
15,137.36054018204655,148.9709877573002,3.211085100612745,137.90760735821078,148.9709877573002,3.211085100612745,137.47968931133576,148.9709877573002,3.211085100612745,136.93262347892156,148.9709877573002,3.211085100612745,138.20883203676468,148.9709877573002,3.211085100612745
16,179.76452008125014,863.0396647045781,0.21396734375,196.39093850612755,863.0396647045781,0.21396734375,199.27651523468148,863.0396647045781,0.21396734375,200.93707066200992,863.0396647045781,0.21396734375,157.34692947395845,863.0396647045781,0.21396734375
17,370.7536428316176,872.5374654169203,0.855813203125,431.37320683174033,872.5374654169203,0.855813203125,458.7443400197305,872.5374654169203,0.855813203125,474.4587222594977,872.5374654169203,0.855813203125,419.3494678689953,872.5374654169203,0.855813203125
18,119.66878302236522,257.84554051879803,42.15246334375,120.77974102769612,257.84554051879803,42.15246334375,124.61944968363971,257.84554051879803,42.15246334375,126.14241386164218,257.84554051879803,42.15246334375,106.17512477113966,257.84554051879803,42.15246334375
19,480.770776491973,916.7321426144532,0.0,523.274575251164,916.7321426144532,0.0,547.6303158633579,916.7321426144532,0.0,552.8285279659929,916.7321426144532,0.0,495.078997592647,916.7321426144532,0.0
20,95.76897897383576,794.6104294993397,0.0,105.3561701126838,794.6104294993397,0.0,113.58652199938724,794.6104294993397,0.0,121.53834716188726,794.6104294993397,0.0,80.05928838137253,794.6104294993397,0.0
21,104.43324439362748,116.490740932836,7.425903686580883,104.23018844840688,116.490740932836,7.853837264705882,104.23018844840688,116.490740932836,8.067803639705883,105.23121796329656,116.490740932836,8.067803639705883,103.7409981851716,116.490740932836,8.281770124080882
22,24.29003424552696,1444.580589388502,4.2800605625,25.90377732677696,1444.580589388502,4.2800605625,29.012050855882357,1444.580589388502,4.2800605625,25.3381200161152,1444.580589388502,4.2800605625,24.454471764031865,1444.580589388502,4.2800605625
23,538.0016708716298,575.5665059720247,22.894197796875,541.8690027807597,575.5665059720247,22.894197796875,542.9203844477327,575.5665059720247,22.894197796875,541.5694618691787,575.5665059720247,22.894197796875,537.7499515397059,575.5665059720247,22.894197796875
24,462.2610816553311,514.2141905357793,0.6419049375,467.41902380612765,514.2141905357793,0.6419049375,467.2428719467527,514.2141905357793,0.6419049375,464.36733766207135,514.2141905357793,0.855873,461.3742902112748,514.2141905357793,0.855873
25,960.4558018444242,1102.36503808109,0.0,994.7599092672792,1102.36503808109,0.0,1028.365131039338,1102.36503808109,0.0,1043.4565422268993,1102.36503808109,0.0,1031.1917634278796,1102.36503808109,0.0
26,111.23724704185048,139.62124287479136,0.82646803125,113.61427567487743,139.62124287479136,0.82646803125,111.1835461843137,139.62124287479136,0.82646803125,107.76021944993872,139.62124287479136,0.82646803125,105.44527518204654,139.62124287479136,0.82646803125
27,655.9449932530019,814.9076648245126,55.59055578216911,655.1664501954037,814.9076648245126,55.59055578216911,659.2028442238964,814.9076648245126,55.59055578216911,664.0781674984677,814.9076648245126,55.80449979779411,668.5147147946686,814.9076648245126,55.80449979779411
28,595.9740583745098,687.7106034454526,11.054474315134804,591.6751730612746,687.7106034454526,11.054474315134804,592.4772936248161,687.7106034454526,11.054474315134804,593.2819437749998,687.7106034454526,11.612405823284313,596.9859663577204,687.7106034454526,11.612405823284313
29,1012.2680645093744,1018.6654961262842,0.0,1012.9099276187496,1018.6654961262842,0.0,1013.1238807906244,1018.6654961262842,0.0,1013.1238796187496,1018.6654961262842,0.0,1011.8401532749996,1018.6654961262842,0.0
30,821.7302442831499,845.1009919074471,0.1099092087009803,819.1704747259807,845.1009919074471,0.1099092087009803,820.2964377674637,845.1009919074471,0.1099092087009803,817.9732333891548,845.1009919074471,0.1099092087009803,823.3017554966303,845.1009919074471,0.1099092087009803
31,449.0252056670346,982.2474670380016,21.90881018125,443.4300060528803,982.2474670380016,21.90881018125,426.78363387267177,982.2474670380016,21.90881018125,421.00554471366434,982.2474670380016,21.90881018125,447.6458453545959,982.2474670380016,21.90881018125
32,290.36144619074764,678.9268458215125,0.0,303.43341556280654,678.9268458215125,0.0,309.025518085233,678.9268458215125,0.0,308.1251371156864,678.9268458215125,0.0,342.7137650106006,678.9268458215125,0.0
33,61.90581334234068,975.1640529084405,4.6855751219362745,58.33287038707108,975.1640529084405,4.6855751219362745,55.11819717530636,975.1640529084405,4.6855751219362745,48.06203805894607,975.1640529084405,4.6855751219362745,51.15420788799019,975.1640529084405,4.6855751219362745
34,77.97767010373775,1930.172916390668,1.283868,83.42536204675245,1930.172916390668,1.283868,83.48411222818628,1930.172916390668,1.283868,85.10029602696079,1930.172916390668,1.283868,89.92869982181374,1930.172916390668,1.283868
35,2455.979437637992,3903.9864251865824,7.854526883762255,2511.945615779291,3903.9864251865824,7.854526883762255,2550.091366857967,3903.9864251865824,7.854526883762255,2579.318263781374,3903.9864251865824,7.854526883762255,2587.538279893568,3903.9864251865824,7.854526883762255
36,1140.706166359497,3916.575823221668,3.85316546875,1164.944000289522,3916.575823221668,3.85316546875,1180.5327894975494,3916.575823221668,3.85316546875,1199.3545284780027,3916.575823221668,3.85316546875,1222.4506444464464,3916.575823221668,3.85316546875
37,604.8640920696078,1045.1069787151184,0.428119734375,614.9413441944239,1045.1069787151184,0.428119734375,626.134261345895,1045.1069787151184,0.428119734375,622.4518676961397,1045.1069787151184,0.428119734375,632.6542202125617,1045.1069787151184,0.428119734375
38,741.9662211653799,1595.167533485883,2.5623968518995097,729.0210193972424,1595.167533485883,2.5623968518995097,720.3030103919726,1595.167533485883,2.5623968518995097,711.4334283142765,1595.167533485883,2.5623968518995097,767.4945734976097,1595.167533485883,2.5623968518995097
39,733.8970657381742,1436.2692677651628,0.026855562745098,783.1769569655024,1436.2692677651628,0.026855562745098,815.7801030004289,1436.2692677651628,0.026855562745098,818.5713674737744,1436.2692677651628,0.026855562745098,758.456427535723,1436.2692677651628,0.026855562745098
40,1823.147656364769,2217.839110326931,35.949168453125,1856.626100323532,2217.839110326931,35.949168453125,1864.374691856437,2217.839110326931,35.949168453125,1863.155471794365,2217.839110326931,35.949168453125,1854.3444375609704,2217.839110326931,35.949168453125
41,335.5747624143994,338.0542868428717,0.0,335.403629804044,338.0542868428717,0.0,335.1922318834557,338.0542868428717,0.0,334.9841902690562,338.0542868428717,0.0,335.2585052938724,338.0542868428717,0.0
42,361.59504073988967,18255.40754320565,0.0,393.4738828185662,18255.40754320565,0.0,376.78092073265935,18255.40754320565,0.0,425.83502692107845,18255.40754320565,0.0,446.1195070845589,18255.40754320565,0.0
43,382.18941927450976,385.3038295705775,0.42782059375,382.3622234749387,385.3038295705775,0.42782059375,382.4553342139093,385.3038295705775,0.42782059375,382.39074070894605,385.3038295705775,0.42782059375,381.962920771446,385.3038295705775,0.42782059375
44,174.71691426182605,3627.70044777599,4.280079578125,157.7548706852329,3627.70044777599,4.280079578125,157.3122249388481,3627.70044777599,4.280079578125,177.4583634487746,3627.70044777599,4.280079578125,181.16413878063736,3627.70044777599,4.280079578125
45,52.97776075036764,6885.268369574384,1.711170234375,36.2941147608456,6885.268369574384,1.711170234375,34.223042997426475,6885.268369574384,1.711170234375,45.756815845220586,6885.268369574384,1.711170234375,62.83715668308825,6885.268369574384,1.711170234375
46,978.2687609782477,8170.602311615388,0.428074421875,1128.527232689338,8170.602311615388,0.428074421875,1184.9326029156248,8170.602311615388,0.428074421875,1257.6572324182596,8170.602311615388,0.428074421875,1225.9271044094362,8170.602311615388,0.428074421875
47,107.7067174751838,1092.8621673341963,0.0,125.40893340392157,1092.8621673341963,0.0,149.16352769056374,1092.8621673341963,0.0,156.1576460108456,1092.8621673341963,0.0,145.60903125373778,1092.8621673341963,0.0
48,230.82141314558828,10897.210455496586,14.529435861397058,237.147823279228,10897.210455496586,14.529435861397058,221.2737154405638,10897.210455496586,14.529435861397058,203.53368586764705,10897.210455496586,14.529435861397058,243.7912852556373,10897.210455496586,14.529435861397058
49,319.073100990196,899.6348032835606,3.108721052573529,341.3445023855391,899.6348032835606,3.108721052573529,370.3510402624387,899.6348032835606,3.108721052573529,371.0787939446078,899.6348032835606,3.108721052573529,347.12950940533085,899.6348032835606,3.108721052573529
50,202.3789839468137,1247.41772371183,0.42802959375,238.2473427505515,1247.41772371183,0.42802959375,277.12367696795343,1247.41772371183,0.42802959375,284.07795654123777,1247.41772371183,0.42802959375,247.33365835863967,1247.41772371183,0.42802959375
51,638.0155372580878,650.4472990342921,0.0,635.6743603575976,650.4472990342921,0.0,633.7190419135412,650.4472990342921,0.0,634.6048457013476,650.4472990342921,0.0,638.4550868419725,650.4472990342921,0.0
52,283.0666491427082,447.4402673361548,0.64192659375,293.2593564126224,447.4402673361548,0.64192659375,299.8698623242646,447.4402673361548,0.64192659375,297.3894166082107,447.4402673361548,0.64192659375,315.6241666499388,447.4402673361548,0.64192659375
53,590.6882176485905,774.0632569504442,0.0,592.6953985891541,774.0632569504442,0.0,598.81257642549,774.0632569504442,0.0,587.5575442297791,774.0632569504442,0.0,578.9643090037989,774.0632569504442,0.0
54,164.86336048180144,941.752192805596,10.953395429411763,153.84798764620095,941.752192805596,10.953395429411763,149.71474623216903,941.752192805596,10.953395429411763,147.6582154143382,941.752192805596,10.953395429411763,164.02525921783086,941.752192805596,10.953395429411763
55,869.2252170121936,1294.9781654337733,239.81074808897048,856.0105288875615,1294.9781654337733,239.81074808897048,848.4268798131128,1294.9781654337733,239.81074808897048,846.2787746030638,1294.9781654337733,240.02471615147044,891.9862054427699,1294.9781654337733,240.02471615147044
56,217.19828637622547,25191.67710402144,13.531564412683824,216.0485473207108,25191.67710402144,13.531564412683824,227.90649373210783,25191.67710402144,13.531564412683824,257.20679995894614,25191.67710402144,13.531564412683824,297.4115144502451,25191.67710402144,13.531564412683824
57,165.79166840214455,8790.573203494572,1.92487515625,157.9346337621323,8790.573203494572,1.92487515625,159.3211061678921,8790.573203494572,1.92487515625,143.5453799235907,8790.573203494572,1.92487515625,176.64058917187498,8790.573203494572,1.92487515625
58,2533.370389818445,3089.531071746478,6.84603396875,2527.517145634253,3089.531071746478,6.84603396875,2511.380563470097,3089.531071746478,6.84603396875,2490.02795896017,3089.531071746478,6.84603396875,2581.1630473952805,3089.531071746478,6.84603396875
59,43.82636369485295,717.6896014624341,0.0,39.98735123155637,717.6896014624341,0.0,41.13754408137256,717.6896014624341,0.0,41.32805318946078,717.6896014624341,0.0,48.359344568076,717.6896014624341,0.0
60,1086.4307957050232,3301.665605916403,2.666360600490196,1039.3690509106607,3301.665605916403,2.666360600490196,1030.885197250428,3301.665605916403,2.666360600490196,1045.898292619913,3301.665605916403,2.666360600490196,1151.5956551927088,3301.665605916403,2.666360600490196
61,395.6833117731621,1359.772384863296,0.0,380.07634159883605,1359.772384863296,0.0,372.3621799170959,1359.772384863296,0.0,362.55651881593167,1359.772384863296,0.0,368.69096709338265,1359.772384863296,0.0
62,36.286155024203424,302.89043807855893,0.0,32.306281568688725,302.89043807855893,0.0,31.406120313602944,302.89043807855893,0.0,31.38430559840686,302.89043807855893,0.0,32.60494287610294,302.89043807855893,0.0
63,426.7081020643996,690.2864039288106,0.8743972605392157,438.9445270865807,690.2864039288106,0.8743972605392157,447.42157521476696,690.2864039288106,0.8743972605392157,451.54514668848026,690.2864039288106,0.8743972605392157,433.8818907522058,690.2864039288106,0.8743972605392157
64,414.3631730634193,1380.999948558011,0.0,529.5572333937502,1380.999948558011,0.0,575.4626576633577,1380.999948558011,0.0,637.5044892352329,1380.999948558011,0.0,538.7357335497551,1380.999948558011,0.0
65,1674.0200096075978,1872.579598332871,8.710915362806372,1696.2744210899505,1872.579598332871,8.710915362806372,1720.558198027941,1872.579598332871,8.710915362806372,1722.174633436274,1872.579598332871,8.710915362806372,1719.3311906799631,1872.579598332871,8.710915362806372
66,1073.6732094498163,4740.197165274123,0.0,1120.639637677696,4740.197165274123,0.0,1131.495856215318,4740.197165274123,0.0,1181.202167896998,4740.197165274123,0.0,1162.9731822325373,4740.197165274123,0.0
67,18.689728721629905,215.9379467994548,0.4783630170955882,18.261710956004904,215.9379467994548,0.4783630170955882,17.642357501654416,215.9379467994548,0.4783630170955882,18.786232680821083,215.9379467994548,0.4783630170955882,21.24433997389707,215.9379467994548,0.4783630170955882
68,669.0195670692402,29258.11019039503,6.4176076875,657.4421238678308,29258.11019039503,6.4176076875,644.4990421385415,29258.11019039503,6.4176076875,648.042143646446,29258.11019039503,6.4176076875,744.1868077891545,29258.11019039503,6.4176076875
69,1018.6255482318012,4111.726131100418,3.2091609375,1030.5321567466906,4111.726131100418,3.2091609375,1012.0850259719356,4111.726131100418,3.2091609375,1001.1358028681976,4111.726131100418,3.2091609375,1308.6158426165423,4111.726131100418,3.2091609375
70,139.1249867509804,5534.235772268747,3.207949140625,141.6944373322304,5534.235772268747,3.207949140625,139.7167431009804,5534.235772268747,3.207949140625,132.73951005533087,5534.235772268747,3.207949140625,140.55460023051472,5534.235772268747,3.207949140625
71,26.9529468103554,216.7209740817039,0.8039850949142158,26.7389408884804,216.7209740817039,0.8039850949142158,25.6689148103554,216.7209740817039,0.8039850949142158,26.31261695949756,216.7209740817039,0.8039850949142158,28.084268620894616,216.7209740817039,0.8039850949142158
72,317.2006931219975,5958.898406241414,4.067454234375,327.5909964899508,5958.898406241414,4.067454234375,316.2891740229779,5958.898406241414,4.067454234375,296.8520202609682,5958.898406241414,4.067454234375,309.44770834797794,5958.898406241414,4.067454234375
73,1485.9059893272674,8729.765815585752,3.9229838829656862,1382.8293383977325,8729.765815585752,3.9229838829656862,1517.6960985500004,8729.765815585752,3.9229838829656862,1639.43008918315,8729.765815585752,3.9229838829656862,1610.1253460694245,8729.765815585752,3.9229838829656862
74,1318.913911617586,8018.351653850636,8.126383609375,1149.1133881617648,8018.351653850636,8.126383609375,1387.823635901961,8018.351653850636,8.126383609375,1403.7248840186892,8018.351653850636,8.126383609375,1364.8475134905025,8018.351653850636,8.126383609375
75,351.79946738995125,354.7564361918512,1.0696584375,351.46808851709585,354.7564361918512,1.0696584375,351.27177795937524,354.7564361918512,1.0696584375,351.27177795937524,354.7564361918512,1.0696584375,351.58553921807624,354.7564361918512,1.0696584375
76,1355.3171102274528,1738.8868029104724,0.2802873225490196,1376.470979152269,1738.8868029104724,0.2802873225490196,1392.63568154608,1738.8868029104724,0.2802873225490196,1400.0660849166682,1738.8868029104724,0.2802873225490196,1351.338251039095,1738.8868029104724,0.2802873225490196
77,787.5375536934432,1197.799751638832,3.209929796875,808.5852073419727,1197.799751638832,3.209929796875,827.1336304284922,1197.799751638832,3.209929796875,840.6597211885413,1197.799751638832,3.209929796875,791.5142180020216,1197.799751638832,3.209929796875
78,111.1432932547794,5714.643308838244,0.0,113.96079684197304,5714.643308838244,0.0,103.52690098014708,5714.643308838244,0.0,124.75000252965684,5714.643308838244,0.0,138.1536414521446,5714.643308838244,0.0
79,524.2485678360908,566.443772356753,39.16796743658088,523.9742061489585,566.443772356753,39.38192026470588,524.1881569614584,566.443772356753,39.38192026470588,524.0396497829657,566.443772356753,39.38192026470588,523.6729942159927,566.443772356753,39.46917960392157
80,667.8383958625003,749.7685111315021,51.53292632628676,673.2820500685052,749.7685111315021,51.53292632628676,668.2587640006743,749.7685111315021,51.53292632628676,662.9585750077209,749.7685111315021,51.53292632628676,659.3314269063728,749.7685111315021,51.53292632628676
81,300.36765432083337,318.7918150124174,15.81410770398284,301.43654914368875,318.7918150124174,15.81410770398284,301.43654914368875,318.7918150124174,15.81410770398284,300.42386524626227,318.7918150124174,15.81410770398284,298.8095978923407,318.7918150124174,15.81410770398284
82,11.58462044129902,30.632876904975,18.9387885685049,11.58462044129902,30.632876904975,18.9387885685049,11.37066572254902,30.632876904975,19.152743287254903,11.37066572254902,30.632876904975,19.152743287254903,11.37066572254902,30.632876904975,19.152743287254903
83,451.0145348211397,502.9486735351608,33.24728750232843,455.54293373370086,502.9486735351608,33.46124317420343,454.4840351628062,502.9486735351608,33.46124317420343,451.76883034846793,502.9486735351608,33.46124317420343,449.5285593764704,502.9486735351608,33.46124317420343
84,198.16624815649516,216.82877518909552,16.48293038106618,198.16205016170343,216.82877518909552,16.48293038106618,197.94809638045348,216.82877518909552,16.48293038106618,197.68799571470592,216.82877518909552,16.48293038106618,196.4915341632966,216.82877518909552,16.609624229350494
85,312.61441668333333,335.202406218934,3.851311875,315.9648317733455,335.202406218934,3.851311875,317.5531871009191,335.202406218934,3.851311875,317.7629505012255,335.202406218934,3.851311875,315.3665599296569,335.202406218934,3.851311875
86,996.2266944722428,2136.7618353077337,0.0,993.4819662532478,2136.7618353077337,0.0,992.262948955086,2136.7618353077337,0.0,986.2074781938118,2136.7618353077337,0.0,996.7269389560664,2136.7618353077337,0.0
87,41.43782326151961,2744.304759404756,2.781441203125,39.7974162098652,2744.304759404756,2.781441203125,34.95521635465687,2744.304759404756,2.781441203125,35.133071073468145,2744.304759404756,2.781441203125,38.99521238118873,2744.304759404756,2.781441203125
88,191.1487080492034,1213.3656051308028,8.559844680208332,189.5478392593137,1213.3656051308028,8.559844680208332,172.6291251660539,1213.3656051308028,8.559844680208332,154.21599770735287,1213.3656051308028,8.559844680208332,180.38746220747552,1213.3656051308028,8.559844680208332
89,1808.0448501339456,14161.255234283308,8.76777528125,1674.8693524746943,14161.255234283308,8.76777528125,1773.4498922558212,14161.255234283308,8.76777528125,1876.3944907445475,14161.255234283308,8.76777528125,1966.4786811873787,14161.255234283308,8.76777528125
90,241.54670879595596,1107.9514319703662,4.06512575,245.63352811176475,1107.9514319703662,4.06512575,199.9458571150122,1107.9514319703662,4.06512575,184.2517432457108,1107.9514319703662,4.06512575,244.8927228594975,1107.9514319703662,4.06512575
91,150.70075404387256,2534.540922085639,0.0,174.1678548226103,2534.540922085639,0.0,171.7195120000613,2534.540922085639,0.0,195.1605756272672,2534.540922085639,0.0,193.1495356140319,2534.540922085639,0.0
92,657.5810029726106,823.6578219843591,1.284543578125,649.3732688957111,823.6578219843591,1.284543578125,645.1451158397674,823.6578219843591,1.284543578125,639.0086405167896,823.6578219843591,1.284543578125,620.927619166851,823.6578219843591,1.284543578125
93,29.702767857475493,402.72838439849295,0.0,35.066092577022054,402.72838439849295,0.0,35.370906532230386,402.72838439849295,0.0,33.50787490759804,402.72838439849295,0.0,33.872277618872545,402.72838439849295,0.0
94,433.7154117069854,3936.832719902323,15.039832324264705,539.4446821526348,3936.832719902323,15.039832324264705,502.7408217112746,3936.832719902323,15.039832324264705,457.2187944050859,3936.832719902323,15.039832324264705,487.6506441879289,3936.832719902323,15.039832324264705
95,550.6353897858454,1853.2767108729013,0.642261234375,568.0256673052695,1853.2767108729013,0.642261234375,573.0270390090684,1853.2767108729013,0.642261234375,579.2532954992645,1853.2767108729013,0.642261234375,514.4196828209559,1853.2767108729013,0.642261234375
96,34.348882215686274,2922.418715723408,0.0,37.91100397720588,2922.418715723408,0.0,36.94120926072304,2922.418715723408,0.0,30.490121193198533,2922.418715723408,0.0,36.40211114117648,2922.418715723408,0.0
97,1445.1632842434424,1984.0185850905789,0.5675322185661765,1449.143335362866,1984.0185850905789,0.5675322185661765,1441.7259416650109,1984.0185850905789,0.5675322185661765,1435.2750316362124,1984.0185850905789,0.5675322185661765,1433.9422861872542,1984.0185850905789,0.5675322185661765
98,785.804142719608,2065.448697429,5.137696578125,792.2898721691175,2065.448697429,5.137696578125,777.497119890625,2065.448697429,5.137696578125,792.7764401978552,2065.448697429,5.137696578125,761.6958203653799,2065.448697429,5.137696578125
99,1032.3467355482223,1180.9739837190205,0.0,1045.364976395036,1180.9739837190205,0.0,1051.7775508808816,1180.9739837190205,0.0,1048.1482950417883,1180.9739837190205,0.0,1062.610088854166,1180.9739837190205,0.0
100,37.676305607720586,2345.199517823364,0.0,37.46226427959559,2345.199517823364,0.0,33.21418678596814,2345.199517823364,0.0,38.56631778596814,2345.199517823364,0.0,39.20860711409314,2345.199517823364,0.0
101,1316.6547829265942,2076.83947500138,27.477640562683824,1297.7950375816188,2076.83947500138,27.477640562683824,1270.1361292181386,2076.83947500138,27.477640562683824,1262.9167790628692,2076.83947500138,27.477640562683824,1247.4196324311902,2076.83947500138,27.477640562683824
102,113.06470332212012,1277.8185390099443,0.0,110.27328655300246,1277.8185390099443,0.0,111.33356848345588,1277.8185390099443,0.0,117.07445830379903,1277.8185390099443,0.0,118.91528742671572,1277.8185390099443,0.0
103,501.1887154919119,13308.11885428032,3.2114894375,530.5504058809438,13308.11885428032,3.2114894375,512.0031463695467,13308.11885428032,3.2114894375,556.5799043281864,13308.11885428032,3.2114894375,582.6759896915443,13308.11885428032,3.2114894375
104,274.9496045986519,906.6579789419918,7.4927635,283.4053152533699,906.6579789419918,7.4927635,283.66808482242635,906.6579789419918,7.4927635,272.7316938571691,906.6579789419918,7.4927635,242.32247816213237,906.6579789419918,7.4927635
105,133.6556781871936,657.6226468409769,4.49536025,140.29170199185043,657.6226468409769,4.49536025,145.44020635502443,657.6226468409769,4.49536025,138.34160234669113,657.6226468409769,4.49536025,127.45861200931368,657.6226468409769,4.49536025
106,692.7684323021446,734.7358728855398,0.2600928917892157,688.7453759204045,734.7358728855398,0.2600928917892157,690.4535809886029,734.7358728855398,0.2600928917892157,685.5671794313114,734.7358728855398,0.2600928917892157,697.7143624117646,734.7358728855398,0.2600928917892157
107,4.814562041666666,223.31888626351372,0.0,4.814561651041666,223.31888626351372,0.0,4.814561651041666,223.31888626351372,0.0,5.082269262438726,223.31888626351372,0.0,5.296267731188726,223.31888626351372,0.0
108,9.30428884644608,183.12204509255048,0.0,8.437388180882353,183.12204509255048,0.0,10.084753046507352,183.12204509255048,0.0,13.255290167340684,183.12204509255048,0.0,14.574533192769604,183.12204509255048,0.0
109,64.76378189981617,533.9988573404582,0.0,57.15731292849264,533.9988573404582,0.0,62.57594057175245,533.9988573404582,0.0,71.71304436960786,533.9988573404582,0.0,75.49104805441176,533.9988573404582,0.0
110,211.44229783118865,281.5877336806697,0.0,223.9156793734067,281.5877336806697,0.0,222.9724717775734,281.5877336806697,0.0,211.64539163725485,281.5877336806697,0.0,197.26613338253676,281.5877336806697,0.0
111,14.537983220649515,14.783584382946168,0.0,14.564830906924026,14.783584382946168,0.0,14.564830906924026,14.783584382946168,0.0,14.573220804595596,14.783584382946168,0.0,14.28293082169118,14.783584382946168,0.0
112,1113.6639613033703,1555.5858928251955,0.0,1198.4309419605388,1555.5858928251955,0.0,1247.515509376777,1555.5858928251955,0.0,1297.2798729761646,1555.5858928251955,0.0,1188.4532161778193,1555.5858928251955,0.0
113,16.269552968321076,1065.22814602694,0.0,21.430659445220595,1065.22814602694,0.0,22.905971609129903,1065.22814602694,0.0,18.20140675196079,1065.22814602694,0.0,15.41272466642157,1065.22814602694,0.0
114,305.4061027805146,3281.505311741807,0.0,356.7327215354166,3281.505311741807,0.0,370.11199275128666,3281.505311741807,0.0,360.86533225606615,3281.505311741807,0.0,293.18057432034306,3281.505311741807,0.0
115,496.63330122689945,1614.0349446674702,12.4148615,541.5826791615808,1614.0349446674702,12.4148615,601.7270346596811,1614.0349446674702,12.4148615,583.2027675816787,1614.0349446674702,12.4148615,536.6040065628675,1614.0349446674702,12.4148615
116,405.1251057911765,461.41725624897725,14.32677900042892,407.3602341102329,461.41725624897725,14.32677900042892,408.0876567658088,461.41725624897725,14.54072453167892,405.47500039877457,461.41725624897725,14.836891315686277,402.83214388474266,461.41725624897725,14.836891315686277
117,159.3280651859069,328.63943361358605,1.497843875,170.0655497701593,328.63943361358605,1.497843875,178.8663019467525,328.63943361358605,1.497843875,182.44098642916668,328.63943361358605,1.497843875,171.29992019227942,328.63943361358605,1.497843875
118,351.94704426752463,386.6975340172252,0.0,356.29531771930164,386.6975340172252,0.0,356.6787906234684,386.6975340172252,0.0,354.46942938351737,386.6975340172252,0.0,353.9130923746325,386.6975340172252,0.0
119,187.6180782572304,196.3494200116396,0.0,190.08749924773284,196.3494200116396,0.0,189.8693373420956,196.3494200116396,0.0,191.1019545471814,196.3494200116396,0.0,191.1187366844363,196.3494200116396,0.0
120,631.1351273584562,672.5331861740384,1.49777421875,636.8048830253067,672.5331861740384,1.49777421875,637.8755408314341,672.5331861740384,1.49777421875,632.8787472046572,672.5331861740384,1.49777421875,623.7242289571082,672.5331861740384,1.49777421875
121,57.187511047855416,59.06360412560964,0.0,57.274773945281886,59.06360412560964,0.0,58.25396722708336,59.06360412560964,0.0,58.68189260208336,59.06360412560964,0.0,58.25396771145836,59.06360412560964,0.0
122,70.32354197763478,72.9083646144945,0.0,70.24047276109067,72.9083646144945,0.0,70.44185130428919,72.9083646144945,0.0,70.080210244424,72.9083646144945,0.0,69.652282103799,72.9083646144945,0.0
123,18.526596313786765,18.83529608042073,0.0,18.740558579411765,18.83529608042073,0.0,18.740558579411765,18.83529608042073,0.0,18.526596313786765,18.83529608042073,0.0,18.740558579411765,18.83529608042073,0.0
124,55.84704891832108,57.030334237810585,0.85584303125,55.96955176599265,57.030334237810585,0.85584303125,55.833624703125,57.030334237810585,0.85584303125,55.71112185545344,57.030334237810585,0.85584303125,55.71112185545344,57.030334237810585,0.85584303125
125,555.4705753607847,585.5806959007587,0.0,558.6482328000616,585.5806959007587,0.0,556.8408292896448,585.5806959007587,0.0,555.9413511259194,585.5806959007587,0.0,555.0124862616424,585.5806959007587,0.0
126,277.38265770355383,1049.2170073146522,0.641925140625,290.250742250674,1049.2170073146522,0.641925140625,290.85745886813726,1049.2170073146522,0.641925140625,270.4421962478553,1049.2170073146522,0.641925140625,243.84986714650728,1049.2170073146522,0.641925140625
127,493.64321035674016,3061.352580949441,0.427955875,453.18512659656864,3061.352580949441,0.427955875,399.0909341218138,3061.352580949441,0.427955875,366.0357311662991,3061.352580949441,0.427955875,280.1855880827819,3061.352580949441,0.427955875
128,286.0808416204044,299.3634312211361,2.139595859375,286.36109118278176,299.3634312211361,2.139595859375,283.9093613581494,299.3634312211361,2.139595859375,278.12321412340674,299.3634312211361,2.139595859375,278.1332868758578,299.3634312211361,2.139595859375
129,1210.748412622549,1464.25308607519,0.0,1259.3188160952818,1464.25308607519,0.0,1293.8125364891546,1464.25308607519,0.0,1314.9436576784317,1464.25308607519,0.0,1279.860352153126,1464.25308607519,0.0
130,99.77633254895832,101.18948659296608,0.0,100.20421708020832,101.18948659296608,0.0,100.4542333314338,101.18948659296608,0.0,100.6681763001838,101.18948659296608,0.0,100.2402904876838,101.18948659296608,0.0
131,63.18835387181373,74.801190281593,1.497713859375,62.97439674681373,74.801190281593,1.497713859375,62.11856341868873,74.801190281593,1.497713859375,60.010024400551465,74.801190281593,1.497713859375,56.89294668596814,74.801190281593,1.497713859375
132,74.45868324050248,447.0771136273775,9.072831200306371,76.89353993020833,447.0771136273775,9.072831200306371,78.79262891825981,447.0771136273775,9.072831200306371,79.10034522665443,447.0771136273775,9.072831200306371,75.65931993829659,447.0771136273775,9.072831200306371
133,144.86255783284312,369.9506020748237,2.995454546875,161.65727744491423,369.9506020748237,2.995454546875,185.43463122689957,369.9506020748237,2.995454546875,193.532415316299,369.9506020748237,2.995454546875,181.3751953800245,369.9506020748237,2.995454546875
134,471.09840667610257,1195.9546500837166,0.0,510.33942193768354,1195.9546500837166,0.0,530.3119355549017,1195.9546500837166,0.0,544.6964304375609,1195.9546500837166,0.0,516.153964765257,1195.9546500837166,0.0
135,168.6429521286765,287.4403769648068,113.93584939319857,169.9266876286765,287.4403769648068,113.93584939319857,169.4987784099265,287.4403769648068,113.93584939319857,168.2150530193015,287.4403769648068,113.93584939319857,168.002755926777,287.4403769648068,113.93584939319857
136,1353.012348161642,2385.357658774718,1.069810578125,1436.5601328968753,2385.357658774718,1.069810578125,1464.0090773604784,2385.357658774718,1.069810578125,1473.3066155364584,2385.357658774718,1.069810578125,1402.5561232963853,2385.357658774718,1.069810578125
137,149.48211285453436,521.7356007724945,0.0,177.86289949803933,521.7356007724945,0.0,155.38886520300255,521.7356007724945,0.0,162.86622979270842,521.7356007724945,0.0,137.16954329037992,521.7356007724945,0.0
138,556.127719268321,597.192186845418,0.8557955,569.5151684037376,597.192186845418,0.8557955,573.133045959681,597.192186845418,0.8557955,574.8186420752451,597.192186845418,0.8557955,570.1763597753061,597.192186845418,0.8557955
139,910.8299795139096,3928.4781241424366,0.8231553567401961,1135.0315866631129,3928.4781241424366,0.8231553567401961,1216.2338044309438,3928.4781241424366,0.8231553567401961,1303.7438267143386,3928.4781241424366,0.8231553567401961,1081.910956252941,3928.4781241424366,0.8231553567401961
140,186.9506184981005,209.2316826567609,3.85128190625,188.66061696403187,209.2316826567609,3.85128190625,187.1503088822304,209.2316826567609,3.85128190625,186.0805022884804,209.2316826567609,3.85128190625,187.15198247879903,209.2316826567609,3.85128190625
141,65.95745357610294,86.78425739694306,19.4988179,65.95745357610294,86.78425739694306,19.4988179,65.3281604235294,86.78425739694306,19.4988179,64.90359682610293,86.78425739694306,19.4988179,65.54211920477941,86.78425739694306,19.4988179
142,1118.0910871892168,1737.9173193746674,2.1395411875,1239.2338404212014,1737.9173193746674,2.1395411875,1301.743728395834,1737.9173193746674,2.1395411875,1334.4426811147678,1737.9173193746674,2.1395411875,1298.829459752758,1737.9173193746674,2.1395411875
143,358.7471080770832,556.6960115509135,4.4929655,395.5818268043505,556.6960115509135,4.4929655,437.239984308272,556.6960115509135,4.4929655,455.7990603837008,556.6960115509135,4.4929655,450.483830089093,556.6960115509135,4.4929655
144,340.46920330949763,346.16607968643035,0.0,343.1867135617648,346.16607968643035,0.0,343.59195226004914,346.16607968643035,0.0,344.44771693192416,346.16607968643035,0.0,344.0693313967526,346.16607968643035,0.0
145,567.7709368012254,1307.8146050268474,1.28367528125,654.1885547481004,1307.8146050268474,1.28367528125,639.8276357843137,1307.8146050268474,1.28367528125,656.5700518142157,1307.8146050268474,1.28367528125,569.818661999571,1307.8146050268474,1.28367528125
146,99.02735227524512,7584.960596797372,0.0,89.03102824577206,7584.960596797372,0.0,89.31619952806373,7584.960596797372,0.0,109.14277339215684,7584.960596797372,0.0,103.12764319981616,7584.960596797372,0.0
147,60.40515942181372,3174.237466306457,0.85530628125,53.906637282659325,3174.237466306457,0.85530628125,57.92813745091912,3174.237466306457,0.85530628125,59.52212592132352,3174.237466306457,0.85530628125,62.84593795447304,3174.237466306457,0.85530628125
148,1201.686732861949,9511.170897811196,7.6989990625,1053.3084834698532,9511.170897811196,7.6989990625,1137.1043130582111,9511.170897811196,7.6989990625,1285.0280845674022,9511.170897811196,7.6989990625,1292.4099561087014,9511.170897811196,7.6989990625
149,301.46948967947304,348.14981004080573,0.0,300.0507681994485,348.14981004080573,0.0,298.0170315676472,348.14981004080573,0.0,296.99178639975503,348.14981004080573,0.0,298.06148514975496,348.14981004080573,0.0
150,447.4084260350492,449.171139727531,0.0,447.6223701600491,449.171139727531,0.0,447.6223701600491,449.171139727531,0.0,447.6223701600491,449.171139727531,0.0,447.6223701600491,449.171139727531,0.0
151,456.2167832713237,480.4682654055279,0.0,462.5846791545957,480.4682654055279,0.0,464.3465352088237,480.4682654055279,0.0,466.2719969431987,480.4682654055279,0.0,465.8441138181987,480.4682654055279,0.0
152,836.6556186503678,850.9458250760566,8.557374,838.3671202441178,850.9458250760566,8.557374,838.7949977128678,850.9458250760566,8.557374,839.4368096034929,850.9458250760566,8.557374,839.2228720722428,850.9458250760566,8.557374
153,25.348817945098038,194.80927562271748,0.427877234375,24.29003199215686,194.80927562271748,0.427877234375,21.752958157536764,194.80927562271748,0.427877234375,21.67744808492647,194.80927562271748,0.427877234375,23.318485686397057,194.80927562271748,0.427877234375
154,660.1282826708334,1002.4464248310868,3.3987442522671567,651.4482200450982,1002.4464248310868,3.3987442522671567,643.9595168563726,1002.4464248310868,3.3987442522671567,642.3427461738358,1002.4464248310868,3.3987442522671567,648.161085185907,1002.4464248310868,3.3987442522671567
155,17.679186076286772,18.7637863533744,0.0,17.679186076286772,18.7637863533744,0.0,17.679186076286772,18.7637863533744,0.0,17.665763513541673,18.7637863533744,0.0,17.679186076286772,18.7637863533744,0.0
156,680.2628416240196,684.5786957573424,1.275198376102941,680.4767745615196,684.5786957573424,1.275198376102941,680.6907112802696,684.5786957573424,1.275198376102941,680.9046484521447,684.5786957573424,1.275198376102941,680.9046484521447,684.5786957573424,1.275198376102941
157,479.6826872488358,528.3084097736391,25.522055494852943,480.3211290775736,528.3084097736391,25.522055494852943,480.5770173239584,528.3084097736391,25.522055494852943,479.4930710479781,528.3084097736391,25.735992104227943,480.62735097757366,528.3084097736391,25.735992104227943
158,634.3503783601715,748.8748602640355,4.711687207169118,628.5522912217522,748.8748602640355,4.711687207169118,628.9566935142766,748.8748602640355,4.711687207169118,630.6497477211394,748.8748602640355,4.711687207169118,632.463624741054,748.8748602640355,4.711687207169118
159,161.1147481033088,177.78777931193963,14.516335051838238,161.32868149393383,177.78777931193963,14.516335051838238,161.75654668143383,177.78777931193963,14.516335051838238,161.54261465018382,177.78777931193963,14.516335051838238,161.92182369362746,177.78777931193963,14.516335051838238
160,229.86606217089448,352.79232608969994,115.90339244491425,229.73854699068613,352.79232608969994,115.90339244491425,229.4432385231004,352.79232608969994,116.11732503866423,229.65213115526947,352.79232608969994,116.11732503866423,229.3106883813111,352.79232608969994,116.11732503866423
161,309.188168181005,583.9644638441146,0.0,304.4339379030638,583.9644638441146,0.0,303.9934760479168,583.9644638441146,0.0,308.40958447346816,583.9644638441146,0.0,307.03206536023293,583.9644638441146,0.0
162,1547.3389085984056,1582.7517183520226,9.8421038125,1551.002245894423,1582.7517183520226,9.8421038125,1550.6297141892758,1582.7517183520226,9.8421038125,1547.784469737131,1582.7517183520226,9.8421038125,1548.3013568258566,1582.7517183520226,9.8421038125
163,93.77907293296572,104.44128737876171,0.9169715301470588,92.9334047914216,104.44128737876171,0.9169715301470588,92.9334047914216,104.44128737876171,0.9169715301470588,93.1473394476716,104.44128737876171,0.9169715301470588,94.0718684034314,104.44128737876171,0.9169715301470588
164,985.7771071548408,1001.733518153644,0.0,985.27709402739,1001.733518153644,0.0,985.5959044667284,1001.733518153644,0.0,985.6084835476104,1001.733518153644,0.0,985.5556221970592,1001.733518153644,0.0
165,189.4557758031249,191.85199930783415,1.7106239700980392,189.4557758031249,191.85199930783415,1.7106239700980392,189.4557758031249,191.85199930783415,1.7106239700980392,189.4557758031249,191.85199930783415,1.7106239700980392,189.4557758031249,191.85199930783415,1.7106239700980392
166,12.76817774515931,15.12941784008625,0.0,12.566000600551464,15.12941784008625,0.0,12.76817774515931,15.12941784008625,0.0,12.76817774515931,15.12941784008625,0.0,12.55425597953431,15.12941784008625,0.0
167,1164.541407214153,1259.96844565539,0.85570984375,1163.192396765256,1259.96844565539,0.85570984375,1162.6512841963222,1259.96844565539,0.85570984375,1162.6512688213222,1259.96844565539,0.85570984375,1163.257827667278,1259.96844565539,0.85570984375
168,86.61333982935056,87.43468367526452,0.0,86.39942876685056,87.43468367526452,0.0,86.42459474846821,87.43468367526452,0.0,85.95650705287997,87.43468367526452,0.0,85.95650705287997,87.43468367526452,0.0
169,40.38128270275735,1094.7279621959467,0.0,38.82761332475489,1094.7279621959467,0.0,39.29068635232843,1094.7279621959467,0.0,39.872055893014696,1094.7279621959467,0.0,39.71852555545342,1094.7279621959467,0.0
170,41.42677273051472,685.2411024581148,0.0,39.57947205349265,685.2411024581148,0.0,37.35549092408088,685.2411024581148,0.0,38.71454341832108,685.2411024581148,0.0,38.518232640870096,685.2411024581148,0.0
171,112.09694419466916,118.1127180553582,0.0,112.02647815361522,118.1127180553582,0.0,111.78656785545346,118.1127180553582,0.0,110.16927281875,118.1127180553582,0.0,113.1991931637868,118.1127180553582,0.0
172,155.54035638841907,233.0044345299804,0.0,152.77557738713227,233.0044345299804,0.0,150.8563145672181,233.0044345299804,0.0,152.02899796973034,233.0044345299804,0.0,157.72802251078426,233.0044345299804,0.0
173,501.2008824909315,565.3780475559748,0.0,519.2982747919731,565.3780475559748,0.0,535.7939996346201,565.3780475559748,0.0,542.5865941006737,565.3780475559748,0.0,544.1857275850487,565.3780475559748,0.0
174,860.5193155970583,1731.840067304945,0.0,842.6512291384798,1731.840067304945,0.0,836.9984967315559,1731.840067304945,0.0,831.8177087439333,1731.840067304945,0.0,859.0989644907472,1731.840067304945,0.0
175,3.208585203125,249.0152803147895,0.0,3.6363981875,249.0152803147895,0.0,4.577585346875,249.0152803147895,0.0,6.716644065625,249.0152803147895,0.0,11.123102109375,249.0152803147895,0.0
176,915.0969863649508,2049.0562579413936,116.3109413694853,912.0383735172792,2049.0562579413936,116.3109413694853,910.4100025228552,2049.0562579413936,116.3109413694853,911.5534140868258,2049.0562579413936,116.3109413694853,909.676744292892,2049.0562579413936,116.52487396323532
177,1126.1152695297792,1913.50343806914,0.0,1121.0678583789215,1913.50343806914,0.0,1124.236162726838,1913.50343806914,0.0,1116.3953321666052,1913.50343806914,0.0,1126.749408218627,1913.50343806914,0.0
178,58.69392191378677,2843.237666527198,0.0,57.30054246936276,2843.237666527198,0.0,58.66041685098041,2843.237666527198,0.0,61.04711210741423,2843.237666527198,0.0,65.71058930955884,2843.237666527198,0.0
179,579.6440648267159,624.5099562115116,0.0,579.0023647017158,624.5099562115116,0.0,576.2409142833947,624.5099562115116,0.0,574.5103837798407,624.5099562115116,0.0,578.1459099308211,624.5099562115116,0.0
180,678.7472162313115,3623.519784761672,1.069518078125,674.291920647672,3623.519784761672,1.069518078125,678.0549254707112,3623.519784761672,1.069518078125,680.5019423683215,3623.519784761672,1.069518078125,680.0880776351107,3623.519784761672,1.069518078125
181,67.49179610863969,1378.7323768193107,1.925131578125,71.69010393713233,1378.7323768193107,1.925131578125,76.24575488278182,1378.7323768193107,1.925131578125,79.48618409981614,1378.7323768193107,1.925131578125,79.88888557567398,1378.7323768193107,1.925131578125
182,30.96838567634804,1508.5528642651998,1.06949440625,32.76009843045343,1508.5528642651998,1.06949440625,36.68831656384804,1508.5528642651998,1.06949440625,33.17618016121323,1508.5528642651998,1.06949440625,35.60790732487746,1508.5528642651998,1.06949440625
183,1008.6786305246328,2488.5567148841706,0.85558925,1011.0432047089464,2488.5567148841706,0.85558925,1003.2985581429538,2488.5567148841706,0.85558925,996.8792270583948,2488.5567148841706,0.85558925,994.707559271814,2488.5567148841706,0.85558925
184,563.8645447226713,1321.816112848557,2.140371125,586.4279140984676,1321.816112848557,2.140371125,609.4773935521442,1321.816112848557,2.140371125,610.7573438398894,1321.816112848557,2.140371125,598.9106808161762,1321.816112848557,2.140371125
185,152.88939413020833,163.28680926291264,1.9143850524509805,152.8558378091299,163.28680926291264,1.9143850524509805,152.99593304491424,163.28680926291264,1.9143850524509805,152.4280009497549,163.28680926291264,1.9143850524509805,152.56809462303926,163.28680926291264,1.9143850524509805
186,942.6764654115204,1359.214315622423,0.0,935.3475034833951,1359.214315622423,0.0,927.9572583024516,1359.214315622423,0.0,925.8237016394004,1359.214315622423,0.0,924.0057037673414,1359.214315622423,0.0
187,391.4377587596811,462.7559022149695,0.64206309375,397.88947484632325,462.7559022149695,0.64206309375,404.6844371453428,462.7559022149695,0.64206309375,405.0293526758575,462.7559022149695,0.64206309375,405.6940826618257,462.7559022149695,0.64206309375
188,945.8594799074764,1490.000614860244,0.42805515625,985.8383217056992,1490.000614860244,0.42805515625,1051.168524254229,1490.000614860244,0.42805515625,1071.0821700333954,1490.000614860244,0.42805515625,1053.3438760601111,1490.000614860244,0.42805515625
189,1594.307834372608,2106.866564313121,11.832819382659316,1652.0314292869457,2106.866564313121,11.832819382659316,1688.8742551893358,2106.866564313121,11.832819382659316,1705.9980303355364,2106.866564313121,11.832819382659316,1713.760004921995,2106.866564313121,11.832819382659316
190,273.3428251350491,884.9756950509382,0.0,256.3443145525124,884.9756950509382,0.0,245.13037272058835,884.9756950509382,0.0,255.1868861151349,884.9756950509382,0.0,269.1024819708334,884.9756950509382,0.0
191,3.695976695281863,1281.21943393623,0.0,7.85525055747549,1281.21943393623,0.0,5.874211656433824,1281.21943393623,0.0,3.316520484497549,1281.21943393623,0.0,1.6200804587009805,1281.21943393623,0.0
192,215.1401824610295,796.2505884581703,0.0,216.83799720925256,796.2505884581703,0.0,209.42435558302705,796.2505884581703,0.0,206.75099271317407,796.2505884581703,0.0,213.15297361593144,796.2505884581703,0.0
193,42.80775501678923,2973.851960936216,0.8561845625,42.20668964227942,2973.851960936216,0.8561845625,37.20023162634805,2973.851960936216,0.8561845625,36.11573235349266,2973.851960936216,0.8561845625,33.48233498872548,2973.851960936216,0.8561845625
194,48.24382717267158,3379.216253750897,0.64208359375,48.98998795220589,3379.216253750897,0.64208359375,42.46753067628676,3379.216253750897,0.64208359375,43.313657808272055,3379.216253750897,0.64208359375,46.48305367904411,3379.216253750897,0.64208359375
195,627.8386176744484,1205.964485834955,28.77951331066177,670.7618192792887,1205.964485834955,28.77951331066177,696.9670810446073,1205.964485834955,28.77951331066177,693.3779882441784,1205.964485834955,28.77951331066177,672.3234099258573,1205.964485834955,28.77951331066177
196,47.10242986948529,53.85124384449404,2.256675024509804,46.90612370986519,53.85124384449404,2.256675024509804,46.44052757990195,53.85124384449404,2.256675024509804,46.1242581235294,53.85124384449404,2.256675024509804,46.00093734571078,53.85124384449404,2.256675024509804
197,64.79917016617647,1118.8056862639714,0.4280465625,66.42411321182598,1118.8056862639714,0.4280465625,53.88555921617647,1118.8056862639714,0.4280465625,46.093305201102936,1118.8056862639714,0.4280465625,51.40024135496323,1118.8056862639714,0.4280465625
198,248.77325316256136,302.52315641753887,0.0,238.05317937585795,302.52315641753887,0.0,237.7745480650736,302.52315641753887,0.0,243.0972458488972,302.52315641753887,0.0,251.45562618400743,302.52315641753887,0.0
199,484.3539669378067,586.794613154684,0.0,479.6883549506131,586.794613154684,0.0,474.5233786456499,586.794613154684,0.0,471.3433627190567,586.794613154684,0.0,471.5196111650739,586.794613154684,0.0
200,744.53796157837,798.2020856504969,2.6084673261029407,747.5828810865808,798.2020856504969,2.6084673261029407,752.679911762561,798.2020856504969,2.6084673261029407,755.4688818908701,798.2020856504969,2.6084673261029407,752.9157673457721,798.2020856504969,2.6084673261029407
201,412.5126397195468,434.5398062170751,2.0041180899509805,414.8314766017771,434.5398062170751,2.0041180899509805,416.6794934284316,434.5398062170751,2.0041180899509805,416.9699005343752,434.5398062170751,2.0041180899509805,414.43030338186287,434.5398062170751,2.0041180899509805
202,612.5966242784312,647.221718883742,4.6444588308823525,622.2060207607844,647.221718883742,4.6444588308823525,625.2818715190563,647.221718883742,4.6444588308823525,626.3518973215072,647.221718883742,4.6444588308823525,624.8353629523284,647.221718883742,4.6444588308823525
203,800.5350813062499,817.5384346483784,0.0,797.0555815385417,817.5384346483784,0.0,796.8046364865196,817.5384346483784,0.0,798.5108006771445,817.5384346483784,0.0,801.4825576286152,817.5384346483784,0.0
204,658.1103295457721,870.4308058478207,0.8895730944240196,687.123766861887,870.4308058478207,0.8895730944240196,702.3672127958947,870.4308058478207,0.8895730944240196,702.3831636006742,870.4308058478207,0.8895730944240196,692.4855910145222,870.4308058478207,0.8895730944240196
205,1059.6203515877453,1083.6594086094435,2.354091640625,1062.470401556863,1083.6594086094435,2.354091640625,1063.221517332353,1083.6594086094435,2.354091640625,1061.7260103155638,1083.6594086094435,2.354091640625,1061.260210075858,1083.6594086094435,2.354091640625
206,654.3017424432595,660.9631486196272,1.498045640625,653.5044651037988,660.9631486196272,1.498045640625,653.2904624006737,660.9631486196272,1.498045640625,653.4373241123772,660.9631486196272,1.498045640625,654.7683504818625,660.9631486196272,1.498045640625
207,453.7934261291665,585.7402922279217,0.0,453.9787961291052,585.7402922279217,0.0,454.1759161599876,585.7402922279217,0.0,453.7473114033699,585.7402922279217,0.0,454.1046313305758,585.7402922279217,0.0
208,1493.445969219853,2466.731677095056,0.64165371875,1493.3192776390315,2466.731677095056,0.64165371875,1488.5668050268994,2466.731677095056,0.64165371875,1481.0280418702205,2466.731677095056,0.64165371875,1488.3630213421566,2466.731677095056,0.64165371875
209,128.16800595539212,3755.3610562530553,4.709309177144608,129.23241488155634,3755.3610562530553,4.709309177144608,151.87173765,3755.3610562530553,4.709309177144608,157.33414318259804,3755.3610562530553,4.709309177144608,150.04959128578437,3755.3610562530553,4.709309177144608
210,692.9049946662376,14276.26371280542,2.566608765625,688.609114737745,14276.26371280542,2.566608765625,715.0857650310049,14276.26371280542,2.566608765625,733.6885144105391,14276.26371280542,2.566608765625,786.4025580068011,14276.26371280542,2.566608765625
211,98.88500945618873,2527.4183171067825,1.2312613469362743,118.26945335912988,2527.4183171067825,1.2312613469362743,130.52140730606615,2527.4183171067825,1.2312613469362743,134.75057535061276,2527.4183171067825,1.2312613469362743,136.3652770670343,2527.4183171067825,1.2312613469362743
212,71.44959747279414,2974.3159722538044,4.113926701348039,72.06692212463237,2974.3159722538044,4.113926701348039,82.73473666832116,2974.3159722538044,4.113926701348039,91.7192022981006,2974.3159722538044,4.113926701348039,97.25055395404424,2974.3159722538044,4.113926701348039
213,3908.228038713849,21381.500412622187,12.77340389846814,3922.5321651365816,21381.500412622187,12.77340389846814,3912.093818190073,21381.500412622187,12.77340389846814,4108.70070174853,21381.500412622187,12.77340389846814,3943.829244467034,21381.500412622187,12.77340389846814
214,437.5753756394608,8822.474826271995,16.68340575,466.5776069652574,8822.474826271995,16.68340575,493.6886569528186,8822.474826271995,16.68340575,502.9618812447304,8822.474826271995,16.68340575,520.7996047609068,8822.474826271995,16.68340575
215,900.8808011511028,11933.16887197779,4.063444328125,762.0188889959559,11933.16887197779,4.063444328125,920.66191994375,11933.16887197779,4.063444328125,1017.1907181721202,11933.16887197779,4.063444328125,1052.0429503623775,11933.16887197779,4.063444328125
216,32.24687638462011,1264.756646186028,0.0,29.936958820833336,1264.756646186028,0.0,30.918838960110303,1264.756646186028,0.0,27.732740726838237,1264.756646186028,0.0,29.951261459497548,1264.756646186028,0.0
217,300.1992947914828,2091.3785750698603,0.855302796875,275.29616169859065,2091.3785750698603,0.855302796875,300.35267763118867,2091.3785750698603,0.855302796875,336.81769102101714,2091.3785750698603,0.855302796875,354.41394958602933,2091.3785750698603,0.855302796875
218,6187.866082858641,25011.071241420654,2.566128296875,5871.017635023959,25011.071241420654,2.566128296875,6187.061020481865,25011.071241420654,2.566128296875,6347.892977799819,25011.071241420654,2.566128296875,6474.678925413848,25011.071241420654,2.566128296875
219,745.4045248637872,12872.37119629927,18.68814062046569,726.1581388740199,12872.37119629927,18.68814062046569,753.5383479553312,12872.37119629927,18.68814062046569,758.8787192237135,12872.37119629927,18.68814062046569,733.0104285520223,12872.37119629927,18.68814062046569
220,131.86016163082107,1071.009162606356,1.06903765625,132.69862614901962,1071.009162606356,1.06903765625,133.68465813805147,1071.009162606356,1.06903765625,134.06698381911764,1071.009162606356,1.06903765625,131.43589454626226,1071.009162606356,1.06903765625
221,146.5340199860294,5241.752749336042,1.6181065693014705,153.46114147585783,5241.752749336042,1.6181065693014705,156.02837193578432,5241.752749336042,1.6181065693014705,153.21800602922795,5241.752749336042,1.6181065693014705,149.16508246948527,5241.752749336042,1.6181065693014705
222,27.477588899325983,2655.065626436598,0.0,30.361764929656857,2655.065626436598,0.0,30.931006189583325,2655.065626436598,0.0,31.825570104840683,2655.065626436598,0.0,39.10413338094365,2655.065626436598,0.0
223,41.58518944944852,5262.250443991198,1.697866603860294,51.10178169215687,5262.250443991198,1.697866603860294,41.603622300490194,5262.250443991198,1.697866603860294,48.88653096807597,5262.250443991198,1.697866603860294,58.08201296807599,5262.250443991198,1.697866603860294
224,8.24768914240196,4430.099027132218,0.8627119406249999,7.311987507352941,4430.099027132218,0.8627119406249999,6.164120360539216,4430.099027132218,0.8627119406249999,5.0792007253063725,4430.099027132218,0.8627119406249999,6.250508243137255,4430.099027132218,0.8627119406249999
225,4.46130570680147,5435.613728726661,0.0,8.557890763848038,5435.613728726661,0.0,8.936002733517157,5435.613728726661,0.0,10.45106080557598,5435.613728726661,0.0,8.831219115870098,5435.613728726661,0.0
226,315.5244536071077,6511.370836243207,18.536124200245094,308.3140128004902,6511.370836243207,18.536124200245094,345.6597807897057,6511.370836243207,18.536124200245094,378.85110093210767,6511.370836243207,18.536124200245094,397.3754201972425,6511.370836243207,18.536124200245094
227,10.286682162683825,2832.996936598748,0.0,9.584914655208332,2832.996936598748,0.0,9.490996247181371,2832.996936598748,0.0,9.838951021997548,2832.996936598748,0.0,10.331951361580884,2832.996936598748,0.0
228,0.0729378840073529,6639.682938973166,0.0,0.0729378840073529,6639.682938973166,0.0,0.0729378840073529,6639.682938973166,0.0,0.0729378840073529,6639.682938973166,0.0,0.0729378840073529,6639.682938973166,0.0
229,3.432362200980392,3657.128851441637,0.0,3.432362200980392,3657.128851441637,0.0,3.004782325980392,3657.128851441637,0.0,3.1464588772671567,3657.128851441637,0.0,4.238036325061275,3657.128851441637,0.0
230,89.58510186697302,93.39694605494812,1.711344859375,89.56161261378674,93.39694605494812,1.711344859375,89.63459651648282,93.39694605494812,1.711344859375,89.63291872395831,93.39694605494812,1.711344859375,89.63207982077203,93.39694605494812,1.711344859375
231,42.703727041973,44.164225828194304,0.0,42.48812373615193,44.164225828194304,0.0,42.48812373615193,44.164225828194304,0.0,42.62570702414212,44.164225828194304,0.0,42.76329031213233,44.164225828194304,0.0
232,130.4341829129902,266.4464316358873,0.0,136.48889827444853,266.4464316358873,0.0,142.47394807156863,266.4464316358873,0.0,149.64478812867648,266.4464316358873,0.0,139.0425222253064,266.4464316358873,0.0
233,44.686579059803925,2474.2620625267696,0.0067075240196078,46.17817931262256,2474.2620625267696,0.0067075240196078,47.47018846740197,2474.2620625267696,0.0067075240196078,52.00037033725491,2474.2620625267696,0.0067075240196078,48.50650353125,2474.2620625267696,0.0067075240196078
234,44.283109403125,11812.587393965636,2.5658249375,44.6805832716299,11812.587393965636,2.5658249375,40.182070977144605,11812.587393965636,2.5658249375,47.85928265373774,11812.587393965636,2.5658249375,52.72420814852941,11812.587393965636,2.5658249375
235,61.01345056335785,1037.410985634035,0.4219409700367647,60.50932008112744,1037.410985634035,0.4219409700367647,60.845692748590686,1037.410985634035,0.4219409700367647,58.89871389356618,1037.410985634035,0.4219409700367647,57.95329738419118,1037.410985634035,0.4219409700367647
236,12.38678336654412,1570.981737476925,4.4762243194852935,10.860034032843137,1570.981737476925,4.4762243194852935,11.708986789950982,1570.981737476925,4.4762243194852935,14.66852385147059,1570.981737476925,4.4762243194852935,17.719507284068627,1570.981737476925,4.4762243194852935
237,175.60068886176478,178.7037552757132,1.069609265625,175.26260806262263,178.7037552757132,1.069609265625,175.26260806262263,178.7037552757132,1.069609265625,175.31629842732852,178.7037552757132,1.069609265625,175.5520321855393,178.7037552757132,1.069609265625
238,576.728580459743,690.1211782383149,0.0,605.5898464759192,690.1211782383149,0.0,627.9412495465687,690.1211782383149,0.0,635.9874891797182,690.1211782383149,0.0,631.3287614279411,690.1211782383149,0.0
239,80.02740315667891,82.05232397962219,0.0,80.02740315667891,82.05232397962219,0.0,79.82606502432597,82.05232397962219,0.0,79.6406659879289,82.05232397962219,0.0,79.82606502432597,82.05232397962219,0.0
240,290.79944942346793,291.8694560498009,0.0,290.79944942346793,291.8694560498009,0.0,290.79944942346793,291.8694560498009,0.0,290.79944942346793,291.8694560498009,0.0,290.79944942346793,291.8694560498009,0.0
241,37.47999105300244,3797.198879730984,0.428061546875,36.26803500729166,3797.198879730984,0.428061546875,31.07973938125,3797.198879730984,0.428061546875,22.492801562377448,3797.198879730984,0.428061546875,21.50506829001225,3797.198879730984,0.428061546875
242,635.4565428304539,803.5472291907216,1.0696238125,635.028704971079,803.5472291907216,1.0696238125,634.5018701680765,803.5472291907216,1.0696238125,635.8055200053926,803.5472291907216,1.0696238125,638.1384895587015,803.5472291907216,1.0696238125
243,411.6927944328431,1673.5123431114484,2.354134984375,404.2057295238969,1673.5123431114484,2.354134984375,400.4508551422793,1673.5123431114484,2.354134984375,396.115207788174,1673.5123431114484,2.354134984375,414.006716350674,1673.5123431114484,2.354134984375
244,1157.0648707691173,1242.3286370058852,1.069986765625,1150.8742121827815,1242.3286370058852,1.069986765625,1153.1064088767766,1242.3286370058852,1.069986765625,1152.5551675151346,1242.3286370058852,1.069986765625,1163.1003779905634,1242.3286370058852,1.069986765625
245,212.10958564589467,683.8292682914094,0.0,206.98128410612756,683.8292682914094,0.0,224.5472053204657,683.8292682914094,0.0,206.26202453645843,683.8292682914094,0.0,227.98699478125008,683.8292682914094,0.0
246,777.7486643463847,1739.7352178597057,0.4280135,758.5656394085787,1739.7352178597057,0.4280135,768.6150323237131,1739.7352178597057,0.4280135,755.5956949026962,1739.7352178597057,0.4280135,776.9608242034925,1739.7352178597057,0.4280135
247,20.559223899816185,7950.389025933362,5.457325632904412,27.21325840428922,7950.389025933362,5.457325632904412,19.055000298406867,7950.389025933362,5.457325632904412,13.914423942034317,7950.389025933362,5.457325632904412,14.084902197242648,7950.389025933362,5.457325632904412
248,16.87016701060049,1622.451552331449,6.092360244546568,23.494659802512256,1622.451552331449,6.092360244546568,16.947384340563723,1622.451552331449,6.092360244546568,12.87124736427696,1622.451552331449,6.092360244546568,13.613237180943624,1622.451552331449,6.092360244546568
249,12.89397428492647,895.6657411232878,2.354502921875,20.86490620453432,895.6657411232878,2.354502921875,14.77256213492647,895.6657411232878,2.354502921875,6.933436707230393,895.6657411232878,2.354502921875,5.874109906862745,895.6657411232878,2.354502921875
250,17.79442499240196,997.8982065131214,7.705273796875,19.852525420159317,997.8982065131214,7.705273796875,17.495609100551466,997.8982065131214,7.705273796875,14.332052186764702,997.8982065131214,7.705273796875,16.07707112990196,997.8982065131214,7.705273796875
251,1762.038154420773,7138.392644508775,0.0369153071078431,1745.490941379168,7138.392644508775,0.0369153071078431,1750.644760820712,7138.392644508775,0.0369153071078431,1741.0516356717535,7138.392644508775,0.0369153071078431,1760.3890836824155,7138.392644508775,0.0369153071078431
252,276.04273442267174,3230.13510334956,3.20980978125,276.2571799990812,3230.13510334956,3.20980978125,271.6175567643384,3230.13510334956,3.20980978125,263.1347236180147,3230.13510334956,3.20980978125,277.1771980968751,3230.13510334956,3.20980978125
253,139.0562789216912,2859.361725985986,2.255102970894608,144.86838462941176,2859.361725985986,2.255102970894608,141.23684065827206,2859.361725985986,2.255102970894608,120.41575538265931,2859.361725985986,2.255102970894608,124.9218161320466,2859.361725985986,2.255102970894608
254,1522.0773789373154,1682.267943268781,74.88366756317403,1526.0688365870706,1682.267943268781,74.88366756317403,1530.3345540096807,1682.267943268781,74.88366756317403,1523.1954814548396,1682.267943268781,74.88366756317403,1530.8490133862736,1682.267943268781,74.88366756317403
255,1113.3296706227943,1361.4828031608508,0.8560028125,1096.8522149352946,1361.4828031608508,0.8560028125,1104.9729708544123,1361.4828031608508,0.8560028125,1079.173942132844,1361.4828031608508,0.8560028125,1093.7254040547186,1361.4828031608508,0.8560028125
256,22.29260082800244,1117.6519285176369,0.64196165625,18.935864978186267,1117.6519285176369,0.64196165625,20.176144538051467,1117.6519285176369,0.64196165625,23.042746120710778,1117.6519285176369,0.64196165625,23.8290613401348,1117.6519285176369,0.64196165625
257,45.096354776715685,396.4612891039085,0.64194515625,51.89085713792892,396.4612891039085,0.64194515625,45.118166463296575,396.4612891039085,0.64194515625,42.07461035183824,396.4612891039085,0.64194515625,47.76404475643383,396.4612891039085,0.64194515625
258,11.657466805269609,289.73013195271744,0.855931625,12.272558476041665,289.73013195271744,0.855931625,10.198176677022062,289.73013195271744,0.855931625,12.970746453615195,289.73013195271744,0.855931625,15.652671551899507,289.73013195271744,0.855931625
259,1889.6711723778176,5037.1363631685,12.724636044730392,1881.6812398437487,5037.1363631685,12.724636044730392,1847.9091303229768,5037.1363631685,12.724636044730392,1797.736658127266,5037.1363631685,12.724636044730392,1878.726009554472,5037.1363631685,12.724636044730392
260,522.4021330238971,619.4431470109035,6.766330135845589,507.5420078401349,619.4431470109035,6.766330135845589,491.9208228411153,619.4431470109035,6.766330135845589,491.75132808890936,619.4431470109035,6.766330135845589,528.2286711357843,619.4431470109035,6.766330135845589
261,523.9100927062499,9646.039123346807,12.409307875,488.1450602348651,9646.039123346807,12.409307875,482.8227985633577,9646.039123346807,12.409307875,473.7227538839458,9646.039123346807,12.409307875,537.529406653799,9646.039123346807,12.409307875
262,3641.356106645403,4484.905540005218,1.425513347487745,3654.111094364092,4484.905540005218,1.425513347487745,3661.911584544667,4484.905540005218,1.425513347487745,3669.925135817707,4484.905540005218,1.425513347487745,3813.986201192095,4484.905540005218,1.425513347487745
263,35.14637659375,498.5944722645755,1.925399765625,33.90810221501225,498.5944722645755,1.925399765625,34.474393992156855,498.5944722645755,1.925399765625,34.408103423651966,498.5944722645755,1.925399765625,42.9050583283701,498.5944722645755,1.925399765625
264,314.1630808795344,2274.6443463421874,3.208861640625,309.2570577938726,2274.6443463421874,3.208861640625,292.39920633180145,2274.6443463421874,3.208861640625,278.2216231721814,2274.6443463421874,3.208861640625,318.6397106487132,2274.6443463421874,3.208861640625
265,77.35936283106618,9656.946751184496,4.199880978247548,72.18718550735294,9656.946751184496,4.199880978247548,71.25772259044116,9656.946751184496,4.199880978247548,76.69150433057597,9656.946751184496,4.199880978247548,122.27090518860292,9656.946751184496,4.199880978247548
266,615.2924819063111,11215.668219287129,2.923877427144608,588.5888770444852,11215.668219287129,2.923877427144608,606.8719021572916,11215.668219287129,2.923877427144608,619.1306159236517,11215.668219287129,2.923877427144608,645.1070365490805,11215.668219287129,2.923877427144608
267,74.09686339797794,2823.663420542008,2.567326390625,72.9115608064951,2823.663420542008,2.567326390625,72.10961318860295,2823.663420542008,2.567326390625,73.37472249025737,2823.663420542008,2.567326390625,85.18897076286767,2823.663420542008,2.567326390625
268,887.1275006264709,1990.5467890162256,1.069780515625,893.4731848746327,1990.5467890162256,1.069780515625,890.464347670466,1990.5467890162256,1.069780515625,883.1949232125617,1990.5467890162256,1.069780515625,881.3280651653803,1990.5467890162256,1.069780515625
269,7.613891127941177,741.4302663954786,1.568920557230392,6.535779169178921,741.4302663954786,1.568920557230392,6.978766526041667,741.4302663954786,1.568920557230392,8.305212940992648,741.4302663954786,1.568920557230392,10.52267830759804,741.4302663954786,1.568920557230392
270,165.74090104068625,250.664805839965,27.172089015625,157.13324557928917,250.664805839965,27.172089015625,149.41077818210783,250.664805839965,27.172089015625,143.97468766985295,250.664805839965,27.172089015625,167.18571757175243,250.664805839965,27.172089015625
271,680.8406021663602,9062.258341819266,0.0,680.3409999857229,9062.258341819266,0.0,679.5377608805759,9062.258341819266,0.0,700.9243724342526,9062.258341819266,0.0,834.0756866681375,9062.258341819266,0.0
272,227.75382773737755,10008.956764547956,1.925041390625,231.8852671003678,10008.956764547956,1.925041390625,225.78840835612755,10008.956764547956,1.925041390625,241.7868435933825,10008.956764547956,1.925041390625,309.3429815170342,10008.956764547956,1.925041390625
273,328.7762813824758,348.670823692472,0.0,330.6683573077821,348.670823692472,0.0,327.45897304957134,348.670823692472,0.0,324.2738986941178,348.670823692472,0.0,324.10020147959585,348.670823692472,0.0
274,833.0923568663603,914.793683273244,0.0,835.817653399755,914.793683273244,0.0,828.954098836091,914.793683273244,0.0,821.8824405218752,914.793683273244,0.0,820.3444527196694,914.793683273244,0.0
275,970.9340431997548,1039.8461881556789,3.85112046875,965.4920234692404,1039.8461881556789,3.85112046875,966.7379766045344,1039.8461881556789,3.85112046875,960.8890828482846,1039.8461881556789,3.85112046875,977.235928702206,1039.8461881556789,3.85112046875
276,1074.1410455166056,1346.1318084278687,9.41425653125,1055.1998353669733,1346.1318084278687,9.41425653125,1035.3917428640932,1346.1318084278687,9.41425653125,1012.8141040938729,1346.1318084278687,9.41425653125,1097.155955473897,1346.1318084278687,9.41425653125
277,430.5071128965685,540.5724925627173,7.254964203921569,422.2469588310661,540.5724925627173,7.254964203921569,415.0473632100488,540.5724925627173,7.254964203921569,404.2886184102328,540.5724925627173,7.254964203921569,438.6556740283087,540.5724925627173,7.254964203921569
278,6707.196176141362,13808.06715954526,5.7501187473039215,6770.2788822042285,13808.06715954526,5.7501187473039215,6762.384297482232,13808.06715954526,5.7501187473039215,6749.492888768688,13808.06715954526,5.7501187473039215,7354.893532465075,13808.06715954526,5.7501187473039215
279,708.1712365162376,777.5187262392186,8.129865421875,710.8526189802695,777.5187262392186,8.129865421875,709.09744789712,777.5187262392186,8.129865421875,699.0791005825369,777.5187262392186,8.129865421875,723.6866781737131,777.5187262392186,8.129865421875
280,328.5044488601716,424.391848398878,6.069384059803922,326.6846433965074,424.391848398878,6.069384059803922,306.4445920441788,424.391848398878,6.069384059803922,281.1788974938111,424.391848398878,6.069384059803922,333.929307879473,424.391848398878,6.069384059803922
281,89.9049494003677,1007.5044706120066,0.64192290625,99.28377791868876,1007.5044706120066,0.64192290625,87.07374999865198,1007.5044706120066,0.64192290625,83.22553221832112,1007.5044706120066,0.64192290625,129.69087255153187,1007.5044706120066,0.64192290625
282,54.6437445707108,741.8891035233489,2.353738859375,54.8577265082108,741.8891035233489,2.353738859375,52.28244460502452,741.8891035233489,2.353738859375,53.195404820894616,741.8891035233489,2.353738859375,54.40292610790442,741.8891035233489,2.353738859375
283,54.465791315808815,1974.69971924461,1.497605265625,53.87178759368873,1974.69971924461,1.497605265625,60.786757538664205,1974.69971924461,1.497605265625,63.14180684620098,1974.69971924461,1.497605265625,68.51468384411766,1974.69971924461,1.497605265625
284,128.11530865386035,288.9857591869076,0.0,114.53350104650738,288.9857591869076,0.0,114.83974737647064,288.9857591869076,0.0,110.605855472304,288.9857591869076,0.0,121.3063423756128,288.9857591869076,0.0
285,108.26919269160538,13448.57767586015,7.062063140625,111.33845723786766,13448.57767586015,7.062063140625,124.2147459348039,13448.57767586015,7.062063140625,169.5473435591299,13448.57767586015,7.062063140625,268.7153412448529,13448.57767586015,7.062063140625
286,345.3111093170956,10718.297157229805,5.917045599754902,370.53868156887256,10718.297157229805,5.917045599754902,385.9620524498775,10718.297157229805,5.917045599754902,395.52659344914224,10718.297157229805,5.917045599754902,406.4998700101103,10718.297157229805,5.917045599754902
287,29.48875569540441,7219.086707552678,17.994563622977942,29.956913734375,7219.086707552678,17.994563622977942,28.458953703125,7219.086707552678,17.994563622977942,31.02675703125,7219.086707552678,17.994563622977942,43.865545359375,7219.086707552678,17.994563622977942
288,531.3400860852942,27179.884683969314,15.4782151189951,480.0465853474878,27179.884683969314,15.4782151189951,530.1775943601103,27179.884683969314,15.4782151189951,546.4432670263482,27179.884683969314,15.4782151189951,615.8993001034314,27179.884683969314,15.4782151189951
289,1995.4413146121944,71156.30825814145,22.586965152083334,1983.5647798227951,71156.30825814145,22.586965152083334,1838.6058548006736,71156.30825814145,22.586965152083334,1688.1176973083332,71156.30825814145,22.586965152083334,1833.096464687623,71156.30825814145,22.586965152083334
290,752.062509645098,19168.222934030186,21.67123946305147,798.0496149258578,19168.222934030186,21.67123946305147,808.9498657042892,19168.222934030186,21.67123946305147,816.632244097978,19168.222934030186,21.67123946305147,1066.9293425367648,19168.222934030186,21.67123946305147
291,212.4883495484069,9748.004478199846,5.158838750674019,199.2065925125613,9748.004478199846,5.158838750674019,188.82523170496324,9748.004478199846,5.158838750674019,187.96940709558825,9748.004478199846,5.158838750674019,215.35308477310053,9748.004478199846,5.158838750674019
292,1325.4529229247544,1502.5917773961326,4.060776874632353,1299.9918087275732,1502.5917773961326,4.060776874632353,1296.255031797181,1502.5917773961326,4.060776874632353,1283.7128019028182,1502.5917773961326,4.060776874632353,1315.1401290159306,1502.5917773961326,4.060776874632353
293,1977.6348687096815,49558.80025253657,58.95098826072304,1812.0690010901965,49558.80025253657,58.95098826072304,1757.0738151598655,49558.80025253657,58.95098826072304,1977.1022235886644,49558.80025253657,58.95098826072304,2243.5358320488967,49558.80025253657,58.95098826072304
294,74.81435234117647,16408.1151890146,0.0,79.91795977150736,16408.1151890146,0.0,93.17887180863973,16408.1151890146,0.0,89.10090380931372,16408.1151890146,0.0,106.08829901390928,16408.1151890146,0.0
295,713.8161530079657,17737.783878607177,2.9940243125,798.9137471891544,17737.783878607177,2.9940243125,744.1873801802084,17737.783878607177,2.9940243125,755.4077384332107,17737.783878607177,2.9940243125,766.6039618914216,17737.783878607177,2.9940243125
296,14.339619952328428,1895.484010212053,18.822040296875,16.03979567175245,1895.484010212053,18.822040296875,16.51033120196078,1895.484010212053,18.822040296875,16.555622237193628,1895.484010212053,18.822040296875,18.86057316066177,1895.484010212053,18.822040296875
297,2.0580524461397056,2383.85705913606,2.567246390625,2.0312060264705885,2383.85705913606,2.567246390625,1.3784673036764703,2383.85705913606,2.567246390625,0.6401542773897059,2383.85705913606,2.567246390625,1.7358734840073529,2383.85705913606,2.567246390625
298,756.676284257353,2406.9147757992,0.0,748.8754027981618,2406.9147757992,0.0,744.2948681348039,2406.9147757992,0.0,737.1072620783088,2406.9147757992,0.0,735.6102614340074,2406.9147757992,0.0
299,58.44268566476715,2210.9224002055657,5.990603875,57.77648463860292,2210.9224002055657,5.990603875,56.84931810759802,2210.9224002055657,5.990603875,50.7806509107843,2210.9224002055657,5.990603875,55.67629661053921,2210.9224002055657,5.990603875
300,1296.9709719838231,1450.4689869324243,0.64196165625,1300.348624222916,1450.4689869324243,0.64196165625,1299.5841157580874,1450.4689869324243,0.64196165625,1284.2222350792272,1450.4689869324243,0.64196165625,1301.5578163153791,1450.4689869324243,0.64196165625
301,327.5041548050244,520.5820033787703,0.0,324.817618579044,520.5820033787703,0.0,322.835007244669,520.5820033787703,0.0,323.0355210409925,520.5820033787703,0.0,322.13859669044103,520.5820033787703,0.0
302,393.6933770488359,418.4975434307534,0.0,394.7640463799634,418.4975434307534,0.0,393.9241319550247,418.4975434307534,0.0,389.8587779081496,418.4975434307534,0.0,389.85206541893393,418.4975434307534,0.0
303,546.7613590840078,598.9140414395789,0.0,552.0150537067407,598.9140414395789,0.0,549.9617734777579,598.9140414395789,0.0,549.6479395532481,598.9140414395789,0.0,549.4037517143388,598.9140414395789,0.0
304,1670.2182598472425,37270.31251876152,5.560287328125,1760.5002460221197,37270.31251876152,5.560287328125,2172.755113828798,37270.31251876152,5.560287328125,2552.012464250614,37270.31251876152,5.560287328125,2660.311488763909,37270.31251876152,5.560287328125
305,366.8586929674016,750.1140742319201,0.0,365.4284738833944,750.1140742319201,0.0,361.2402115523894,750.1140742319201,0.0,356.82466773633547,750.1140742319201,0.0,356.89015021715653,750.1140742319201,0.0
306,199.78950514362745,7658.572049895578,10.27387121875,244.5657573002452,7658.572049895578,10.27387121875,236.3142092925245,7658.572049895578,10.27387121875,228.05346025055147,7658.572049895578,10.27387121875,207.9259238219976,7658.572049895578,10.27387121875
307,109.8010382295956,111.07002508225992,0.0,110.01498657334558,111.07002508225992,0.0,110.6568319327206,111.07002508225992,0.0,110.6568319327206,111.07002508225992,0.0,110.0149866827206,111.07002508225992,0.0
308,633.3047313514701,2876.6599175835468,0.0,746.339656398897,2876.6599175835468,0.0,733.65276382598,2876.6599175835468,0.0,775.2658448851712,2876.6599175835468,0.0,736.5371089357227,2876.6599175835468,0.0
309,135.71263246348042,886.9955817734187,0.0,179.97794843210784,886.9955817734187,0.0,197.2192243401961,886.9955817734187,0.0,217.74058156587003,886.9955817734187,0.0,171.2449860291054,886.9955817734187,0.0
310,139.6620603958946,1340.6313246499587,0.0,144.1576365754289,1340.6313246499587,0.0,146.3680887397671,1340.6313246499587,0.0,146.30694718627447,1340.6313246499587,0.0,143.77606217726714,1340.6313246499587,0.0
311,1.7121025,182.7667275510277,0.0,4.280255734375,182.7667275510277,0.0,3.424202265625,182.7667275510277,0.0,4.494266046875,182.7667275510277,0.0,5.5643264375,182.7667275510277,0.0
312,7.243395535110291,362.4357610834453,0.0,7.892961689522059,362.4357610834453,0.0,7.599228151225491,362.4357610834453,0.0,7.673080864031863,362.4357610834453,0.0,6.494794727818627,362.4357610834453,0.0
313,392.2743231909927,634.9184074344793,5.77766140625,407.82043819785537,634.9184074344793,5.77766140625,417.357395405147,634.9184074344793,5.77766140625,426.9783098563724,634.9184074344793,5.77766140625,400.1900321602328,634.9184074344793,5.77766140625
314,74.51597817389707,5633.372679300372,4.4945639375,89.98086137696079,5633.372679300372,4.4945639375,89.72473304767156,5633.372679300372,4.4945639375,92.36270098670346,5633.372679300372,4.4945639375,94.72733966170344,5633.372679300372,4.4945639375
315,1395.96928275282,6178.457645859307,27.83097315625,1597.0371632509818,6178.457645859307,27.83097315625,1719.373433203065,6178.457645859307,27.83097315625,1755.3036266427712,6178.457645859307,27.83097315625,1695.1660181919128,6178.457645859307,27.83097315625
316,118.03692058878676,2340.998222652413,0.0,154.41010105686277,2340.998222652413,0.0,177.6620311703431,2340.998222652413,0.0,199.337040142402,2340.998222652413,0.0,195.44339804430143,2340.998222652413,0.0
317,373.4230071879903,4374.134895328437,1.712527390625,374.05134995949766,4374.134895328437,1.712527390625,376.5194568241422,4374.134895328437,1.712527390625,409.91277289742646,4374.134895328437,1.712527390625,438.0247852570466,4374.134895328437,1.712527390625
318,3270.368430520772,5078.409838322271,10.125652842769608,3332.350194540073,5078.409838322271,10.125652842769608,3363.572367520772,5078.409838322271,10.125652842769608,3348.183517929106,5078.409838322271,10.125652842769608,3803.784347729596,5078.409838322271,10.125652842769608
319,1190.0112246181352,8009.512314444156,0.0,1172.751193097179,8009.512314444156,0.0,1245.1194817135388,8009.512314444156,0.0,1301.8876776810637,8009.512314444156,0.0,1619.92431968529,8009.512314444156,0.0
320,629.7516193808209,3325.450405948524,1.497791609375,668.4912608500613,3325.450405948524,1.497791609375,650.1909234531861,3325.450405948524,1.497791609375,616.8443866424017,3325.450405948524,1.497791609375,655.2121643915438,3325.450405948524,1.497791609375
321,129.5680756715073,391.4007922169925,5.885555066850491,134.5072588765931,391.4007922169925,5.885555066850491,134.59041283829654,391.4007922169925,5.885555066850491,132.59105954044114,391.4007922169925,5.885555066850491,127.54862892726712,391.4007922169925,5.885555066850491
322,571.8931413837622,689.9731979667295,0.0,587.9943444977328,689.9731979667295,0.0,595.984953648652,689.9731979667295,0.0,600.4029081756739,689.9731979667295,0.0,602.4771729050858,689.9731979667295,0.0
323,339.56630982561273,345.7152547715084,0.427809015625,339.5377895994485,345.7152547715084,0.427809015625,338.4196086061887,345.7152547715084,0.427809015625,337.41550911023285,345.7152547715084,0.427809015625,336.2050528615809,345.7152547715084,0.427809015625
324,118.51216779283092,120.53788994837696,0.85563096875,118.4861632623775,120.53788994837696,0.85563096875,118.17243563112748,120.53788994837696,0.85563096875,118.3863419123775,120.53788994837696,0.85563096875,118.0919063664216,120.53788994837696,0.85563096875
325,368.81500309381136,2926.2227181915387,1.7436259575980393,379.1645368840074,2926.2227181915387,1.7436259575980393,360.2140577121324,2926.2227181915387,1.7436259575980393,373.5553180405637,2926.2227181915387,1.7436259575980393,341.20404509013474,2926.2227181915387,1.7436259575980393
326,731.7099238335783,750.3893179041447,4.9201115625,729.7670684502449,750.3893179041447,4.9201115625,729.7746225984067,750.3893179041447,4.9201115625,729.5749664006738,750.3893179041447,4.9201115625,731.090837293137,750.3893179041447,4.9201115625
327,108.08536536629906,112.08420621164336,0.0,107.78838097585788,112.08420621164336,0.0,107.6524732472427,112.08420621164336,0.0,107.61555950055153,112.08420621164336,0.0,108.218756604902,112.08420621164336,0.0
328,1138.1188697011642,1529.330092010229,0.0,1244.5060665837627,1529.330092010229,0.0,1304.6397368743883,1529.330092010229,0.0,1382.6457723108465,1529.330092010229,0.0,1310.2507520535544,1529.330092010229,0.0
329,616.4036588572918,900.1215067200786,0.0,651.8880765840075,900.1215067200786,0.0,677.7496478789217,900.1215067200786,0.0,691.4084502052083,900.1215067200786,0.0,689.0761388340686,900.1215067200786,0.0
330,1487.2539253681366,2604.3126662632208,5.991991703125,1544.4425214861517,2604.3126662632208,5.991991703125,1554.233979951348,2604.3126662632208,5.991991703125,1507.6352849714456,2604.3126662632208,5.991991703125,1418.0606030007964,2604.3126662632208,5.991991703125
331,485.0434954266543,698.9436390039202,4.279745,503.395425040441,698.9436390039202,4.279745,511.5606213379901,698.9436390039202,4.279745,506.58844853707103,698.9436390039202,4.279745,489.9139113504901,698.9436390039202,4.279745
332,1248.2554134858458,1345.6890903637927,0.0864358833333333,1268.5776991400735,1345.6890903637927,0.0864358833333333,1280.3123893963234,1345.6890903637927,0.0864358833333333,1282.0671705192403,1345.6890903637927,0.0864358833333333,1279.918826153738,1345.6890903637927,0.0864358833333333
333,1694.7788342933832,1886.7038351196245,0.4279475,1700.9790257110917,1886.7038351196245,0.4279475,1699.5363800275134,1886.7038351196245,0.4279475,1697.9707496914225,1886.7038351196245,0.4279475,1707.0736355137265,1886.7038351196245,0.4279475
334,1769.5893816484672,2396.771966582727,0.855928625,1748.3408513590066,2396.771966582727,0.855928625,1792.125731258455,2396.771966582727,0.855928625,1822.1876743757343,2396.771966582727,0.855928625,1873.5816341661764,2396.771966582727,0.855928625
335,1629.2856413314958,6495.908802684149,75.11483412542891,1706.8018050037997,6495.908802684149,75.11483412542891,1786.273652584866,6495.908802684149,75.11483412542891,1788.7081228615816,6495.908802684149,75.11483412542891,1722.5107670408097,6495.908802684149,75.11483412542891
336,598.6856676340074,2088.4602389514835,29.128207338909316,641.4475993081496,2088.4602389514835,29.128207338909316,664.5477622608461,2088.4602389514835,29.128207338909316,682.5845496558826,2088.4602389514835,29.128207338909316,665.5152746862136,2088.4602389514835,29.128207338909316
337,442.5995461664215,2497.4135229593016,15.898891189460784,533.2606803722425,2497.4135229593016,15.898891189460784,601.7933123953429,2497.4135229593016,15.898891189460784,619.7459852422793,2497.4135229593016,15.898891189460784,591.6201815237744,2497.4135229593016,15.898891189460784
338,1070.8165960927695,4463.452038293921,1.498681859375,1055.839613231372,4463.452038293921,1.498681859375,1035.0156223609677,4463.452038293921,1.498681859375,1011.7390786539828,4463.452038293921,1.498681859375,1000.6241761143996,4463.452038293921,1.498681859375
