id,gisa2012,gisa2013,gisa2014,gisa2015,gisa2016,gisa2017,gisa2018,gisa2019
0,0.046583683227539,0.048278056274414,0.0491251099243164,0.0491251099243164,0.0491251099243164,0.0533610159301757,0.0592902349243164,0.0626780941162109
1,0.0,0.0,0.0,0.0,0.0,0.0,0.0,0.0
2,0.0,0.0,0.0,0.0,0.0,0.0,0.0,0.0
3,0.0,0.0,0.0,0.0,0.0,0.0,0.0,0.0
4,0.0,0.0,0.0,0.0,0.0,0.0,0.0025516450195312,0.0025516450195312
5,0.0059525177612304,0.0416673559570312,0.0612212738037109,0.0740031377082376,0.0816561471686868,0.090155675366929,0.1146862881979549,0.1240400408835018
6,0.0,0.0,0.0,0.0,0.0,0.0,0.0,0.0
7,0.0,0.0,0.0,0.0,0.0,0.0,0.0,0.0
8,1.00333699727855,1.0220369839118508,1.0220369839118508,1.0220369839118508,1.0228869369758158,1.0606396957148534,1.1079353866883526,1.1360790590810743
9,0.1669559051513671,0.1686508988037109,0.1686508988037109,0.1686508988037109,0.1686508988037109,0.1711933627929687,0.1788208063964843,0.1830582667236328
10,0.0,0.0,0.0,0.0,0.0,0.0,0.0,0.0
11,0.0797612257690429,0.0823075495605468,0.0823075495605468,0.0823075495605468,0.0823075495605468,0.094190753540039,0.1009800595092773,0.1052228124389648
12,0.0187681085815429,0.0290058099975585,0.0349778595581054,0.0392434606323242,0.0392434606323242,0.0443620592041015,0.0571587618408203,0.0588649630126953
13,0.0093166564331054,0.0101637565917968,0.0101637565917968,0.0127050543823242,0.0127050543823242,0.0194811782226562,0.0313369298706054,0.0330306718139648
14,0.0,0.0,0.0,0.0,0.0,0.0,0.0,0.0
15,0.1430946962679993,0.1743607150857364,0.1867950621462354,0.1982749823807061,0.2159661446406345,0.24327226201124,0.3059730352419386,0.3119454795778761
16,0.0,0.0,0.0,0.0,0.0,0.0,0.0,0.0
17,0.0025614121704101,0.0042690231323242,0.0042690231323242,0.0042690231323242,0.0042690231323242,0.0042690231323242,0.0042690231323242,0.0042690231323242
18,12.249118018371584,12.995871659484862,12.998425924316406,13.3994974163208,13.41908057788086,15.289001338745118,16.69820326098633,18.14059038208008
19,0.005964150817871,0.005964150817871,0.005964150817871,0.005964150817871,0.005964150817871,0.00681588671875,0.007667623840332,0.0102228365478515
20,0.0,0.0,0.0,0.0,0.0,0.0,0.0,0.0
21,0.9006173660240023,0.920215924495682,0.932146834224686,0.9389650254478304,0.9457832227744906,0.9508975300865024,0.965386259639725,0.985843459651932
22,2.994591733192594,3.054332338106522,3.1101963481162875,3.136435272493729,3.1525176991905064,3.255785883943924,3.3548193542808384,3.4311866553205905
23,1.865580686950684,3.829183100830078,3.9442872856445312,3.957928662719727,3.975834254821777,3.99032909552002,4.025288674865723,4.057688443054199
24,0.0,0.0,0.0,0.0,0.0,0.0008521517333984375,0.0008521517333984375,0.0017042971801757
25,0.0008551142578125,0.0008551142578125,0.0008551142578125,0.0008551142578125,0.0008551142578125,0.0008551142578125,0.001710228515625,0.001710228515625
26,0.9210889599815218,1.0375008780110675,1.0978293879655427,1.1477392121718464,1.1827344724257525,1.242480583936983,1.4114774000380572,1.55230695570212
27,0.6549026594848633,0.6814426259765625,0.6908589928588867,0.7071258121948242,0.716543660522461,0.7696264750366211,0.9725434912719728,1.14034869732666
28,0.0462207769165039,0.0462207769165039,0.0462207769165039,0.0462207769165039,0.0462207769165039,0.0462207769165039,0.0564101857618144,0.0589794248365215
29,0.0093959379882812,0.0102500774536132,0.0102500774536132,0.0111041763916015,0.0119582741088867,0.0538100986938476,0.0999299882202148,0.1195752899780273
30,0.0008552572021484375,0.0017105131835937,0.0017105131835937,0.0017105131835937,0.0017105131835937,0.0034210263671875,0.0076971029052734,0.0076971029052734
31,19.64676726556445,19.934925190828217,20.126677082166008,20.27720429720124,20.45696330529451,20.886631470113137,22.000041098763525,23.397296475819783
32,0.0,0.0,0.0,0.0,0.0,0.0,0.0,0.0
33,3.408077280029298,3.423402986816407,3.441284008666993,3.4557562412719736,3.4761882022094737,3.520463139831544,3.637955612060548,3.844848198181153
34,0.0,0.0,0.0,0.0,0.0,0.0,0.0,0.0
35,0.0053477400201535,0.0832435095394358,0.1338631995696423,0.154884326034486,0.1574087902678844,0.1671065599180932,0.1976314380284926,0.1993126236974379
36,0.00919208984375,0.00919208984375,0.00919208984375,0.00919208984375,0.00919208984375,0.00919208984375,0.0186730971495385,0.026762655378035
37,0.000839004150390625,0.0016780083007812,0.0033461488769531,0.0033461488769531,0.0050241155517578,0.0070146354049383,0.0079917843910366,0.0079917843910366
38,0.7671158580214555,0.7696841848647173,0.773107614063936,0.7963575719362745,0.869946431128169,1.2874713279888077,1.5793503644236846,1.979336330169319
39,0.0,0.0,0.0,0.0,0.0,0.0,0.0,0.0
40,0.0787781821703144,1.5491246796013327,1.6790985362802544,1.7090657413789638,1.7192562032319914,1.7260485754243742,1.7516126551039752,1.755008020643526
41,0.0103277550659179,0.0103277550659179,0.0103277550659179,0.0103277550659179,0.0103277550659179,0.015491567993164,0.0249593973999023,0.0266806897583007
42,0.0,0.0,0.0,0.0,0.0,0.0,0.0,0.0
43,0.0129198623046875,0.0129198623046875,0.0129198623046875,0.0129198623046875,0.0129198623046875,0.0146440421142578,0.0224028809204101,0.024127057434082
44,0.017791181274414,0.017791181274414,0.017791181274414,0.017791181274414,0.0186385018920898,0.0228722131958007,0.0347261951904296,0.0406554108886718
45,0.091483822265625,0.0923470580444335,0.0940735467529296,0.0949368354492187,0.0983896213378906,0.107015164489746,0.1139196329956054,0.1165085293579101
46,0.0,0.0,0.0,0.0,0.0,0.0,0.0,0.0
47,0.0,0.0,0.0,0.0,0.0,0.0,0.0,0.0
48,3.9010073040244895,4.180210065517052,4.47387112614052,4.739263924968645,4.915360314922259,5.22332272178261,5.571323856548235,5.7102571730849325
49,0.0,0.0,0.0,0.0,0.0,0.0,0.0,0.0
50,0.0,0.0,0.0,0.0,0.0,0.0,0.0,0.0
51,0.9483383035139497,0.951335418538651,0.9539221748863072,0.9556095511845608,0.9581981858891508,1.0168759095219633,1.0792296977259022,1.119949904116881
52,0.0,0.0,0.0,0.0,0.0,0.0,0.0068073087158203,0.0068073087158203
53,0.0008508253784179688,0.0008508253784179688,0.0017016507568359,0.0017016507568359,0.0017016507568359,0.0017016507568359,0.0034032478027343,0.0034032478027343
54,4.198829906219123,4.342053177956496,4.423963919442689,4.543983174379835,4.779000409911631,5.174706524983245,6.183766110023169,7.5786450960157214
55,174.91402418439918,176.5843554036231,177.51224963157077,178.76732378151402,179.89342807684736,182.5197320680313,185.76139770231316,191.0424822239073
56,1.2380979638030407,1.273342948666322,1.3008373568694471,1.3499468372161267,1.3852793578460096,1.6784831855437634,1.8118050653045057,1.86431528185724
57,0.4038124758911133,0.4185438126220703,0.4341364760742187,0.4462668569946289,0.4514651693115234,0.4783196092529297,0.4947790662231445,0.4973794524536132
58,1.3522553001486384,1.3788766553122127,1.3917509178854548,1.3951833332907282,1.4114765871969783,1.4843891832663143,1.7469279346701228,1.9123222528463923
59,0.0231473297729492,0.0274334009399414,0.0300050422363281,0.0325766764526367,0.0325766764526367,0.0334338878784179,0.0385794660644531,0.0394369918823242
60,0.8003940930759805,0.8270652916937139,0.8382123399528956,0.8441216664938537,0.8539077753587913,0.8620341973096664,0.8988404454987173,0.9267557137810204
61,0.0437614682006835,0.0437614682006835,0.0437614682006835,0.0437614682006835,0.0446196991577148,0.0471934884643554,0.0652044516601562,0.0823560952758789
62,0.0034344606933593,0.0034344606933593,0.0034344606933593,0.0034344606933593,0.0034344606933593,0.0034344606933593,0.0060101531982421,0.0060101531982421
63,0.3045726220892214,0.3173158218572878,0.3173158218572878,0.3198657918279909,0.3198657918279909,0.3501467672616996,0.3699934455355775,0.380938644724887
64,0.0,0.0,0.0,0.0,0.0,0.0,0.0,0.0
65,0.095755536242197,0.9059514586370732,1.1530531422815662,1.204207802034984,1.233972383915202,1.2547605867912743,1.3212848151814782,1.3322642298543297
66,0.0989077458180147,0.1023086019581514,0.1023086019581514,0.1065598419483858,0.1065598419483858,0.1609706105030733,0.2527816691578584,0.2638346926563936
67,0.0,0.0,0.0,0.0,0.0,0.0,0.0,0.0
68,1.8134455231170057,1.8409822925261847,1.8713512904670264,1.8969921946810853,1.9202536418526444,1.9745795189264037,2.0741850294220567,2.1201935336456894
69,0.4553682904052734,0.4811069491577148,0.4991181653442383,0.5128390314941407,0.5265681170654297,0.5823230285644532,0.6654897428588867,0.6851878289794922
70,0.3564494187011718,0.3581888215942382,0.3616680881347656,0.3694883439941406,0.3773153126831055,0.3964436176147461,0.4381569118041992,0.4598829232788086
71,0.0,0.0,0.0,0.0,0.0,0.0,0.0,0.0
72,0.0542921964721679,0.0542921964721679,0.0542921964721679,0.0542921964721679,0.0542921964721679,0.0618160779418945,0.0860555991821289,0.0969219495239257
73,1.2517220080844056,1.4793291410800111,1.5063561517001285,1.5290262762728823,1.5673985492831362,1.7226180127230777,1.9493607522860656,1.9877106110507143
74,0.5772097697143554,0.580690344909668,0.5859137358398437,0.5911375446777344,0.5963597396850586,0.6198444548950195,0.6459357517089844,0.6476743780517578
75,0.0308822725219726,0.0308822725219726,0.0308822725219726,0.0308822725219726,0.0308822725219726,0.033455841796875,0.0377450875854492,0.0411765331420898
76,0.0011253096799364,0.240898630426145,0.2906974469563801,0.3047942502963197,0.3056428487460267,0.3073404020907532,0.3132815732333313,0.3141305450961243
77,0.0,0.0551063483563591,0.0918777410816865,0.1021523591351677,0.1030010700116325,0.1046985544476677,0.114220993485993,0.1150696991134344
78,0.0,0.0,0.0,0.0,0.0,0.0,0.0,0.0
79,16.14042066174988,16.19368570212643,16.276165995873555,16.342659080569288,16.42125714807489,16.528044361697937,16.771339693195426,17.19266681842066
80,10.153997925774547,11.070441150322887,11.654642047295544,12.150857612053844,12.523237772759412,13.030564703179332,13.84197038933656,14.301389151450003
81,2.0308487794897943,2.087236837168017,2.1510859503475417,2.200635834661268,2.24749767143076,2.302390658907304,2.453610984468827,2.533650354601094
82,11.479346381767485,11.487586111959782,11.5031850826653,11.515996869774671,11.529663262719009,11.535642247521254,11.58689039626393,11.707110876812148
83,8.174789116237983,8.194429186611519,8.216629432644234,8.23260229042155,8.25139027906901,8.263344473527019,8.318846362259928,8.377768101334635
84,4.430940644415641,4.495855328741813,4.553461149191462,4.61107278236443,4.646078694086292,4.682807100397327,4.802552913919367,4.998088000535433
85,0.0503344569702148,0.0949985127168543,0.1354566697251263,0.1563969556063782,0.1805083855449601,0.2112207592021867,0.2551646362498564,0.2654021613963407
86,0.3820754739820292,0.3863505283033183,0.3923353204786113,0.4145632370435527,0.4272970789373659,0.4376076282920687,0.4712928515737495,0.5062355163849475
87,0.5290811013205136,0.5452821411764706,0.5708622668478572,0.5887677959005917,0.5964425951559628,0.6910975414450252,0.804519294496783,0.9665658083517636
88,0.6925610268133424,0.6925610268133424,0.6925610268133424,0.6925610268133424,0.6925610268133424,0.7011011787298463,0.7462001516074984,0.7924248847402535
89,0.8297644449620863,0.8345034493470436,0.8362449752259498,0.8423394978089576,0.8554081851868873,0.8841626330628638,0.9565404845643288,0.9896800401063208
90,1.1002581817806467,1.1002581817806467,1.1002581817806467,1.1002581817806467,1.1002581817806467,1.1002581817806467,1.1036753612850414,1.1147812843197094
91,0.0,0.0,0.0,0.0,0.0,0.0,0.0,0.0
92,0.0041607632446289,0.0041607632446289,0.0041607632446289,0.0041607632446289,0.0041607632446289,0.0074895399780273,0.0133149470214843,0.0133149470214843
93,0.0,0.0,0.0,0.0,0.0,0.0,0.0,0.0
94,3.383154659558105,3.413883596203613,3.4263453568847653,3.4404661402099608,3.483670939892578,3.57590001496582,3.737058121105957,3.832424113722139
95,0.0,0.0,0.0,0.0,0.0,0.0016653098144531,0.0024979632568359,0.0024979632568359
96,0.0108054974975585,0.0108054974975585,0.0108054974975585,0.0108054974975585,0.0108054974975585,0.0124673699951171,0.0174554219970703,0.0174554219970703
97,0.0108441388549804,0.0108441388549804,0.0108441388549804,0.0108441388549804,0.0108441388549804,0.0158451007690429,0.0297545947449927,0.0392092095695944
98,0.0,0.0,0.0,0.0,0.0,0.0,0.0008361305541992188,0.0008361305541992188
99,0.0025527364501953,0.0212661479709999,0.0437384857503255,0.0640660669850069,0.0683153049000459,0.0708640296925264,0.0820003707136565,0.0820003707136565
100,0.0,0.0,0.0,0.0,0.0,0.0,0.0,0.0
101,3.5048362944946287,3.5931443479614256,3.5973099807739257,3.604808380493164,3.6081407201538087,4.087188160461426,5.070264106018066,5.620947916870117
102,0.0,0.0,0.0,0.0,0.0,0.0,0.0,0.0
103,0.0,0.0,0.0,0.0,0.0,0.0,0.0,0.0
104,0.0,0.0,0.0,0.0,0.0,0.0,0.0025046409301757,0.0025046409301757
105,0.0,0.0,0.0,0.0,0.0,0.0,0.0008361702880859375,0.0008361702880859375
106,0.0,0.0,0.0,0.0,0.0,0.0,0.0,0.0
107,0.0,0.0,0.0,0.0,0.0,0.0008467672729492188,0.0016935358276367,0.0016935358276367
108,0.0144022761230468,0.0144022761230468,0.0144022761230468,0.0144022761230468,0.0152494706420898,0.0160966638183593,0.0220275192260742,0.0220275192260742
109,0.0076283659057617,0.0076283659057617,0.0076283659057617,0.0076283659057617,0.0076283659057617,0.0161035310058593,0.0262731096801757,0.0262731096801757
110,0.0288669561157226,0.029715991821289,0.029715991821289,0.029715991821289,0.029715991821289,0.0356591752929687,0.0407533374633789,0.0416023614501953
111,0.0,0.0,0.0,0.0,0.0,0.0,0.0,0.0
112,0.2644320090688668,0.2994793739370309,0.2994793739370309,0.3003341515859566,0.3003341515859566,0.3524810956167184,0.4456570192306219,0.4729901196959252
113,0.0,0.0,0.0,0.0,0.0,0.0,0.0,0.0
114,0.1138004977416992,0.1180448937377929,0.1180448937377929,0.1188945433349609,0.1188945433349609,0.1333160045166015,0.15623046875,0.1630222210083007
115,0.0016779953613281,0.0444593735961914,0.0721387852783203,0.0939423429565429,0.0989737516479492,0.104005001586914,0.1325214204711914,0.1341984666748047
116,0.3773961664428711,0.3773961664428711,0.3773961664428711,0.3773961664428711,0.3773961664428711,0.3773961664428711,0.3782513473510742,0.3782513473510742
117,0.2525947947387695,0.2645017677612304,0.2645017677612304,0.2670532476196289,0.2679037366333008,0.2984669531697591,0.3545966116780599,0.3792606711873372
118,0.0,0.0008517017822265625,0.0017034073486328,0.002555107849121,0.002555107849121,0.002555107849121,0.002555107849121,0.002555107849121
119,0.0,0.0,0.0,0.0,0.0,0.0,0.0,0.0
120,0.0,0.0017029708251953,0.0042574282226562,0.0051089123535156,0.0051089123535156,0.0085148399047851,0.0127722478027343,0.0127722478027343
121,0.0163958091842352,0.0215141154586492,0.0266324117843328,0.0300448365279852,0.0308979644576727,0.0419878393966375,0.0528739204838771,0.057139468091299
122,0.0,0.0,0.0,0.0,0.0,0.0,0.0,0.0
123,0.0,0.0,0.0,0.0,0.0,0.0,0.0025589447021484,0.0025589447021484
124,0.9106676463287954,1.0304369860205558,1.101254513974657,1.1618340750708485,1.2079091107764148,1.275313861264696,1.3958234961198397,1.4726136859391754
125,0.0034083177490234,0.0034083177490234,0.0034083177490234,0.0034083177490234,0.0034083177490234,0.006816580078125,0.006816580078125,0.006816580078125
126,0.0,0.0,0.0,0.0,0.0,0.0,0.0008509325561523438,0.0008509325561523438
127,0.0042527583618164,0.005103205078125,0.005955435974121,0.005955435974121,0.005955435974121,0.0187188924560546,0.0561497692260742,0.0629548295288086
128,2.290356408081055,2.290356408081055,2.290356408081055,2.291209851074219,2.2920632556762697,2.2920632556762697,2.3091304131469728,2.3552115743408204
129,0.0476908901367187,0.0536513198852539,0.0536513198852539,0.055355159790039,0.055355159790039,0.0834590084838867,0.1158336719970703,0.1209425179443359
130,0.0,0.0,0.0,0.0,0.0,0.0,0.0,0.000856304443359375
131,0.3232866165893554,0.4000970716064453,0.4504506720092773,0.4828818474853515,0.5281143247802735,0.581028250012207,0.6842960913208008,0.7252620157592774
132,8.480001184186873,8.674000985456408,8.887318550031601,9.073417967573103,9.333259185651716,9.689654011518414,10.002294859862564,10.179619222472429
133,0.0315680563354492,0.0324212538452148,0.0332744302368164,0.0332744302368164,0.0349807842407226,0.0469254660034179,0.0511914075317382,0.0528977925415039
134,0.0,0.0,0.0,0.0,0.0,0.0,0.0,0.0
135,69.72946691206987,70.512423749106,70.9009323508516,71.18953234480912,71.46545225596444,71.7547107176607,72.4421358358858,73.07795384702291
136,0.1740102549438476,0.1902161579589844,0.1902161579589844,0.2013047305908203,0.2055693244628906,0.2814807696533203,0.3258348107910156,0.3300998012695312
137,0.0094038872070312,0.0094038872070312,0.0094038872070312,0.0094038872070312,0.0094038872070312,0.0196659069213867,0.024795423461914,0.0299264364013671
138,0.0,0.0,0.0,0.0,0.0,0.0,0.0008550511474609375,0.0008550511474609375
139,0.0663711364999808,0.0740635871225394,0.0740635871225394,0.0740635871225394,0.0740635871225394,0.0920067187143363,0.1321704109451593,0.1492848936097388
140,0.2337336933924058,0.2789586609827378,0.3156507092005113,0.3335702164026597,0.3514894643884995,0.3787949639002183,0.4291405060755113,0.4564464896570542
141,3.139679238639802,3.342140360875508,3.51053453067244,3.615102030440745,3.7345834097132062,3.840410433883128,4.097292489791331,4.290166146041332
142,0.1264231607666015,0.1349652695922851,0.1349652695922851,0.1400906937255859,0.1435074858398437,0.1648623711547851,0.1751133082885742,0.1793846466674804
143,0.5402414114379883,0.5462251253051758,0.5462251253051758,0.5479347573242187,0.5487895848999024,0.5881106509399414,0.6436742412719727,0.6590608806152344
144,0.0,0.0,0.0,0.0,0.0,0.0008561920776367188,0.0008561920776367188,0.0008561920776367188
145,0.2480932052612304,0.2523701455688477,0.2523701455688477,0.258357309753418,0.258357309753418,0.318230954711914,0.4063321986083984,0.4294276314086914
146,0.2127112080439548,0.3047501004389744,0.4151930716303807,0.556307995580576,0.6378235419062596,0.8973050856115005,1.1501135632465438,1.2682744063534008
147,0.1156977122802734,0.1227096222534179,0.132349343383789,0.1490129172973632,0.2158531430762197,0.3770013363410501,0.5042635429400276,0.5291039180685605
148,0.2855880113525391,0.2899270358886718,0.2994753973999023,0.3029440565185546,0.3352049849243164,0.3543645943603515,0.466635518371582,0.523177998474121
149,0.0,0.0,0.0,0.0,0.0,0.0042814612426757,0.0119854777832031,0.0128417702636718
150,0.0,0.0,0.0,0.0,0.0,0.0,0.0,0.0
151,0.0,0.0,0.0,0.0,0.0,0.0,0.0,0.0
152,1.6646110829115928,1.7006273035536823,1.702342163477999,1.7477931661025106,1.7683769867201864,2.288699084036317,2.7426499309383634,2.8524623183220377
153,0.0,0.0,0.0,0.0,0.0,0.0,0.0,0.0
154,0.0145516141967773,0.0145516141967773,0.0145516141967773,0.0145516141967773,0.0145516141967773,0.0179771672363281,0.0368975283296472,0.0420362293794519
155,0.0051560158081054,0.0051560158081054,0.0051560158081054,0.0051560158081054,0.0051560158081054,0.006015353149414,0.0137495333251953,0.0154682698364257
156,0.0421024755967084,0.0463919622910443,0.0463919622910443,0.0564141762080173,0.0572720700678806,0.1024848888640759,0.1416755604367723,0.1584432927298752
157,2.2027609382984834,2.2199033555958465,2.239616264043112,2.250759000188132,2.2593298586476043,2.311618179509421,2.579067998173972,2.841224477570657
158,0.2126604692227232,0.2178031380459654,0.2195168298184264,0.2263717344204771,0.2306571434170592,0.2452285619961607,0.2786617201992857,0.2950730936346316
159,0.4943051198483933,0.4976894038428212,0.4976894038428212,0.5014029716847138,0.5022606899464326,0.5456273045773974,0.7024232264243929,0.7905997129475912
160,66.41019106586171,67.94619171948217,67.95391229284643,68.86328424881853,69.04430479319109,74.04400835857722,78.6178385903916,82.93045762911565
161,0.0,0.0,0.0,0.0,0.0,0.0,0.0025751821899414,0.0025751821899414
162,0.1547878254294002,0.1547878254294002,0.1547878254294002,0.1547878254294002,0.1547878254294002,0.1556413834738338,0.1590535349630916,0.1590535349630916
163,0.1651203389095531,0.1694093108333812,0.1702670981868968,0.1728404696468578,0.1728404696468578,0.1908541227230296,0.2217345254329906,0.238032509991096
164,0.0,0.0,0.0,0.0,0.0,0.0,0.0,0.0
165,0.0626099365234375,0.0634676125488281,0.0634676125488281,0.0634676125488281,0.0634676125488281,0.0651829693603515,0.0754750455932617,0.0806210667114257
166,0.0,0.0,0.0,0.0,0.0,0.0,0.0,0.0
167,0.0497965814208984,0.0532317623901367,0.0532317623901367,0.0532317623901367,0.0532317623901367,0.0772743215942382,0.121738230185116,0.1371932946992762
168,0.0043051693725585,0.0043051693725585,0.0043051693725585,0.0043051693725585,0.0043051693725585,0.0043051693725585,0.0043051693725585,0.0043051693725585
169,0.0017187445068359,0.0017187445068359,0.0017187445068359,0.0017187445068359,0.0017187445068359,0.0017187445068359,0.0017187445068359,0.0017187445068359
170,0.0,0.0,0.0,0.0,0.0,0.0,0.0025766219482421,0.0034355109252929
171,0.0423456978068033,0.045830485168457,0.0460265409392712,0.0460265409392712,0.0460265409392712,0.0504782249365713,0.0760940330492206,0.0986786526465322
172,0.5593488171853458,0.5636601575173771,0.568833632920209,0.5722827799539005,0.5800442833108341,0.5886674849709903,0.6043524878669291,0.6199532343395756
173,0.0,0.0,0.0,0.0,0.0,0.0,0.0,0.0
174,0.0006352162760416667,0.0029628430041743,0.0138947181748334,0.0197804411362591,0.0197804411362591,0.0261768334436753,0.0378599950750612,0.0378599950750612
175,0.0,0.0,0.0,0.0,0.0,0.0,0.0,0.0
176,26.60376415507285,26.856651630044848,26.863515859537035,27.020525196939374,27.02481541446868,28.18179167398585,30.251530677908608,31.903290580523077
177,0.0172342764282226,0.0172342764282226,0.0172342764282226,0.0172342764282226,0.0172342764282226,0.03574982360409,0.1339146284050436,0.1666397123283834
178,0.0395466895751953,0.0404063789672851,0.0404063789672851,0.0404063789672851,0.0404063789672851,0.0455679147949218,0.051585731262207,0.0558850178222656
179,1.3178892462723075,1.330363839097924,1.3405098975377698,1.350030776305434,1.3577903538200824,1.397854279350969,1.512351419059484,1.6316412144665284
180,0.1215834370727539,0.1276195502319335,0.1293441572875976,0.1293441572875976,0.1336557730102539,0.1362426841430664,0.1621168745117187,0.1629797092285156
181,0.0163944743652343,0.0181197572021484,0.0181197572021484,0.0189824002685546,0.0215703349609375,0.026746200012207,0.0388239913330078,0.0396872530517578
182,0.0379741663208007,0.0388372181396484,0.0388372181396484,0.0414266325073242,0.0440158812255859,0.0448789341430664,0.1259625854492187,0.1276880245971679
183,0.7168008036719229,0.7262981754370597,0.7297525429297353,0.7332063818579581,0.7401138369971182,0.8627688085578471,1.0907135069228229,1.1913586824460496
184,0.0,0.0,0.0,0.0,0.0,0.0,0.0,0.0
185,0.1100187003173828,0.1125972719116211,0.1125972719116211,0.1125972719116211,0.1125972719116211,0.120332996887207,0.1435395847167968,0.155572899230957
186,0.0033533047621783,0.0555600695815142,0.0804202587842754,0.089739058393411,0.0924250123872644,0.0978753229118796,0.1135832197224934,0.1164855875134038
187,0.0,0.0,0.0,0.0,0.0,0.0,0.0,0.0
188,0.0,0.0,0.0,0.0,0.0,0.0,0.0,0.0
189,0.0415170708448223,0.2005596713503369,0.275403589405733,0.2900413279059914,0.306643736108159,0.3192901554807176,0.3851247630500344,0.3923369218094171
190,0.0,0.0,0.0,0.0,0.0,0.0,0.0,0.0
191,0.0201241395263671,0.0201241395263671,0.0201241395263671,0.0201241395263671,0.0201241395263671,0.0268235325317382,0.0573512460875268,0.0942479354185815
192,0.0584792523652918,0.0584792523652918,0.0584792523652918,0.0584792523652918,0.0584792523652918,0.0610661655732996,0.066074008621515,0.0685732092744715
193,0.0,0.0,0.0,0.0,0.0,0.0,0.0,0.0008374517822265625
194,0.0,0.0,0.0,0.0,0.0,0.0,0.0008423749389648437,0.0008423749389648437
195,0.0,0.0,0.0,0.0,0.0,0.0,0.0,0.0
196,0.0024093358015471,0.0024093358015471,0.0024093358015471,0.0024093358015471,0.0024093358015471,0.0024093358015471,0.0024093358015471,0.0024093358015471
197,0.0,0.0,0.0,0.0,0.0,0.0,0.0,0.0
198,0.0,0.0,0.0,0.0,0.0,0.0,0.0,0.0
199,0.0,0.0,0.0,0.0,0.0,0.0059081970214843,0.0101283487548828,0.0118164064331054
200,0.0170954360191195,0.0424659051666858,0.0665411738405713,0.0738081396168428,0.0781154406688017,0.0845191413882985,0.0992543932227041,0.0992543932227041
201,0.0033811983032226,0.1428446830951765,0.1933325254116881,0.1984049208584654,0.2000964506436217,0.2009413757534849,0.2102411765347349,0.2102411765347349
202,0.1368608286743164,0.5345600902671663,0.6877184015033797,0.7209816791137694,0.7537163836739333,0.7636779445894128,0.8258617008710075,0.838533410831945
203,0.0,0.0,0.000845540283203125,0.0025366181640625,0.0042276973876953,0.005918773864746,0.009300924255371,0.0101464618530273
204,0.0,0.003233085251034,0.003233085251034,0.003233085251034,0.003233085251034,0.0057776558076746,0.0151078420259363,0.0159560563203699
205,0.0067562958984375,0.0299823823251761,0.0327709573534198,0.0327709573534198,0.0327709573534198,0.0327709573534198,0.0327709573534198,0.0327709573534198
206,0.0,0.0,0.0042293413085937,0.0042293413085937,0.0042293413085937,0.0042293413085937,0.0059210705566406,0.0059210705566406
207,0.0034550969238281,0.0034550969238281,0.0034550969238281,0.0034550969238281,0.0034550969238281,0.0311083668823242,0.0544416239624023,0.0544416239624023
208,0.0847584243774414,0.0856230109252929,0.0856230109252929,0.0856230109252929,0.0864880061035156,0.0873528920288086,0.15659348046875,0.1600547849121093
209,0.0712057019926183,0.0737971161161534,0.0737971161161534,0.0772536781278722,0.0863209824458103,0.1260728130732517,0.1665309347613166,0.1786111901934455
210,6.269237122253418,6.365284422058106,6.447472592346191,6.5106320218505855,6.587640131774903,6.688034106994629,6.90335191073788,7.128334931917079
211,0.6597346592744715,0.738575568087948,0.823475619662655,0.8867103492769128,0.9789384092778224,1.1441934985112208,1.3062059503487382,1.3339048036812575
212,0.2088850869750976,0.2504908505859375,0.2894957405395508,0.3614361557617187,0.4758623211669922,0.5322025369262695,0.6102167222900391,0.6249545344848633
213,3.332610096923828,3.336955406921387,3.346513325012207,3.3499891600952147,3.356942494689941,3.3899722611694334,3.453403255126953,3.481213914367676
214,1.2241520853881835,1.2483601168823242,1.2760189543457032,1.2984828428955075,1.3218060681152344,1.5724347993164065,1.7625420870361328,1.8178503201293943
215,0.3501042673339843,0.3544392740478516,0.3631092154541016,0.3631092154541016,0.3665771959228515,0.3769817994384765,0.405603416809082,0.4073378666381836
216,0.0175560694580078,0.0184339360961914,0.0201896685791015,0.0201896685791015,0.0333537373046875,0.0763589201660156,0.0971692625014361,0.1135881208165786
217,0.2059880436734068,0.2120956448086607,0.2138403845547545,0.2173306079434264,0.2199477388028014,0.2208205066861022,0.2330343088711607,0.2504844758023131
218,2.4080971688842774,2.481397676696777,2.52764594708252,2.5590149959106445,2.5974070040283204,2.7413987389526366,2.9316234899902343,3.084357799499512
219,11.398174674316406,11.777427794433594,11.859070248779297,12.122436992736816,12.336565859069824,12.659428599731443,12.941433650899013,13.17849153201258
220,0.9676744165039064,1.0089072339477538,1.0334719841918945,1.0527727971801757,1.0571592695922851,1.0931260323486327,1.1475209138183593,1.1580485679321288
221,0.3855855448151232,0.4119230799713732,0.4303542577667834,0.4531802752838733,0.4724967754669787,0.5980037683258655,0.7673947901154163,0.798991604446471
222,0.0359871454467773,0.0359871454467773,0.0684536767578125,0.0991702944946289,0.1779851398999981,0.3484635467414407,0.5755129447382907,0.6998806329695159
223,0.5092640720372817,0.5706887556920669,0.6163172075963638,0.6882587392125746,0.8435360857701919,1.260106950673541,1.7008656502307369,1.82200600961938
224,0.1359832064927045,0.1438885532334271,0.1482823365586225,0.1491614283554974,0.1509196361191693,0.1605826026719037,0.1667319697983685,0.1693670783188764
225,0.0406835415982115,0.0474772849800857,0.0526966174594056,0.0562106215487611,0.0579676343661439,0.0671651999669692,0.0768295469518325,0.0794478278739181
226,6.586000322021484,6.683510755187989,6.773109591430664,6.930353920776367,6.991850686828613,7.0621379357299805,7.12188699621582,7.195691138061523
227,0.1165742296831916,0.1335012643774892,0.1440944587426279,0.1581541171898935,0.1660640191063974,0.1814645756658816,0.1999160080389284,0.2122319980107326
228,0.0132022722167968,0.0158414919433593,0.0176013035888671,0.0193612039794921,0.0193612039794921,0.0255189824829101,0.0263985770263671,0.0263985770263671
229,0.1469365876464843,0.1469365876464843,0.1522149700927734,0.1539761478881836,0.156617912109375,0.1592596913452148,0.1636616007690429,0.1707057924194336
230,0.024939443359375,0.024939443359375,0.024939443359375,0.024939443359375,0.024939443359375,0.0257994705200195,0.0292394657592773,0.0300994589233398
231,0.0,0.0,0.0,0.0,0.0,0.0,0.0,0.0
232,0.0,0.0,0.0,0.0,0.0,0.0,0.0,0.0
233,0.0452070569989372,0.0461971900764016,0.0513982679953182,0.0601783677877987,0.0823944616634593,0.1024151034170113,0.1156928036999272,0.1156928036999272
234,0.2032594243774414,0.2268077783894856,0.2514029630696615,0.2612180193955365,0.2671762215928021,0.3065667966050092,0.5206137168406767,0.6063495398387235
235,0.0051718042602539,0.0051718042602539,0.0051718042602539,0.0051718042602539,0.0051718042602539,0.0068971994018554,0.0077594387207031,0.0086216780395507
236,0.022381909790039,0.0301301177978515,0.0335737360839843,0.0352955559082031,0.0370173901977539,0.0378783034667968,0.0421828787231445,0.0482092736816406
237,0.0335170690917968,0.0335170690917968,0.0335170690917968,0.0335170690917968,0.0335170690917968,0.0369546886596679,0.0446896697998046,0.0481273111572265
238,0.0051061826782226,0.0076590210571289,0.0076590210571289,0.0076590210571289,0.0076590210571289,0.0195743652954101,0.033190205871582,0.034892170349121
239,0.0,0.0,0.0,0.0,0.0,0.0034377877807617,0.0103132203979492,0.0120321137695312
240,0.0,0.0,0.0,0.0,0.0,0.0,0.0,0.0
241,0.0117323601074218,0.0117323601074218,0.0117323601074218,0.0117323601074218,0.0117323601074218,0.0117323601074218,0.0268083338623046,0.0452378079223632
242,0.1219764869995117,0.1228354324951171,0.1228354324951171,0.1228354324951171,0.1228354324951171,0.1288481221923828,0.1614896956787109,0.182109254699707
243,0.0,0.0,0.0,0.0,0.0,0.0,0.0,0.0
244,0.002635322759172,0.0154928878427542,0.0248258526865042,0.0390260218371821,0.0415720067004633,0.0529912723060757,0.083848134773763,0.0885301531532437
245,0.0,0.0,0.0016955237426757,0.0156575945377125,0.0201636277695599,0.0234684851423674,0.043225064374617,0.0457684422432693
246,0.0618464680620978,0.0921518599475337,0.1090407565089805,0.1309083575188132,0.1425093502814797,0.1546853940187939,0.19997301109667,0.2067581252934473
247,0.150361053275314,0.1511995707313687,0.1511995707313687,0.1511995707313687,0.1629199829017789,0.2408768210365445,0.5053782186868107,0.8569951588029451
248,0.6331292739499559,0.6331292739499559,0.6331292739499559,0.6331292739499559,0.6339683456052294,0.7506215682614794,1.1693909197629444,2.144509764428472
249,0.0772033911743164,0.0772033911743164,0.0772033911743164,0.0772033911743164,0.0772033911743164,0.0788817183227539,0.1090949072265625,0.130074670715332
250,2.2753909521484377,2.2795971004638678,2.2795971004638678,2.2795971004638678,2.280438322570801,2.3115671281585093,2.4302818448886048,2.5252428295785943
251,0.0978391582718194,0.1132958341751397,0.1210239420242608,0.1239961746888403,0.1248551443543677,0.1248551443543677,0.1317266873841528,0.1360197470155005
252,0.0,0.0,0.0,0.0,0.0,0.0,0.0,0.0
253,0.0033711323242187,0.0033711323242187,0.0033711323242187,0.0050573110351562,0.0067434897460937,0.0219180430908203,0.0649106165771484,0.1053715648193359
254,0.0248912942930932,0.3443127538789637,0.4198954663016525,0.4486683694388595,0.4647481424491135,0.4986018987357345,0.5739311709525315,0.5773181327445237
255,0.0,0.0093301344604492,0.0152670173339843,0.0203298573615579,0.0211788344733743,0.0245735082404641,0.0369702145100911,0.0369702145100911
256,0.0,0.0,0.0,0.0,0.0,0.0,0.0,0.0
257,0.0,0.0,0.0,0.0,0.0,0.0,0.0,0.0
258,0.0,0.0,0.0,0.0,0.0,0.0,0.0,0.0
259,6.546209609313965,6.594610168273926,6.622622635681152,6.664218074951172,6.754710992196595,6.874329793143478,7.019207358192355,7.162245246865665
260,2.0357646326904297,2.037469457092285,2.037469457092285,2.041731279296875,2.0988439083862303,2.2114801584472654,2.3923261466437844,2.5900938873054056
261,1.8350039808208392,1.86137711438084,1.87677553424168,1.9757006660673253,2.065454910513126,2.875021737273572,3.57353090797526,4.27042517061959
262,0.5871000421590169,0.5871000421590169,0.5871000421590169,0.5871000421590169,0.6418015974568685,0.8162952399595971,1.0923494164122338,1.3034430920103783
263,0.3036253159179687,0.3087719909057617,0.3087719909057617,0.3087719909057617,0.3087719909057617,0.3087719909057617,0.3293543211669922,0.3430759037475586
264,0.5360466384887695,0.5472170581665039,0.5644033087158203,0.5747141214599609,0.5781503235473633,0.5867410399169922,0.6099394802246094,0.6443017456054687
265,0.6515161594238281,0.6575197861938477,0.6635255131835938,0.6660978349609376,0.6738164193725585,0.6944051344604493,0.7175586837158203,0.7278472067871093
266,1.2581008787190755,1.315824346323051,1.338079815805473,1.373727344028129,1.4199575910342948,2.021675192620969,2.7441655368367512,3.1846765544503004
267,1.9358836031625788,2.0419734384897272,2.182524978754979,2.4758063093199487,2.638554516173598,3.407874737679994,3.88300925718324,4.395901715593166
268,0.1577399450417911,0.1645790931741153,0.1714182751809513,0.1799676996194278,0.1919306539072074,0.2310926599006204,0.2831918629808613,0.3364465290965361
269,1.5761820411460727,1.595491440812414,1.6123528190041934,1.630518174181411,1.6544814880241845,1.867627024458104,2.0750497503894283,2.4509223612994027
270,8.650403794921875,8.650403794921875,8.650403794921875,8.650403794921875,8.734992243469238,9.29890252996826,10.092641551330566,11.182850774658204
271,0.7328371436827417,0.7457723092711206,0.7526684438536401,0.7697994857536765,0.7792801048332664,0.8310006870476219,0.9413083291692996,1.0273877849798465
272,0.3085289354097254,0.3180271206514246,0.3257969019014246,0.3345485473182827,0.3449082375038296,0.3708101305702359,0.4009615819333543,0.4130479564450731
273,0.0,0.0,0.0,0.0,0.0,0.0,0.0,0.0
274,0.0,0.0008526031494140625,0.0008526031494140625,0.0008526031494140625,0.0008526031494140625,0.0008526031494140625,0.0017052075195312,0.0017052075195312
275,0.5052016257324219,0.5052016257324219,0.5052016257324219,0.5052016257324219,0.5069114475097656,0.5222989878540039,0.5778533271484375,0.6197429138183593
276,5.263064720077455,5.263064720077455,5.263064720077455,5.263064720077455,5.40727598551935,5.887887361698166,6.495108956092984,7.0039559179826325
277,0.1538900516357421,0.1538900516357421,0.1538900516357421,0.1538900516357421,0.1607316065673828,0.1804004128417968,0.2205991748046875,0.2676353954467773
278,1.762777357849121,1.762777357849121,1.762777357849121,1.762777357849121,1.7849599565429688,1.8796538059692385,2.1628265514830347,2.3828964902037377
279,0.4587747512207031,0.4587747512207031,0.4587747512207031,0.4587747512207031,0.477614016052246,0.5247031315917968,0.6514011508789063,0.7797949327392578
280,1.1307913787841797,1.1307913787841797,1.1307913787841797,1.1307913787841797,1.1367790259399415,1.1684280474853517,1.3018650742797853,1.5345248063354493
281,0.0,0.0,0.0,0.0,0.0,0.0,0.0,0.0
282,0.0,0.0,0.0,0.0,0.0,0.0,0.0025520954589843,0.0025520954589843
283,1.5478052507242837,1.6153896162638346,1.6641307598795572,1.731720750052897,1.7736441710535389,2.424559425310681,2.7988457715121404,3.1418929047315416
284,0.5936275752118279,0.5936275752118279,0.5936275752118279,0.5936275752118279,0.5936275752118279,0.6269025688641716,0.6678595036786248,0.6806602963421989
285,3.615538866469918,3.8718035689845673,4.097614108474312,4.189015693984566,4.361729573195992,4.558290473586617,4.718389176833687,4.803056623305856
286,1.0729207284481272,1.0949673612606272,1.1420545890656115,1.1666352265167834,1.1861374964752796,1.214987181961119,1.2700970626373889,1.297213721328795
287,2.7938183592141543,2.831214381308881,2.8893837433603324,2.904680271375469,2.923378013868145,2.9718479638193167,3.46397280702,3.977191850354961
288,0.798063921128935,0.8023513054062787,0.8066270809800091,0.8152085144516888,0.8272254421250287,0.8555538075425092,0.8984491688706342,0.9842650706650676
289,6.089834725979435,6.17289447176801,6.232187201626407,6.338172123501408,6.526726431650199,7.303104517975932,8.952239953729608,10.348655457151406
290,2.214492013977051,2.36892423638916,2.476476397521973,2.565279264099121,2.63353592767334,2.8988158053588866,3.344768930236816,3.559366557556152
291,0.3469890142211914,0.3538512169799804,0.3564234956665039,0.3607121197509765,0.3658566596679687,0.4087368477783203,0.4430307221069336,0.4490317378540039
292,0.71213009937433,0.7436253156525259,0.7572786981457283,0.7693384275740084,0.7826460721777826,0.8070229172348922,0.8771297281678445,0.9638496435723998
293,5.39756575433589,5.452456331408213,5.501975341024002,5.542686699525602,5.567722858005898,6.231890153544827,6.902386864027793,7.130224607606896
294,0.3188725679321289,0.3205961489868164,0.3205961489868164,0.3266280059204101,0.3274896509399414,0.3430007697143554,0.3645429096069336,0.3740223515625
295,1.8606610302734372,1.903264074645996,1.9580408515625,1.9936888503417969,2.0275976967163087,2.182367330993652,2.2771403091430664,2.4562526333618164
296,10.831667267153987,10.91816409778143,10.965737371585142,11.105861834780942,11.196682843203794,11.44146866760565,11.556508983828794,11.674144004458675
297,0.0274390864868164,0.0274390864868164,0.0274390864868164,0.0274390864868164,0.0274390864868164,0.0274390864868164,0.0282959904785156,0.0282959904785156
298,0.0334006136206533,0.0359650293921377,0.0453677662085439,0.0470773629492666,0.0487636926092409,0.0504732540106081,0.0609138184764188,0.0658428843383789
299,1.5296124822387696,1.5553896893023322,1.56992523532284,1.6162218466574274,1.6350337083517634,2.0643299455611883,2.486549380014936,2.776368138987104
300,0.0016981104736328,0.0820291464520622,0.1104928966950061,0.1393575605133655,0.1537902167023303,0.1648274804352405,0.1936913718536975,0.1953892568634631
301,0.4443872170489142,0.4452419764483283,0.4452419764483283,0.4452419764483283,0.4452419764483283,0.4452419764483283,0.4520819124224494,0.4546473568804572
302,0.0,0.0,0.0,0.0,0.0,0.0,0.0,0.0
303,0.0,0.0068110223999023,0.0093651604003906,0.0102866298885569,0.0111380024471507,0.0111380024471507,0.0118990548253676,0.0118990548253676
304,0.8850486822928634,0.9200346721531288,0.9918184065190334,1.1213102688323375,1.2739319061662264,1.844635192353372,2.352528741994342,2.70019267284151
305,0.1544414024830537,0.1561659102955537,0.158752781877585,0.1596149828053194,0.1604771848316866,0.1637906683892942,0.1854632599496879,0.209935418908452
306,0.0,0.0,0.0,0.0,0.0,0.0,0.0,0.0
307,0.0,0.0,0.0,0.0,0.0,0.0,0.0,0.0
308,0.1038760768432617,0.1123910222167968,0.1123910222167968,0.1157992707519531,0.1175033956909179,0.1311216837158203,0.1506951733398437,0.1540996762695312
309,0.0014201924352309,0.0014201924352309,0.0014201924352309,0.0014201924352309,0.0014201924352309,0.0014201924352309,0.0014201924352309,0.0014201924352309
310,0.0753987467651367,0.0753987467651367,0.0753987467651367,0.0779406806030273,0.0779406806030273,0.1186132515258789,0.160132765625,0.1660636020507812
311,0.0,0.0,0.0,0.0,0.0,0.0,0.0,0.0
312,0.0,0.0,0.0,0.0,0.0,0.0,0.0,0.0
313,0.0,0.0,0.0,0.0,0.0,0.0,0.0,0.0
314,0.0,0.0,0.0,0.0,0.0,0.0,0.0,0.0
315,0.0,0.0,0.0,0.0,0.0,0.0016649034423828,0.0083235659790039,0.0083235659790039
316,0.0,0.0,0.0,0.0,0.0,0.0,0.0,0.0
317,0.0,0.0,0.0,0.0,0.0,0.0,0.0,0.0
318,0.4042628576212565,0.4042628576212565,0.4042628576212565,0.4042628576212565,0.423963539872233,0.5556754665163526,0.8647783183840284,1.187608714319087
319,0.2306250045122932,0.2400845557818244,0.2426629935870002,0.2443814655108283,0.2452404570879768,0.2572744855303596,0.2770310487017463,0.2804652906451057
320,0.0017034073486328,0.004258516418457,0.0051102194213867,0.0051102194213867,0.008517027770996,0.0093687459716796,0.0153307114868164,0.016182414489746
321,1.321889083618164,1.3499789110717773,1.3524574029541017,1.358240605834961,1.3656761785888671,1.3921140146484374,1.447468391784668,1.4896034749145508
322,0.0,0.0,0.0,0.0,0.0,0.0,0.0,0.0
323,0.0,0.0,0.0,0.0,0.0,0.0,0.0,0.0
324,0.0034465024414062,0.0034465024414062,0.0034465024414062,0.0034465024414062,0.0034465024414062,0.0034465024414062,0.0034465024414062,0.0034465024414062
325,0.2090376981811523,0.2107441154785156,0.2107441154785156,0.2107441154785156,0.2107441154785156,0.2167153615722656,0.2397469234008789,0.2482778575439453
326,0.7740351853637696,0.7843554559936523,0.7843554559936523,0.7895156758422851,0.7895156758422851,0.8239168679199219,0.9030405170288086,0.9537834240722656
327,0.0068661733398437,0.0068661733398437,0.0068661733398437,0.0068661733398437,0.0068661733398437,0.0068661733398437,0.0094409976196289,0.0111575455932617
328,0.0445059354858398,0.0462175596313476,0.0462175596313476,0.0462175596313476,0.0462175596313476,0.0590553729858398,0.0676138583984375,0.073604599243164
329,0.0021830657609528,0.0135287124535654,0.0149379388126148,0.0149379388126148,0.0149379388126148,0.0149379388126148,0.0149379388126148,0.0149379388126148
330,0.0,0.0,0.0,0.0,0.0,0.0,0.0,0.0
331,0.0,0.0,0.0,0.0,0.0,0.0,0.0,0.0
332,0.0,0.0025462907104492,0.0067899860229492,0.011032331665039,0.011032331665039,0.0118812188110351,0.014154471856091,0.014154471856091
333,0.0059610006103515,0.0255437632446289,0.0425753982543945,0.0493867366333007,0.0536434752197265,0.0672674337158203,0.0962136530151367,0.0996188125610351
334,0.0152275663119447,0.0628079074118221,0.0849338603587431,0.0985040636651731,0.1044410518853879,0.116547846733542,0.1593494292434991,0.1656972039548387
335,0.0243098596801757,0.1676680383300781,0.2406185874023437,0.3521516079101562,0.4049778770751953,0.4435570535888672,0.550042351928711,0.5600973046264649
336,0.0402234497070312,0.2999973219604492,0.4106106632690429,0.4265320866699219,0.4282081206665039,0.4349138197631836,0.4499962637939453,0.4567005863647461
337,0.0,0.0,0.0,0.0,0.0,0.0,0.0,0.0
338,0.0024932517089843,0.0024932517089843,0.0024932517089843,0.0024932517089843,0.0024932517089843,0.0033243376464843,0.0033243376464843,0.0033243376464843
