,id,lnEGDPpc2012,lnagr_land2012,lnurb_land2012,ln_perUrb_land2012,ln_tr400_pop2012,ln_pm25_2012,ln_land_temp2012,ln_t400NTLpc2012,ln_dist_road2017,ln_ghsl2015,dist_diamond2015,ln_mal_inci_rt_mean,ln_dist_water2017mean
0,0,8.77813795075046,6.907755278982137,6.907755278982137,6.907755278982137,7.844864318253195,2.6380497584287057,5.708125629652882,11.414175,8.221077744790865,12.587548173274653,485933.132857,6.907755278982137,11.45117623280707
1,1,8.785445032506892,6.907755278982137,6.907755278982137,6.907755278982137,8.317810037827305,2.8623907058544344,5.6994960366562974,12.862933,8.755975387986876,14.052954098456437,530574.924805,6.907755278982137,9.80618644003643
2,2,9.205926130052594,6.907755278982137,6.907755278982137,6.907755278982137,7.985663408095955,2.7258607036636575,5.703597137048915,12.547255,8.58003428669506,12.940342575379125,516386.64465,6.907755278982137,9.806541219444211
3,3,7.469730305115375,6.956808412123634,7.0860004390902,6.9085500840921705,10.633700361297981,3.0885298457428148,5.695546486373216,14.310976,8.090931764307383,16.21392143970299,431452.591592,6.907755278982137,10.799715848307358
4,4,7.399986691125441,6.907755278982137,6.907755278982137,6.907755278982137,9.12202067769442,3.1137827467879795,5.691382470445662,11.61288,9.000058488134743,13.365416905884963,411223.88604,6.907755278982137,10.732954025009793
5,5,8.349695352699309,6.951063836309083,7.0226596350964945,6.908488425379759,10.074233073150486,2.8892450621850867,5.702350707463222,14.038036,8.659257577039554,15.716031375809628,490418.577027,6.907755279771137,9.932515551363355
6,6,7.206839360059764,6.910820018113458,6.914776795409757,6.908451602151235,9.892424633486185,3.1647871028858976,5.687970280313357,11.821608,8.32511209287438,14.304158281305059,412201.867482,6.907755278982772,10.623368797388157
7,7,7.432122536059616,6.907755278982137,6.907755278982137,6.907755278982137,8.750509274637707,3.0891343236907987,5.694901872014137,10.808137,9.23589978319781,13.327433493507607,417730.538273,6.907755279029337,9.376049062043322
8,8,7.441735130126096,6.926493379898582,6.980221753667093,6.908553892131459,10.104080213135457,3.0398903239586725,5.68756232777397,14.428529,7.717199054227822,15.40477087601082,415873.568392,6.907755278982137,10.25125965768763
9,9,6.850262279917484,6.907755278982137,6.907755278982137,6.907755278982137,6.748672966955885,2.68593980277494,5.7036651360056245,14.725533,7.352519575715585,13.700354936747258,471752.677833,6.907755278982137,11.59403897847113
10,10,8.537521023881768,6.921451838269961,6.920063933439361,6.908228308593995,9.52822012021624,2.946357307308403,5.693269019121421,13.206909,9.0466436011968,14.666666202816955,518495.442472,6.907755278982137,9.57298570935131
11,11,8.238783412339151,6.911594854621526,6.916188774690606,6.908442691196773,8.683002450836625,2.9856252002323638,5.691239046484295,13.440675,8.400875700746736,13.805502395909503,451392.55445,6.907755278982137,9.546806036347228
12,12,6.38348221539136,6.9298130526673365,6.915154092969959,6.9080050452385695,8.873821284257474,3.237981990353893,5.706685285318374,13.842456,8.379640280245145,14.718546539926724,385154.14202,6.907755279238137,10.253034325390141
13,13,9.44110922770184,6.907755278982137,6.907755278982137,6.907755278982137,8.57511804035864,2.693755465308145,5.694409607063859,12.419456,8.443789877405564,13.577630201383014,477480.182056,6.907755278982137,10.059820898398169
14,14,8.538408200630082,6.907755278982137,6.907755278982137,6.907755278982137,7.603242868646839,2.8637528372448826,5.694952626260341,12.637315,9.370247571732557,12.13735629043089,333446.119514,6.907755278982137,8.915351131663384
15,15,7.204349799719355,6.964023376327794,6.918816712554055,6.9079164569605975,9.750871660985228,3.2749450821217265,5.702409708366904,14.288041,7.749617500999234,15.498991151232989,365889.070834,6.907755279241137,9.895977194912152
16,16,8.261611076932777,6.907755278982137,6.907755278982137,6.907755278982137,8.754910491866829,2.95387277315643,5.7056881556488435,11.546482,8.412162599103274,13.040186660364725,344259.859262,6.907755278982137,9.525124788644947
17,17,7.964167176886194,6.907755278982137,6.907755278982137,6.907755278982137,9.064752546049476,3.0180516615269015,5.698585873472662,12.365579,8.442792387105518,14.33776258979726,314722.178498,6.907755278982137,9.201160341945164
18,18,7.844581266534991,7.864827661782317,8.706541311235693,6.908513647315274,12.468596435734296,3.0553811876070873,5.69594965973256,15.313829,7.046513465414983,18.67434820596434,376648.556365,6.907755278982137,8.961593745459526
19,19,8.445872801545331,6.910081897768473,6.907755278982137,6.907755278982137,8.624700519023367,2.809015912571677,5.698669629427229,12.92739,8.401211697593176,13.2224249963204,370603.371025,6.907755278982137,10.45087958980424
20,20,7.821905917869578,6.907755278982137,6.907755278982137,6.907755278982137,9.113872488291253,2.8938626868016883,5.702518312977096,11.548678,8.156630225506253,13.496470762496514,339478.87204,6.907755278982137,9.407429240508234
21,21,6.931562957263837,6.907755278982137,6.907755278982137,6.907755278982137,8.087264033845159,3.172005148591813,5.698748400811899,12.878805,7.711367267793782,13.080998825595763,377949.933394,6.907755279355137,9.603967650807851
22,22,9.124428788831242,7.040311213311822,7.0365677702828835,6.9082475185597465,9.698971735169755,2.941794976221846,5.711998178100884,15.311018,10.413827676351088,15.78510446327328,144531.829223,6.9077554558451215,9.902600105926847
23,23,7.620010367750475,6.9759616247891065,7.0708704912249996,6.908470124230251,9.877630214416241,3.1360679141067886,5.70000828500758,14.285613,8.228262287098449,16.06432705322196,381030.383496,6.907755279307137,8.832627827847785
24,24,7.258472629624305,6.9135473674878165,6.907755278982137,6.907755278982137,9.244887391959036,3.185648449907767,5.689904855617833,13.187384,7.916985572491735,13.781864665288616,378903.692799,6.907755279095137,10.095048517847246
25,25,8.056773018626844,7.0002610387844735,6.907755278982137,6.907755278982137,9.273385966753569,2.870594065706103,5.6895485260294905,13.866172,8.360997575553462,14.446134548901302,300392.480887,6.907755278982137,9.875281937334638
26,26,8.02425990225937,7.158404678691319,6.922080010971985,6.907803485077682,9.698690421704603,3.3034714693746374,5.699845186717501,14.650949,7.962639976594823,15.52923094164567,369274.626728,6.907755279133137,10.582049755231388
27,27,7.541121855455947,6.907755278982137,6.907755278982137,6.907755278982137,9.420534115299953,3.098336477767089,5.696479271662404,10.959057,8.22658488448143,14.266683749684173,262813.509655,6.907755279730137,11.020130192687198
28,28,7.319433282821212,6.908922527489445,6.907755278982137,6.907755278982137,9.462194443512361,3.1831846472123257,5.679213863919365,11.008779,8.619619185188961,13.553034027587358,249236.16458,6.907755282402137,11.050300162682413
29,29,7.473580442582768,6.974127846521455,6.907755278982137,6.907755278982137,9.82776355993985,3.171081083619344,5.6825186335046505,13.518967,8.001602608971112,14.433402010514774,319363.457417,6.907755278996437,10.567255343009482
30,30,8.099196011982366,6.907755278982137,6.907755278982137,6.907755278982137,8.894646623598833,3.1420661518297437,5.679863134301943,11.684502,8.896383172178856,12.47586594310133,289875.235459,6.907755278995637,10.106194197318487
31,31,7.982510184815475,7.2295031550608195,7.1691749229839195,6.908195648454798,11.367703407761345,3.360774398342315,5.710668049589172,14.777298,8.71502758563797,17.390110758575357,601131.848315,6.907755284672137,10.60566279462376
32,32,8.85554142748914,6.909091320647362,6.907755278982137,6.907755278982137,7.925640548110967,3.045369942879927,5.696150278374771,12.894571,8.880127959049293,13.623800169588103,537974.87429,6.907755280712137,10.379868592785124
33,33,7.174999039594934,6.986586355102833,6.953325834688613,6.908117639759635,10.786021191265483,3.267302720374037,5.700152961578535,14.000565,8.965983843149964,16.21137783244797,581528.58682,6.907755282512137,11.046282694015126
34,34,8.687419406996272,6.949114717516311,6.937300411644069,6.908170437925936,9.253936690498199,3.168301409860729,5.691085674082916,14.738639,8.98274232530756,15.116484946157984,569455.801155,6.907755281272137,11.029136724383692
35,35,8.122902950606433,6.913325744829249,6.907755278982137,6.907755278982137,10.402746175742424,2.742546304838337,5.699566590374876,11.467801,9.0545497006235,15.169915153767604,680049.482797,6.907755278982137,10.28148962696256
36,36,8.72809803721599,6.910627080289305,6.911684114244926,6.9083329569087555,9.802762001039483,2.848445689220238,5.69328398802777,11.666372,9.500665126523122,14.92539155996252,753422.406835,6.907755280062137,10.500289527593903
37,37,7.50107876210728,6.910510887515529,6.907755278982137,6.907755278982137,9.706893912355289,2.8411713379358328,5.69538086579734,11.032521,9.173011243777424,14.080427423009915,737909.809348,6.907755278982137,9.786980329606346
38,38,8.705179257322643,6.932093545885352,6.937872959647341,6.908308908158362,9.225239723328528,3.6383529593025377,5.705854798006791,14.148802,10.099671116317259,15.369412126312447,455876.279062,6.907755483608116,10.518572299542331
39,39,7.367558398311836,6.907755278982137,6.907755278982137,6.907755278982137,10.160514792699813,2.9873951179244194,5.6953987633669945,11.052983,8.663839445785573,14.234905395339254,537961.605222,6.907755278982137,9.450815421656987
40,40,7.606511666052045,6.913232184634748,6.907755278982137,6.907755278982137,10.356039978968944,3.0218086744188057,5.695228950522591,10.9429,9.243828847645716,14.205539924702219,449548.550841,6.907755278982137,10.47881649242125
41,41,6.621391966547766,6.915200564433618,6.907755278982137,6.907755278982137,9.467175455580213,3.044348568404267,5.67746787423765,12.371679,7.392208408352991,14.552131526870435,196477.470302,6.907755278982137,9.017325532728911
42,42,10.782620478577446,6.907755278982137,6.907755278982137,6.907755278982137,9.481202122634587,2.7202040648414205,5.7042956626293915,16.250179,8.64648124567698,15.114531661817583,735635.531019,6.907755278982137,12.262345594609105
43,43,6.769786168519001,6.9325894488382165,6.911070464731844,6.907871927526644,9.4882240465324,3.009465536375953,5.678856709976993,12.857902,7.625616916230455,14.45281214560264,196519.914753,6.907755278982137,9.153573406320278
44,44,9.513578550832767,6.907755278982137,6.907755278982137,6.907755278982137,8.99761006415653,2.7122080425869592,5.70717048034784,13.793004,8.207378887494235,14.610021807841541,491566.433582,6.907755278982137,11.83110959044661
45,45,10.488819700753472,6.907755278982137,6.907755278982137,6.907755278982137,8.614537265091796,3.649784235815446,5.705668976259216,10.732154,8.258966097271498,13.7359928216195,302138.917281,6.90775709395349,10.02897727340188
46,46,9.632380903380035,6.91634269694569,6.907755278982137,6.907755278982137,9.636600490622344,2.8349674870943926,5.697417381307565,13.879571,8.601219849985956,14.720280605181754,624326.316006,6.907755278982137,11.331184959260991
47,47,8.168026851849138,6.907755278982137,6.907755278982137,6.907755278982137,9.281064038106901,2.8614431183170277,5.696145679233,14.265562,8.503434731690728,14.731170271964992,602821.785564,6.907755278982137,10.763710057887897
48,48,9.505447936077479,7.014172418861724,7.017968947399839,6.9082643950053155,10.554719928134274,3.0016889407140153,5.711721472335568,16.143028,8.912339691163796,17.0055969370184,578208.815448,6.907755335182135,10.302869063603286
49,49,8.413592934370804,6.920313734765869,6.907755278982137,6.907755278982137,9.287051196625592,2.9212241853198897,5.697485211284657,14.44725,8.145479940651617,14.136354528223087,570896.851286,6.907755278982137,9.559410826493506
50,50,9.53694165030664,6.907755278982137,6.907755278982137,6.907755278982137,7.847730193200538,2.9127798406361696,5.69164285872239,13.2769,9.457372732003796,12.398759867867762,561254.709266,6.907755278982137,9.751630552130576
51,51,6.927911242347088,6.907755278982137,6.907755278982137,6.907755278982137,9.818799982505345,3.068693300795289,5.682904595274237,11.137528,7.367413478895391,14.429235694898244,183212.877008,6.907755278982137,10.22190104823432
52,52,7.621183743252503,6.947090029148413,6.90975009106614,6.907802690506576,8.849986096161203,2.9952985551867766,5.705198721738028,13.993908,8.005059276824232,14.335546695596687,492540.783343,6.907755280382137,10.877824252915257
53,53,8.247008682313885,6.908767958464376,6.907755278982137,6.907755278982137,8.665395724613344,2.947992462449096,5.7095903493797024,13.005326,8.380034548680458,13.980092128754164,480012.739178,6.907755281952137,10.755249608947976
54,54,9.234613627066821,7.263524487273555,7.132149996624631,6.908125789276786,10.359985356078885,3.491393341801466,5.703712812203162,15.122268,8.594995903388812,15.591617613167944,569305.94392,6.907755286142137,11.006498759764504
55,55,7.452692254522793,8.374315925810915,10.265990991165916,6.908647574438275,14.171911184281369,3.4906143441929784,5.713343062609075,14.94946,8.242624601949807,20.252227352535673,582907.715774,6.907755362482134,9.973574221504453
56,56,10.21905680030322,6.914357748225906,6.945048148491714,6.908606460272168,10.181942964971824,3.606094629878682,5.7050258733189265,12.662029,9.67823582610027,15.353358697948321,231702.05773,6.907755881873955,11.051961823728249
57,57,10.737897718793151,6.907755278982137,6.907755278982137,6.907755278982137,8.618047718337873,3.5389322954486624,5.710793933215271,10.45023,9.49064578903505,14.370469784230634,324586.372382,6.907756164225745,10.272906119118396
58,58,8.501081793642069,6.999224729058602,6.9571340784991405,6.908100968633349,9.859097481244167,3.6344755319177926,5.712214935847308,14.389254,9.67551651625671,15.271002077415556,469700.15998,6.907755427694126,9.164637930645936
59,59,7.861696908056927,6.907755278982137,6.907755278982137,6.907755278982137,8.969110481949583,3.400361406568994,5.680749464859711,11.224151,8.462879119050626,13.575673725323599,228826.834133,6.907755285562137,10.589696690609994
60,60,8.70323159401051,6.907755278982137,6.907755278982137,6.907755278982137,9.655288722876271,3.43032902533819,5.677377722661385,11.099336,9.834814698693425,14.140625941121415,240246.712713,6.907755282512137,9.570407260768233
61,61,7.728238144136607,6.907755278982137,6.907755278982137,6.907755278982137,9.776145878305138,3.3689934561964487,5.675699542042858,11.857358,9.23219563126941,14.08525345182039,212819.694733,6.907755288192137,11.118123213397615
62,62,6.540998715119397,6.907755278982137,6.907755278982137,6.907755278982137,9.772171019583762,3.4498442307084973,5.68555037819478,11.89886,8.393389070340717,14.01460781193827,198495.113559,6.907755286952137,11.178652316068382
63,63,8.255041408592197,6.913254063358358,6.919966726516839,6.908445273721557,8.829320919137672,3.0111243401752152,5.692906523534102,14.362721,7.658161551166353,14.21804575978518,423773.920184,6.907755278982137,9.295186624670722
64,64,8.901960514904278,6.911647889723655,6.907755278982137,6.907755278982137,8.5860519232402,2.8046823832943577,5.693558718655184,12.217175,8.588458603882358,13.67585767728873,367256.401415,6.907755278982137,10.585984259094683
65,65,7.484701827316892,6.972290034365667,6.969180328859027,6.908242423722827,10.4451742564252,2.809250788445708,5.69918115281954,13.316664,9.129457581284367,15.49504616068155,594805.952212,6.907755278982137,9.5357749480028
66,66,10.21742462004115,6.9098983281294295,6.907755278982137,6.907755278982137,8.518527061415979,2.701766207554188,5.706377452177752,12.918814,8.519739700753354,13.505387377819558,428106.192277,6.907755278982137,11.468894372340976
67,67,9.157745069724534,6.907755278982137,6.907755278982137,6.907755278982137,6.487549306214973,2.780012703697851,5.703299838983006,13.101464,7.620144749579639,10.811443647620225,507699.417672,6.907755278982137,11.982625934842805
68,68,10.773728331079477,6.91729175667381,6.967935812957325,6.9086210952695915,9.779340786229676,3.3800273736873754,5.705324631830318,13.769862,9.026475494204028,15.555706872522359,296626.156042,6.907755369682133,10.461462163308179
69,69,9.49694356475047,6.973068311353934,6.942592125616958,6.9080995894132835,9.8608150969684,3.639853620508894,5.708007424741931,15.281505,9.295047661965683,15.471129198963201,458037.062121,6.907755602248085,10.096072874333213
70,70,10.57464950409325,6.907755278982137,6.907755278982137,6.907755278982137,8.32654957413713,3.4892303853914823,5.713736731531365,10.782747,9.6530489451935,14.17931479582917,344070.154748,6.907755304182137,9.889247434380938
71,71,9.327971939564978,6.907755278982137,6.907755278982137,6.907755278982137,6.335371506132024,2.775251932825401,5.7028202507672425,13.156686,8.572068296554969,11.101568031157226,508889.222247,6.907755278982137,11.951906977554412
72,72,9.20335877465362,6.970470361814075,6.914019774815852,6.907843774876205,10.102765041573122,2.860441959379234,5.696888154563828,15.3578,8.558687486769713,15.657090957791944,691381.373568,6.907755310282137,10.359557369835462
73,73,10.513638079834156,6.917761607008244,6.908120816089105,6.907790357835112,8.852428406098344,3.446823931110436,5.713711319288443,12.677547,9.775305776135761,14.428640723004296,280787.261371,6.907757429683825,9.83082940646339
74,74,10.821640530148603,6.907755278982137,6.9242767925497395,6.90875477931522,8.444881411297171,3.466964661519554,5.716651967573815,13.112699,9.380512845267539,14.522148173211413,299908.324655,6.907757698974208,10.505080168422346
75,75,6.818408497095723,6.932109475320797,6.91431212130454,6.907965889376829,9.395102448278246,3.0102450416093345,5.687606317181139,13.096533,8.03416824184989,14.884264630943656,248308.628795,6.907755278982137,9.636028612217412
76,76,7.206105710793837,6.910814792150452,6.907755278982137,6.907755278982137,10.513464025828744,3.02664316592607,5.692749386733437,11.594029,8.516888618962756,14.656537729707052,496362.260212,6.907755278982137,10.570441272126768
77,77,7.182967158915305,6.9092485673110415,6.907755278982137,6.907755278982137,10.156542775864855,3.0564971432011214,5.6945164396499495,10.855947,8.112235160386758,14.800404877093516,473554.720654,6.907755278982137,10.898127211529534
78,78,10.668058319027518,6.909683370923871,6.907755278982137,6.907755278982137,8.292029350691006,2.720240775579616,5.701284315363071,13.381508,8.37617669907075,14.124068145053844,612085.690716,6.907755278982137,12.002426800739315
79,79,8.05204191835304,7.601019153030843,8.354293496354426,6.908519561112808,11.840277668802559,3.2313492107691153,5.684353064022818,15.373232,8.385800460253805,18.057130080989975,319028.29707,6.9077552790274375,10.611934341112203
80,80,7.893103176695236,7.5293577355297545,8.453312113416617,6.908565623648285,12.118412003268,3.3246661014755596,5.6855979117493005,15.01319,8.201350781550905,18.479061773278502,345304.052805,6.907755279120137,10.594924286628679
81,81,8.130745996382442,7.236682797716798,7.618339519712688,6.908481632044983,10.995046642441505,3.2923721128398635,5.682694257101075,14.943936,8.314549849793277,17.07093069453958,322707.222921,6.907755279098137,10.709853844315234
82,82,7.996683364302343,7.126759406770902,7.744141987135193,6.908597255227417,10.917330766556457,3.2962927226377556,5.705977231018815,15.181723,7.344805673130698,17.39450394901187,341360.244478,6.907755279394137,10.013851132962118
83,83,8.023977640648583,7.1586684395963625,7.333800665406367,6.908405725888608,10.632021857428734,3.2171859017521505,5.696803301714596,15.109035,8.553509186727618,16.586499018114466,346172.92298,6.907755279125137,9.574485176366183
84,84,8.420095854025679,7.377987870467765,7.414661907741858,6.908278854996909,10.845615373544776,3.2752064191694177,5.688913623391096,15.030841,8.439071331173995,16.93609038592512,330345.890619,6.9077552790791374,10.194314966735238
85,85,7.602193503586651,6.945720895411978,7.01500840227795,6.90850027734458,9.043713522398745,3.2235115724911054,5.699747151992412,14.81007,8.945642905689219,15.293206581091441,379270.246854,6.907755279292137,9.349785911779588
86,86,8.362843445842636,6.954970488919706,6.907755278982137,6.907755278982137,9.586071027083777,3.414888360914898,5.683935069374702,13.852544,9.315378135406112,14.761613062935659,421343.238754,6.907755299482137,11.123078798685784
87,87,9.370512798060902,6.91019831247051,6.921747709729385,6.908607002439145,9.50566198865715,3.4651948311187164,5.694854262504862,14.447426,9.584771355428284,15.032972535289117,533180.331289,6.907755287982137,10.63647866504423
88,88,7.632794566728588,6.933583517934954,6.947041259498597,6.908360053527934,9.890749922270546,3.5919956642294553,5.706067207731399,13.911015,9.262150679565371,15.592968453981479,504863.367363,6.907755305682136,10.746628645700342
89,89,10.519489861446596,6.907755278982137,6.910284681918844,6.90875477931522,9.374680477126411,3.4172985108293332,5.712033765317418,12.375683,9.630575202391071,15.297282077816607,302091.114999,6.907755292682137,9.421079295339572
90,90,8.482709906666628,6.922592895730089,6.972049299918779,6.908571203184236,9.86687662692287,3.58573936696249,5.707644970721643,14.501622,8.384393752592162,15.801021856847433,535832.4923,6.907755290482137,10.946405697261207
91,91,10.43210666091439,6.907755278982137,6.907755278982137,6.907755278982137,7.727859947578005,2.593888891887305,5.695411996858833,10.392138,8.69828661833233,12.35490982190304,837766.904017,6.907755278982137,12.21306900302364
92,92,7.393594432306288,6.926662060225321,6.911326918893724,6.907913134494763,9.62875178058142,2.738641381662356,5.702196694661469,13.591456,8.573785028801389,15.429802404311015,744862.981018,6.907755291982137,10.243694080465088
93,93,9.25587284616596,6.907755278982137,6.907755278982137,6.907755278982137,7.030931478682903,2.722236285882787,5.694947052089183,0.85609514,9.526620964367368,11.302429099773278,811961.814136,6.907755278982137,12.054068683336576
94,94,8.183145664026556,7.223343775799772,7.25055563460433,6.908279387623232,11.544114103355522,2.9852691744244377,5.710974867764191,14.947662,8.377645584835221,17.43653178886127,600937.216115,6.907755357382134,10.393694008414688
95,95,9.082260653729513,6.907755278982137,6.907755278982137,6.907755278982137,8.700914401571605,2.8545051890738855,5.692880264094121,11.258047,8.226207249443851,14.22894437519652,813931.364315,6.907755280142137,10.905335385301688
96,96,9.386630073076688,6.982069522327952,6.907755278982137,6.907755278982137,9.621449456177974,2.862150544239741,5.696119663120809,17.071051,9.05736021635193,15.603726307917167,662185.673083,6.907755321782136,10.876261390001824
97,97,8.320194079025693,7.1285293679910495,6.922720000425828,6.907812797986232,10.164314289459849,2.7141117616283874,5.6996932352349985,14.262204,9.736911949400143,15.996898120779953,777115.333273,6.907755286252137,11.00355940121811
98,98,8.556203397505051,6.9155679359953535,6.907755278982137,6.907755278982137,9.347259494757404,2.7893434584693493,5.702077365924192,13.511954,9.102065854776857,14.815256385520401,788507.79965,6.907755281322137,11.29065220097113
99,99,8.008398295559358,6.9087948466482665,6.907755278982137,6.907755278982137,9.324459994409935,2.9584548656253893,5.701642384709768,10.752256,9.237071750752602,14.136757970284762,447989.103879,6.907755279035437,9.040245287257092
100,100,10.29096433182152,6.907755278982137,6.907755278982137,6.907755278982137,7.728010151810467,2.7190114216790313,5.709666650246523,12.635224,8.370669494095997,12.540868477770442,766580.027749,6.907755278982137,12.447244433153289
101,101,7.667913151589939,7.481282099239821,8.070383669284665,6.908494475841775,12.216342925194262,2.739191551398733,5.696481401666001,14.78049,8.732109120132288,18.445951115690985,738435.507024,6.907755284492137,10.791071047530494
102,102,10.058959764279855,6.907755278982137,6.907755278982137,6.907755278982137,7.34969232582231,2.6011242748802106,5.692637912254119,11.824346,9.738347656663615,12.67599442093578,632782.764625,6.907755278982137,11.969762772447863
103,103,11.669898007851918,6.907755278982137,6.907755278982137,6.907755278982137,8.119999867575952,2.5869026697800357,5.697672193612744,14.167013,8.796597959499667,12.89154703398917,843965.253977,6.907755278982137,12.372990259706283
104,104,8.807816053933102,6.913708101887249,6.907755278982137,6.907755278982137,8.29340360646723,2.6339465563124587,5.704966869157376,13.615571,8.167209445297022,13.499835948272574,781234.273335,6.907755279147137,11.499986703746798
105,105,8.61189509930965,6.908786211250269,6.907755278982137,6.907755278982137,8.137161241139314,2.5690643164160356,5.702818245920384,12.388669,8.940079469983615,13.623589639073353,749756.777614,6.907755279102137,11.491439138599832
106,106,7.278418777644076,6.934646341049542,6.907755278982137,6.907755278982137,9.589195213303277,3.2886053810568647,5.677904544403658,13.586551,9.208517522485078,13.944437725727543,308256.349583,6.907755279251137,10.617895677839101
107,107,9.082475302874169,6.907755278982137,6.907755278982137,6.907755278982137,6.585548909264747,2.755112133774446,5.7028862989940565,13.044991,9.119533685362946,10.84910404979211,491702.618108,6.907755278982137,11.930375228932139
108,108,9.216865924988726,6.907755278982137,6.907755278982137,6.907755278982137,6.251160601219944,2.672717903915367,5.710834263958589,12.974282,8.377920397140139,11.365793430062114,482091.836802,6.907755278982137,11.68215581380866
109,109,8.943866357997727,6.907755278982137,6.907755278982137,6.907755278982137,7.602311116918247,2.691655385716276,5.708080629145184,9.894412,8.362617019454373,11.885102626212218,465120.239644,6.907755278982137,11.6795442959581
110,110,8.318108466673882,6.939420297200395,6.907755278982137,6.907755278982137,8.079280890780618,3.0127533461858484,5.688007636910783,15.44694,7.595861981584609,12.976954786990431,444139.311478,6.907755278982137,10.254804476527354
111,111,6.704788811190121,6.907755278982137,6.907755278982137,6.907755278982137,6.325974985661127,2.9655636863969597,5.699831941639641,11.909201,6.45714675347437,10.899259893520988,287505.730142,6.907755278982137,8.008968403190094
112,112,8.031805304843918,6.921277518062895,6.907755278982137,6.907755278982137,9.57530114343882,2.8790111344339824,5.698161539755564,12.514099,8.624013163008753,14.649599778853704,306365.202459,6.907755278982137,9.63609896473348
113,113,9.633288660096948,6.907755278982137,6.907755278982137,6.907755278982137,7.596480848612119,2.6243783739524784,5.704106526865612,11.617049,8.350009421158076,12.120759825176126,477158.175722,6.907755278982137,10.9726419052575
114,114,9.240021961796185,6.9143405522040275,6.907755278982137,6.907755278982137,9.114171968002827,2.6968284130634195,5.70288102152272,13.223887,7.982887965652716,14.097730238681491,430024.08307,6.907755278982137,10.959177074850281
115,115,8.430891925105163,6.9088116182611055,6.907755278982137,6.907755278982137,9.212891614786871,2.602410018422689,5.702252911130102,12.718884,9.031992065474396,14.698354892981925,678028.692855,6.907755278982137,11.378782254313503
116,116,7.1289585469385655,6.908927639875508,6.90889014450797,6.908247027730573,9.260600027342932,3.1030538478372773,5.6862347307409875,12.034744,7.782479884138335,13.741783358556276,276940.392312,6.907755279237137,10.833669696252871
117,117,7.688867684905338,6.907755278982137,6.918367674000523,6.90875477931522,8.564442645491667,3.024290863667592,5.694425321048553,14.510014,7.591146175385486,13.798232597014309,399748.470086,6.907755278982137,9.040730998296967
118,118,7.899758252981832,6.907755278982137,6.907755278982137,6.907755278982137,8.31772515025318,3.095197880752984,5.696747743978244,11.987436,8.177446213246348,12.937861733004185,402407.460808,6.907755279036337,9.472616784200163
119,119,7.169404340565247,6.911589455407873,6.907755278982137,6.907755278982137,8.366281507041853,3.2080049835143294,5.691023959981129,12.868335,8.299714306864251,13.489202052837623,401048.108398,6.907755278988227,9.99383931168367
120,120,7.856375519857539,6.909095036194933,6.9088718769483926,6.908209723163047,8.919671028737335,3.1220426308338696,5.7004639666777255,12.059763,8.09865791938742,14.252530332982444,401312.565116,6.907755279570137,9.051666784502672
121,121,6.8952888171947615,6.930729664981575,6.907755278982137,6.907755278982137,8.702180874268766,3.224994527537353,5.708941588127863,14.415586,7.787891252827703,14.350804401858152,381700.533562,6.907755279277137,10.0670874994717
122,122,6.5918986154235695,6.907755278982137,6.907755278982137,6.907755278982137,7.961129168489236,3.232694786652112,5.687974784998812,12.725561,9.118298723505976,12.572302462601023,393451.157163,6.907755279023137,10.338277141017135
123,123,5.991036858623447,6.909078546010905,6.907755278982137,6.907755278982137,7.470623998964017,3.247448846175688,5.706356704770937,13.339062,8.4257189798845,12.797803753991811,387498.726283,6.907755279173137,10.435840884980605
124,124,8.377084401647704,7.398183390211506,6.963883747585885,6.907838856619536,9.966879870158355,3.266227197334036,5.711943441651314,15.306971,6.918742092105887,16.01133309014927,374443.893223,6.907755279221137,10.267774746125362
125,125,7.402248664288254,6.907755278982137,6.907755278982137,6.907755278982137,9.233035087659973,3.18612879433574,5.687758697708858,11.580372,8.21053061147676,13.76430804996119,372354.484688,6.907755279022037,10.587241687737919
126,126,8.39227842017534,6.907755278982137,6.907755278982137,6.907755278982137,8.925972920095143,2.9404770694673132,5.69495675296972,12.388222,8.53819428774965,12.932089171367814,409101.223953,6.907755278982137,8.293472881486249
127,127,9.140687621898156,6.914059578682993,6.909982476995653,6.908015907603061,9.397246403986243,2.8134096123174266,5.700061271690596,14.538708,8.550188119404371,13.847570850987983,408641.480584,6.907755278982137,9.716752242884105
128,128,7.872665926289959,7.039192226937372,6.932026092264438,6.907904132894565,8.862016687563635,3.2524762363773334,5.701669768951025,15.097297,8.73885827649927,15.161764404259813,360550.875729,6.907755279185137,8.807990137883547
129,129,7.940216280567944,6.916866884646472,6.907755278982137,6.907755278982137,9.669515648145028,3.1098622966728207,5.690980041010842,13.283143,8.143332470996844,14.180573964480352,368126.539039,6.907755278982137,10.173781175200618
130,130,6.71557224940781,6.907755278982137,6.907755278982137,6.907755278982137,8.412411708086832,3.0293851899223094,5.688727856292289,12.93833,8.343177392336958,12.902922316347183,267120.943299,6.907755278982137,10.823844556646257
131,131,8.096949042417384,7.124677010942453,6.939249950905147,6.907871942088196,8.731193502412074,3.2919039664541203,5.700978171467667,15.444005,8.367494746510037,15.018811030443445,365748.879693,6.907755279186137,10.204379789483454
132,132,8.31377000367053,7.009083547470341,7.332353143103255,6.908587158659908,10.748898526729851,3.3643911590285707,5.712086954942382,14.790281,7.863583341184912,16.96862370578838,315873.508489,6.907755345282135,11.73466731536855
133,133,7.627952937560395,6.907755278982137,6.915817810985887,6.90875477931522,8.622128500686639,3.0739041062287074,5.698322588487586,13.140602,8.748970069925985,14.2820099294645,337212.274971,6.907755278982137,8.957799342048535
134,134,8.470003978969393,6.907755278982137,6.907755278982137,6.907755278982137,8.872619628294284,2.8454676639346173,5.691788072261973,12.134927,8.882410365980165,13.915472745302653,321781.696614,6.907755278982137,9.300157398904082
135,135,7.473726122502582,7.743352980828493,9.927763577775368,6.908692035309811,13.325965847376233,3.313613140166074,5.701299332940065,15.180375,8.010595276787306,19.742551480915473,347761.23908,6.907755279602137,10.007732663642017
136,136,8.29883281912941,6.966702178621122,6.934957390517918,6.9080675430359895,10.12772082988319,3.0565551746247364,5.696514199425535,13.920958,8.761840381986314,15.343041708546352,344985.019404,6.907755278982137,10.061377226703991
137,137,8.63305412801721,6.907755278982137,6.907755278982137,6.907755278982137,7.974255551730915,2.1111703931095773,5.691672733875249,10.87487,8.806018725563941,12.367868380252302,358095.651383,6.907755278982137,11.160903153756117
138,138,7.754546512043008,6.910424385303042,6.907755278982137,6.907755278982137,8.89433096231844,3.11281473389145,5.685797292410176,13.328481,8.490960834428185,13.11844991803696,293666.23449,6.907755278982137,10.575705593676858
139,139,9.355115138039178,6.908789168638948,6.907755278982137,6.907755278982137,9.178506890712791,2.7422625949910002,5.698918519367671,12.452123,8.44190805805759,14.360809355802651,353307.369579,6.907755278982137,10.27160806738736
140,140,7.158956253557648,6.939250674021106,6.948008323572246,6.908317235849507,9.164343877375474,3.2859164698040777,5.694670024947601,14.618078,8.166162343462073,15.343044455553812,386486.97293,6.907755279043137,10.641965466784892
141,141,7.922081307348291,7.133143128283258,7.166963702961709,6.908294403154359,10.224110601709155,3.2761669659223918,5.706367870255555,14.793861,6.774616539397605,16.687572196220387,376680.805586,6.907755279118137,10.543730842889854
142,142,7.556351289562407,6.999047801259537,6.975262253662296,6.908177355878268,10.342988996569503,3.0755350947601463,5.692630616619193,14.526097,8.197590818566049,15.071497619838999,308240.001483,6.907755278982137,9.977729364421842
143,143,7.767593309902797,6.919864908330618,7.028390048913735,6.908668084524117,10.014553993396673,2.999006916069906,5.691026744508058,14.825373,7.901892897034338,15.932972607073102,292748.47903,6.907755278982137,10.340850724691173
144,144,6.9555453862597725,6.90895498300531,6.907755278982137,6.907755278982137,9.205475829250483,3.013975033099584,5.687588257636763,13.655209,8.768741574591784,14.487666551170292,275265.436449,6.907755278982137,10.762682466996784
145,145,8.98967384372154,6.908925754406376,6.90881824392215,6.9082310840008905,8.462831467895542,2.6336524118560845,5.700389278515408,11.930422,8.204880178597714,14.120692545066175,339946.691508,6.907755278982137,10.762985731655005
146,146,10.177794887456226,6.907755278982137,6.907755278982137,6.907755278982137,9.010667809324813,3.3937661620082444,5.706915894049484,10.16027,8.567482702751303,13.40197632301681,185402.830372,6.907755379315132,9.9764029926232
147,147,9.382810969228407,6.907755278982137,6.907755278982137,6.907755278982137,8.938570991738764,3.3930881792192014,5.706253998869155,5.4672394,9.104258130993946,13.416180848569251,219937.262984,6.907755467516119,8.825488345708644
148,148,10.490008418668248,6.9121197000899794,6.934765508089196,6.908617154823044,8.941786738822604,3.556693052771559,5.7156112544950854,12.99703,9.06717464257009,14.858928542803323,101811.102037,6.9077557344640335,11.00272253299146
149,149,7.485085993218259,6.907755278982137,6.907755278982137,6.907755278982137,8.62460133126006,3.0395028663178607,5.6624854473430934,11.42041,7.777116716530491,11.905424655466092,268129.871546,6.907755278982137,10.692712691130973
150,150,8.046491106842392,6.909803004245098,6.907755278982137,6.907755278982137,8.323000879173666,2.88921521891827,5.6855509814162755,11.571021,8.306096664299748,13.570439989434679,277170.335526,6.907755278982137,10.395157950957223
151,151,7.036181680198644,6.914634335398595,6.907755278982137,6.907755278982137,9.423108120336806,3.102087606969502,5.688362239660529,13.268356,7.874531325168436,14.106315704421954,260602.587257,6.907755278982137,11.038121370736494
152,152,8.488440105111675,8.105619287960778,7.143822289998999,6.907858503211019,11.300502752047445,3.1465605588500187,5.692969281463306,15.853837,8.100511444011289,17.285008556815555,249587.036682,6.907755278982137,10.817752192032621
153,153,6.901889453533821,6.907755278982137,6.907755278982137,6.907755278982137,8.635863335697607,3.369917998440726,5.672230832702805,11.208495,8.269845120256822,12.336137595803182,248658.824658,6.907755279134137,10.171245697122838
154,154,7.962227019275229,6.913097321662198,6.913577426312925,6.90827670496559,9.2399015043121,3.2863065607700492,5.660467833683535,13.187443,9.148247314296594,13.621368962466983,250879.625257,6.907755279504137,10.57536122505614
155,155,5.86370029124734,6.914378137216983,6.907755278982137,6.907755278982137,7.713279218696833,3.0557707091403725,5.674071359898894,13.736814,6.751061129475182,12.746190719678568,213739.222739,6.907755278982137,7.542627657366037
156,156,7.802276862540387,6.9945186121285685,6.945279841023507,6.9080519348213585,10.218801486920432,3.113012523119073,5.693942664748302,13.896817,8.129070896349061,15.480504301529097,240129.183682,6.907755278982137,10.387642448328014
157,157,7.545563398590965,6.941976824972179,6.941285376114436,6.908249966874183,9.530405023047967,3.1430434275636974,5.691646501621891,14.533547,7.987516727308526,15.29069248859982,239048.218042,6.907755279197137,11.220913126297992
158,158,7.310294795397241,6.913644909198614,6.907755278982137,6.907755278982137,9.666687043055482,3.174307800029353,5.68283249596627,13.117858,8.060121584486607,14.003828021628989,231029.86344,6.907755282182137,11.28789314542203
159,159,8.060402895984051,7.134203609654176,7.24749187229573,6.908369282221113,10.246416080950725,3.160226132553046,5.691087478506889,15.250102,7.64254200511878,15.785297542259128,236217.702661,6.907755278982137,11.032777362814784
160,160,7.393056764326464,8.350352001949918,10.114042132903789,6.908634840053643,13.617895099397963,3.1580203139676826,5.682738986035543,15.161426,8.510256132986473,19.798791804674238,217961.17496,6.907755278982137,10.706672606983973
161,161,7.895673784162399,6.907755278982137,6.907755278982137,6.907755278982137,8.783933605021627,3.286094591280983,5.659918394975036,12.986871,8.234848193204698,12.680225290497987,204002.754249,6.907755279552137,11.316288574719948
162,162,7.543347189992386,6.93459268182913,6.9206726538586345,6.908078623197408,10.092428196426747,3.2277600069054553,5.686172608335704,13.354617,8.16155431434054,14.458938593573965,344498.170219,6.907755279054237,10.457394318872963
163,163,6.533689104146687,6.932215315062008,6.940205890398805,6.908326302228954,8.954863525697613,2.8904068467527657,5.681382677172815,14.070082,7.8997900461040444,14.547682734939503,269260.599119,6.907755278982137,7.67526838367119
164,164,7.555786717946006,6.910130339011862,6.907755278982137,6.907755278982137,9.613800003793747,2.9292075734762624,5.6894447043922085,11.123292,8.195477128715037,14.388309867959645,270516.860189,6.907755278982137,9.645158181418656
165,165,6.962308397460077,6.97391074309531,6.926297492028272,6.9079701063188415,8.865912454683805,2.934875957878607,5.687378261494839,14.540321,7.739239525549842,14.706899382484691,259541.315048,6.907755278982137,8.716880372949266
166,166,4.706204600807431,6.91924321201125,6.907755278982137,6.907755278982137,8.577277224788125,2.9356280185320185,5.6664415521957325,12.232866,9.391726816513922,12.353748340587932,229561.928747,6.907755278982137,6.360612885104004
167,167,7.707047910777336,6.971686892958985,6.9142704048141175,6.907845362653439,10.559372878126755,3.0875312429127626,5.682742075647779,13.411688,8.942693278240586,15.833058472460017,215358.177749,6.907755278982137,10.025599339185428
168,168,6.62870504925612,6.907755278982137,6.907755278982137,6.907755278982137,8.106141105170792,3.0549143835067505,5.682355796925742,12.074866,8.197747847584033,12.53090697548176,184697.475899,6.907755279029337,9.636905424246079
169,169,7.308168809142826,6.907755278982137,6.907755278982137,6.907755278982137,10.001774841803568,3.448597315540873,5.674193114874846,11.574839,8.591484477817305,14.475096674514978,174779.374026,6.907755282432137,11.204459379625236
170,170,7.01893159150648,6.907755278982137,6.907755278982137,6.907755278982137,9.879465059115743,3.4658449584998126,5.679642583322289,11.241807,9.154473256814176,14.03949834888635,178732.94885,6.907755283572137,11.125168137059188
171,171,7.294522516293988,6.907755278982137,6.907755278982137,6.907755278982137,7.733054213402562,3.1640322002301513,5.694252645036363,11.749336,7.3521414689932385,12.476383158244943,165133.609205,6.907755381319132,10.561806546853022
172,172,7.136062942658009,6.907755278982137,6.907755278982137,6.907755278982137,8.570581396944336,3.2639251423683904,5.684387284688359,8.9599142,8.568867543166508,13.113287824762285,152264.05719,6.907755309982137,10.886684169584024
173,173,7.4906051526271344,6.938742013056295,6.907755278982137,6.907755278982137,9.14027022758194,3.0645692986701945,5.68984546504136,13.699716,8.260606095357916,14.02923706700952,279019.775483,6.907755278982137,10.686931599703783
174,174,8.417907442684164,6.909010991085773,6.907755278982137,6.907755278982137,9.299737010300166,2.8876260480547025,5.69103045533833,11.048312,8.779839485477336,13.982641704816444,704007.398189,6.907755278982137,9.575555156622107
175,175,6.714859955308479,6.907755278982137,6.907755278982137,6.907755278982137,9.107973094330694,3.498871343845503,5.69003347148121,10.136967,7.473173150765211,13.04037935915521,120662.340262,6.907755305682136,10.944436689620916
176,176,7.154552739762541,7.6263340727085875,9.73728607876982,6.908692945432701,13.570796974663955,3.302932952258558,5.669745023829407,14.690854,9.003277033493086,19.67743093559847,179308.738122,6.907755283142137,10.938469446755665
177,177,7.789407609509813,6.922945360147817,6.907755278982137,6.907755278982137,10.035682633944399,3.1774156182672675,5.663979261293809,12.225135,7.815531875444464,14.625863319468289,158844.789625,6.907755280552137,10.644302681321436
178,178,7.607551682303812,6.907755278982137,6.907755278982137,6.907755278982137,10.600567813385597,3.4980800830303385,5.684405657765302,10.750877,9.709878764333506,15.255705807017174,173881.067054,6.9077552970821365,10.10723031933941
179,179,7.305452647642876,6.907755278982137,6.907755278982137,6.907755278982137,9.383549620844313,3.072292208470737,5.691286211461431,11.041286,8.056333174284681,14.703571228868293,177105.796929,6.907755292382137,10.2684055789258
180,180,8.781246359692554,6.907755278982137,6.909209340574213,6.90875477931522,9.679984061451371,3.4272166378586157,5.677197144624794,11.291092,8.50960900888708,14.06358499018085,136139.982519,6.907755290982137,10.857615587720204
181,181,8.367221635082023,6.907755278982137,6.907755278982137,6.907755278982137,9.115490932014954,3.5275533095006444,5.691661860014635,10.147201,8.803370523121798,13.808181353074806,90437.8266094,6.907755314482136,9.696838397793451
182,182,8.014191596667345,6.907755278982137,6.907755278982137,6.907755278982137,9.572027175538226,3.456127516787788,5.68591687022574,11.189878,8.422256467057146,14.434585877332365,113670.114914,6.907755298982137,11.054022091289847
183,183,8.62963954442589,6.907755278982137,6.907755278982137,6.907755278982137,9.447939890482523,3.3071043884808824,5.676874079363469,11.370836,8.193830591026355,14.046373934989838,140481.999744,6.907755283902137,11.181095772448623
184,184,8.135338183134163,6.907755278982137,6.907755278982137,6.907755278982137,9.31519125779478,2.6746497796191266,5.701469245673872,12.765708,8.091144731793518,14.469269811234572,634830.339537,6.907755278982137,11.218724320904172
185,185,6.802943521982854,7.014624961316224,6.937237071106658,6.907964917865275,9.608593939319329,2.8927564721812264,5.6675643068790995,14.512453,9.018966379206438,15.101630480382422,233552.031124,6.907755278982137,7.560392244632263
186,186,7.913421612651036,6.915885423315991,6.907755278982137,6.907755278982137,9.561913513826385,2.901523608120899,5.691714666376129,12.329279,8.3591152532764,14.054713406870164,657714.925707,6.907755278982137,9.694760571058747
187,187,7.112177650055462,6.915552099217803,6.911145204253878,6.908057798129196,9.294613871062944,2.7155718042233854,5.694712422918028,13.242359,8.646573707541071,14.437015004207813,598411.437936,6.907755278982137,10.578222696860514
188,188,7.546020381619166,6.939507094659484,6.913877718159531,6.907915183371061,10.04579828745643,2.6658539955432845,5.699447979888363,12.721424,8.503072010813408,15.30176672406985,630111.369078,6.907755278982137,10.981078275681519
189,189,8.220362069033921,6.907755278982137,6.907755278982137,6.907755278982137,9.686371797500204,2.8355727781423634,5.700116051667656,10.447662,8.954872245944339,14.339088193990756,632467.459479,6.907755278982137,10.074783760355396
190,190,8.660518903271292,6.91007275017099,6.907755278982137,6.907755278982137,8.383973133179277,2.8840391176888502,5.692806923950345,12.041112,9.312797843503086,13.740025054040432,665392.023492,6.907755278982137,10.731538328272086
191,191,9.60032720194683,6.907755278982137,6.907755278982137,6.907755278982137,7.85923819730449,2.7970575723581734,5.69997288774929,12.732462,8.716460393591563,13.059736009763972,672175.147226,6.907755279363137,10.791628781511388
192,192,7.933570228031196,6.907755278982137,6.907755278982137,6.907755278982137,9.007706661059299,3.3424782462272726,5.679282284655999,10.953732,7.7755042296032695,13.532040236304809,134476.620668,6.907755304282136,11.07987556639209
193,193,9.224187624190895,6.907755278982137,6.908985182778833,6.90875477931522,9.032300997538217,2.882588703844838,5.69654659507815,12.018971,8.318046105032957,14.332794914433133,722822.87746,6.907755279174137,10.032168803540182
194,194,8.976910381283679,6.953206439934483,6.924257178133473,6.908018772137736,10.097359644321921,2.881791449188098,5.691934074364381,14.60335,8.858707566674955,15.521117356631596,706884.176764,6.907755278982137,10.766777150235276
195,195,7.506101662540388,7.03802642781236,8.294129598920389,6.908710503730874,12.136518473686504,2.821527735485402,5.689575669721493,15.071603,8.218870544345567,17.979611899986637,582817.564158,6.907755278982137,10.122692970062811
196,196,5.912251916324769,6.909370336169752,6.910658298858983,6.908397754891519,8.590290072589704,2.951351541733141,5.663085975636056,13.94793,9.057437266445714,12.917329537167335,227761.636789,6.907755278982137,5.755949585865441
197,197,8.922321498975839,6.91024765811321,6.907755278982137,6.907755278982137,8.610027290078401,2.9816301377393124,5.701056455362898,16.21748,8.479509331802175,14.538491269824204,710077.053004,6.907755282942137,11.159633429206945
198,198,7.498677658273218,6.9089397841880915,6.907755278982137,6.907755278982137,8.475096676706737,2.8834569295250274,5.699344943756891,12.498003,8.898885669232312,13.141699813774355,635511.65188,6.907755278982137,10.728126680383149
199,199,7.792223760046011,6.909170914870985,6.907755278982137,6.907755278982137,8.838755583818308,2.910552373184879,5.692971180124848,12.492977,8.600259657828378,13.672856211913782,629379.669148,6.907755278982137,10.38938946146523
200,200,8.040240705435153,6.907755278982137,6.907755278982137,6.907755278982137,8.9002056343776,3.0336291625597807,5.692218824022986,11.686749,8.648605210257667,14.002018343530791,618447.803139,6.907755278982137,9.424252465793765
201,201,7.416974585657114,6.970842786999372,6.912482818767597,6.9078231097105025,9.249418286472682,2.834456091314091,5.701190276217658,14.117997,8.541116603789423,14.777519072968719,569458.982347,6.907755278982137,8.979974351211
202,202,7.4149265655638095,6.918388150064114,6.907755278982137,6.907755278982137,9.320168473095805,2.892010634942119,5.704178370209214,13.030609,8.788381261170231,14.541456806086261,580518.15343,6.907755278982137,9.449357801336307
203,203,7.909616340726215,6.921904724888234,6.907755278982137,6.907755278982137,9.063338301513262,2.9083340581611243,5.700470135984386,13.29344,8.39544742912866,14.379052711660984,603313.811497,6.907755278982137,10.533115420333145
204,204,7.370941344765538,6.908776931633288,6.907755278982137,6.907755278982137,9.652316049755171,3.0313954670246894,5.688298735324732,10.540962,8.233869457843324,13.742531272284502,513817.076428,6.907755278982137,10.317605483821094
205,205,7.473520288450951,6.943041147087625,6.916337004782225,6.907948788036732,9.807914703237191,3.0096490617479144,5.695783102397508,13.038125,8.379626397687169,14.88582757066795,576723.846371,6.907755278982137,10.154553740251783
206,206,7.532523729610128,6.912084280068698,6.923800800340157,6.90854347723537,9.271521544771739,2.944134584511509,5.697459437114492,12.706684,8.536194748790585,14.341562994923972,589293.795396,6.907755278982137,10.48932340454787
207,207,8.560476720701557,6.907755278982137,6.907755278982137,6.907755278982137,8.072760586892727,3.202760538298327,5.666807043214625,10.336075,8.229943856144216,12.394435378402406,155568.432561,6.907755279725137,11.150009248824562
208,208,9.247673059120398,6.9087866954556825,6.907755278982137,6.907755278982137,8.837363281474977,3.1573960349527375,5.666065987891458,13.018476,8.450345408703265,13.40997145888355,165084.767214,6.907755281522137,11.278544030567293
209,209,8.346379827084304,6.908858089490086,6.909621668069944,6.908383753838248,10.144535106369228,3.5602108938002766,5.694515641642758,11.805402,9.638944111796835,15.30955746948556,98426.9418061,6.907755323182136,9.563803299556026
210,210,9.879415915630032,6.909591906835083,6.915283206679808,6.908559278825763,9.946465477367589,3.4549890137338477,5.6899210198946495,11.534916,8.999973319654424,14.846454688361717,81188.1572003,6.907755329882136,11.062734005282596
211,211,8.266556927069578,6.909096634078528,6.907755278982137,6.907755278982137,9.845856691816609,3.5794494884650465,5.703322793218876,12.06015,10.033334771306912,15.190497110431645,31272.3385658,6.907755335982135,10.191878503831422
212,212,9.158829923925449,6.907755278982137,6.907755278982137,6.907755278982137,9.10772987155786,3.5498011894106787,5.701355049445402,11.713942,8.45773985416177,13.94472844165352,41760.1537941,6.907755350782135,10.002756860348985
213,213,10.34545518375812,6.914112068288699,7.018863813805068,6.908703357378001,9.89958570020125,3.599851720139461,5.7109783092431945,13.474135,9.354143323464779,15.5979872503904,161346.670256,6.907755835491982,11.267979748898352
214,214,8.857123693569212,6.919081271988883,6.974037595322688,6.908612387055546,10.519878330020148,3.6031178917142106,5.705737494801659,13.118243,9.378333728539971,16.07973697292245,97314.1979498,6.907755401710129,11.074261039645487
215,215,10.219232209514303,6.907755278982137,6.913949973963643,6.90875477931522,9.457388869655594,3.5538160216526165,5.710685358462202,12.337721,9.300933290213099,14.923514897040027,66742.0620633,6.907755540225103,9.988157899507874
216,216,8.568760870400359,6.919674393631824,6.907755278982137,6.907755278982137,9.085981400922595,3.402622406132315,5.706954859451507,12.432246,9.484576542979323,13.46052734750328,282758.255059,6.907755790584006,8.549494734253182
217,217,11.047655374066442,6.907755278982137,6.907755278982137,6.907755278982137,6.886378259981492,3.4483691096763947,5.712442587367473,15.480513,9.975159466426797,12.172581030103121,283400.52617,6.907759520469142,9.385235109352879
218,218,11.621778254686454,6.907755278982137,6.907755278982137,6.907755278982137,8.771650307388107,3.4946524765781937,5.716256422563596,6.1941185,9.734009744943103,14.44765466802178,191797.617279,6.907756919567792,10.293604475468909
219,219,8.540890935909673,6.97597856068931,7.136535797300321,6.908539497801706,11.411767041476992,3.4018565304058836,5.709865382193977,13.556999,9.05033599268899,17.167496820554188,259986.38729,6.907755912084936,10.33831705716179
220,220,8.336791655302315,6.918256955634493,6.916272348508821,6.908202758072408,8.983315460419279,3.355220798030229,5.70851665397093,13.732334,8.193037645863528,14.341717116942592,296566.905888,6.907755330382136,11.569341978196073
221,221,10.511424540296344,6.907755278982137,6.91647467243833,6.90875477931522,8.478944778226113,3.375021855573607,5.707032651547681,13.440547,8.198253333911165,13.758559600804393,295079.926631,6.907755393408131,11.086583143511895
222,222,10.31307958553231,6.907755278982137,6.907790865450288,6.90875477931522,8.200629196121689,3.3711568212541785,5.706103253993334,12.544586,8.5176173805613,11.491648671625017,288873.88596,6.907756010837869,9.211573510248563
223,223,10.101965117282257,6.907755278982137,6.907755278982137,6.907755278982137,8.72341063699636,3.3848549067822917,5.706560114753085,11.588336,8.100560954491577,13.952491867286641,245142.794353,6.907755453493122,9.876147459192559
224,224,10.562394324902435,6.907755278982137,6.907755278982137,6.907755278982137,8.145007112256684,3.326715102041569,5.706632365333936,12.637074,8.973136744077582,13.111312644311024,309102.579059,6.907755563628096,10.985236109609083
225,225,11.24183727129152,6.907755278982137,6.907755278982137,6.907755278982137,7.628572975237843,3.3267933663037628,5.707216118607953,15.33724,8.566247388503054,12.003275883310069,340278.863672,6.907756172618738,10.963478081157527
226,226,8.904185039339497,6.922898443653571,7.083189507006971,6.908681145976518,10.639719006732149,3.427860177642442,5.709896313639464,13.267926,9.736810757612963,16.628514434093532,322728.851685,6.907758305503557,9.521273321451044
227,227,10.25924508957772,6.907755278982137,6.907755278982137,6.907755278982137,7.950775608632012,3.368925263280092,5.706883244104563,11.434958,8.954480512197193,12.790223624360637,345478.644173,6.907756725256092,9.783167204949619
228,228,11.366950150033583,6.907755278982137,6.907755278982137,6.907755278982137,7.699075763963311,3.342012415861637,5.7077438460968075,14.667815,9.723475726046269,11.598811087621126,396010.243468,6.9077584023542595,10.934350361312259
229,229,10.820580950710308,6.9146943110157135,6.907755278982137,6.907755278982137,7.673091856692957,3.3921712778412747,5.708320896963465,14.384259,9.099857360002243,12.372729999922582,413389.259541,6.9077600281058595,9.776264269867148
230,230,6.260789687975626,6.932893021717159,6.9119059470383295,6.907895711537506,8.817251190188514,3.063503851510845,5.677459546155346,14.28682,7.609999860615426,14.20134289368343,213055.875858,6.907755278982137,8.115249974523035
231,231,5.85325104517479,6.907755278982137,6.907755278982137,6.907755278982137,8.188447928692177,3.0906307513706817,5.6749193199319725,12.900952,9.124239399797574,13.151259047200787,223576.844708,6.907755278982137,6.766321019828879
232,232,6.691724635934938,6.907755278982137,6.907755278982137,6.907755278982137,9.144482645069191,3.067948510007085,5.697761601696267,11.363592,8.593738076699307,12.977236011164882,466351.166749,6.907755278982137,10.975785910745248
233,233,10.169287652530924,6.909114415946631,6.908075611116209,6.90794591480322,8.024931879530664,3.3208726697574966,5.704950857897261,12.358442,8.389459907154276,13.08750375231839,329059.251139,6.907755339282136,11.865574255479569
234,234,10.973779134654375,6.907755278982137,6.907755278982137,6.907755278982137,8.670287153113506,3.404398323374366,5.705145452283382,12.092802,8.619241019106315,13.990623363971656,234504.837492,6.907755352082134,10.763197277588931
235,235,7.86071545197036,6.907755278982137,6.907755278982137,6.907755278982137,9.340732554933957,3.5362503160917216,5.69314897857897,10.436863,8.370139456081711,13.660922110435292,113646.831483,6.907755304982137,8.900570977356498
236,236,7.088273273647986,6.913795842553717,6.934576693179198,6.908572686597834,10.724905029140531,3.5104572455395284,5.687887945762715,12.463214,8.511707396963015,15.738383705627323,138609.499829,6.907755292382137,10.429577592696875
237,237,6.806170226621803,6.917801084246523,6.9257673285891075,6.908397950589923,8.861761126402568,3.13479070923068,5.6835612121597325,14.075192,7.788171089428738,14.105221013032892,205031.687592,6.907755278982137,8.84430547125758
238,238,7.8263721029234565,6.914300573344948,6.907755278982137,6.907755278982137,8.96574878467306,3.1481220394634097,5.686262105793045,12.216293,8.30826690292155,13.378041532638195,392175.118961,6.907755278982137,10.549620265299142
239,239,5.754517674818372,6.907755278982137,6.907755278982137,6.907755278982137,9.05573843201305,3.0626020382024524,5.67973774852673,12.536473,7.863575630020121,13.406944877457343,213910.961901,6.907755278982137,8.331043184199707
240,240,8.018979968610568,6.913913034906813,6.907755278982137,6.907755278982137,7.925332514987471,3.0621047605991083,5.68482453389728,12.709968,7.995677190000219,13.015306146450403,193678.128768,6.907755278982137,9.949018531244977
241,241,9.346270188367662,6.914192694005282,6.91619729710843,6.908322725810851,9.182869910232894,2.930207030764019,5.698119078074318,13.801178,9.442369452092521,14.76074046135162,684196.374097,6.907755279295137,10.625036795234294
242,242,7.318234767093532,6.9334045592607465,6.9168617074356815,6.908015656691002,9.725818615501542,3.0666367374454064,5.672109107680488,13.795415,9.03795540644873,15.275986184280177,196446.57613,6.907755278982137,9.875633731510456
243,243,8.415748522856688,6.923714285144202,6.919606066294789,6.908180822210072,9.282630986592775,2.9141536720241086,5.693949260926955,13.067693,9.044534063355602,14.619215540156986,642736.284098,6.907755279004037,10.323308119549239
244,244,8.389544871826796,6.912684169819276,6.908915787258567,6.907945548704912,8.992664334032765,2.9121408924621264,5.708404370358467,12.541522,9.125848134891868,14.060015217014618,559443.542282,6.907755279283137,9.740316645823862
245,245,9.095673581336927,6.907755278982137,6.907755278982137,6.907755278982137,7.682185628294781,2.9944968037954323,5.696526267626919,12.01652,8.893008465931283,12.782728540324314,586193.409535,6.907755291282137,9.080658382015677
246,246,8.414317744704789,6.924120979379244,6.907755278982137,6.907755278982137,9.321326225709571,2.943381951704435,5.699740932991376,12.815315,9.202968658599065,14.395295573754824,595961.002981,6.907755280402137,9.352550463248733
247,247,10.713489039407692,6.9276631548286245,6.929413258149849,6.908276414470051,8.942177749474759,3.0307690931877396,5.709180677854087,15.793867,9.391826836427569,14.543404143145764,604950.995434,6.907755279469137,11.330694600108837
248,248,9.185297339937776,6.907755278982137,6.937564134033984,6.90875477931522,8.51115890165535,3.063922657112953,5.707320473736475,14.24472,9.164774890886871,13.749242005760747,643099.76012,6.907755293582137,11.599363448122695
249,249,8.509935781698195,6.908943912868333,6.9158065462345375,6.908626642258943,8.561634063492987,2.8877457959128683,5.703842648095743,13.277484,8.34505272845713,13.897984089784895,685796.351522,6.9077552867821375,11.27866009697822
250,250,7.759354363374862,6.918486487594364,7.009291329652408,6.908663169434733,10.414028215704704,2.9932003512321605,5.704063891718039,14.248569,9.07598122310854,16.478694833891296,697228.770837,6.907755286272137,11.440777085379784
251,251,9.40993817983905,6.927451543269887,6.907755278982137,6.907755278982137,9.720875753626006,3.464203864809864,5.679376014051611,12.940037,10.288551008923001,13.964143123316253,237069.29884,6.907755304582136,10.252261180885421
252,252,8.627007178204783,6.916582958458952,6.929369378261215,6.908466358323817,9.752051393394948,3.058731909097095,5.694373596984,13.36857,9.4472995616695,15.732201424725659,604793.6269,6.907755283062137,9.783493091848372
253,253,8.898376164324729,6.910002931838173,6.909853661297884,6.908237970638293,9.406157535356721,3.0645531598209987,5.704799862018788,13.985548,9.02175146644139,14.77480487660195,682089.628249,6.907755282892137,10.522571336507308
254,254,7.603418970515731,7.591752137521707,8.446102054141578,6.908543316506627,12.436277407711708,2.847454410014325,5.69973882303556,14.728234,8.275152683741986,18.418740060357276,541870.694846,6.907755279015937,9.823025556002886
255,255,8.018800899417345,6.909256733903605,6.909250881040884,6.908254177344854,9.451044038033793,2.898808473828508,5.698451476368636,11.554395,9.146930487732044,13.965127176132036,542819.062493,6.907755279111137,9.906798962147468
256,256,9.522222867512305,6.907755278982137,6.907755278982137,6.907755278982137,7.752581587599986,3.075810093295707,5.691352317967734,12.390918,9.453353726871372,12.946499746774288,603986.484176,6.907755281252137,10.59846989976965
257,257,8.558818803620927,6.907755278982137,6.907755278982137,6.907755278982137,7.68501853669331,3.096755237371471,5.695244566644942,11.91067,8.351279149958067,13.599226300363405,549902.778654,6.907755279663137,10.680774947904217
258,258,7.95529510862839,6.911280713712389,6.907755278982137,6.907755278982137,7.968412916701873,3.13308138221171,5.6864848068502605,12.895826,7.744877123298065,12.788776556708976,570681.731588,6.907755279635137,10.860883952365665
259,259,9.016639705357855,7.0290517710075875,6.923527395789325,6.907865016924058,10.169658638777255,3.2689639085622235,5.710743341802599,15.414151,8.979157316562574,16.58504252583213,627325.247327,6.907755283952137,9.966673029667673
260,260,7.692137195865904,7.130746249523333,6.984212444538965,6.907996562775447,10.884851443853321,3.501677328261016,5.7113784282955615,15.002793,8.421908036673983,16.653876522779928,573892.56273,6.907755285752137,9.555333187616041
261,261,10.547345108138567,6.9284340551756305,6.998368877853076,6.90857441743497,10.844469062852632,3.631760536378418,5.70307330210945,14.330461,10.14562896114717,16.73966780918941,417928.006907,6.907756318136597,9.868691456842464
262,262,8.838672831112858,7.089768653887879,6.909208120334634,6.907762509249084,10.015379939002468,3.4668147260668327,5.720776752987498,14.822779,9.96816145794321,16.563076171124607,495852.262085,6.907755299282137,9.739535927514192
263,263,7.777628655283506,6.912919838685417,6.922479363837237,6.908496249946464,8.92954442895269,3.392515300738317,5.7080405786567185,13.912055,8.847654737542934,14.577165361316672,433751.420853,6.907755294182137,10.282559497678161
264,264,8.770201393384683,6.918476090697665,6.936370784957857,6.908484246993907,9.304598817083233,3.4338373352714457,5.707430940360178,13.987791,9.080313677959126,15.211257070149049,401950.351637,6.907755300682137,10.780004407626848
265,265,10.105282423145072,6.913453527932117,6.929629277591306,6.9085496232402965,9.334732982852461,3.2711145737859293,5.708105671038046,12.878965,9.02120954862955,14.606931282582623,429779.128949,6.907755298982137,10.932161006998102
266,266,8.456390041938867,6.91371906336458,6.930928006715307,6.908551678082496,11.142380677915948,3.5735799999947706,5.692784375466716,13.043116,9.507993407474228,16.53985011452149,315192.679209,6.9077562008657125,11.061401962307478
267,267,8.273389170639808,6.911730603806426,6.927833716431526,6.908590771516364,10.018232377501008,3.643644678701498,5.701442365431811,13.450044,10.188169470991978,15.532840399793749,358916.681605,6.907756810797964,9.829138716844035
268,268,8.42501086745323,6.939442157530045,6.918956583360266,6.908014441343023,9.535309775378702,3.468044808390174,5.674794059984034,14.399689,9.090627906198291,15.47223143544809,375367.777986,6.907755310582137,11.179564604910622
269,269,6.932174840133404,6.919849527171673,6.924919869946557,6.908342369075886,10.25092601117332,3.59688981081568,5.698959951605417,13.247841,8.881485523563919,15.68595992460461,364462.040897,6.907755460491121,11.052446667303704
270,270,7.848901744193381,7.18869063350954,7.646381594989269,6.9085261388678525,11.520728144736234,3.586560978573325,5.711551376582514,14.701532,7.764505846245772,17.51849697501207,547572.367329,6.907755292582137,10.56815581564778
271,271,9.277186756336969,6.965478418544602,6.907755278982137,6.907755278982137,10.184836387308797,3.5393112597686236,5.706525125129603,13.595259,9.733563858624894,16.173431960217954,388302.344903,6.907755521042108,9.695423713706134
272,272,9.814652394490327,6.910022989553292,6.907755278982137,6.907755278982137,9.666193034413181,3.6257230305114025,5.707972396770361,11.299079,9.431494477823442,15.221391767623121,372482.832441,6.907756240020675,10.703108679193855
273,273,7.066158291194494,6.926670646621725,6.907755278982137,6.907755278982137,9.085940372420831,3.3041128538149622,5.6875834982992615,14.259388,8.28002152998745,14.600216866968168,394239.418777,6.907755278982137,10.830731408334014
274,274,7.73722700223909,6.954202383329996,6.907755278982137,6.907755278982137,9.368756285604748,3.2694916357244006,5.694431510878629,14.186714,8.198231386941542,15.017401578056782,415309.667617,6.907755279195137,10.936076855352145
275,275,8.245282724889526,7.07831183529192,6.927288745503152,6.907851173417447,9.48133185322034,3.5667844969930527,5.713975600121481,14.98081,8.107597088572515,15.547579211604225,528193.974254,6.907755305082136,8.960500105484803
276,276,8.316004904701305,7.813325229980494,7.182299889334346,6.907931833079684,11.541119550000948,3.5646569966442403,5.714584143787055,15.091667,7.941974553995282,17.300443686295758,546452.498856,6.907755293982137,10.19715438769439
277,277,7.815318292961876,6.918461228552907,6.9501054463041,6.908555720723254,9.803449679782203,3.623427529355592,5.713888173841725,14.101197,8.142156482160281,15.077457735367082,527750.986589,6.907755303682137,9.990663034245674
278,278,9.331408041653654,7.104264660478942,6.97361920698051,6.907993941459014,10.622683523222808,3.443639976188557,5.716863861103554,14.371168,9.421129850319584,17.332589282197127,532263.624897,6.907755289582137,10.556592482241488
279,279,7.851257900840222,6.951273154627191,6.968459650147877,6.908339665904842,9.64444547847786,3.6433279411809987,5.714556348064165,14.796777,9.505113801798508,15.212600232578783,502797.182122,6.907755343782135,9.393415872108418
280,280,7.664885726725497,6.941593293806382,6.975302593742978,6.908425066879321,10.052437804979473,3.6489200687128722,5.71311150909257,14.425974,8.962250512866788,15.634191333102077,521639.328466,6.907755320382136,10.119809886450257
281,281,8.139748329446142,6.917711724072877,6.911351152017884,6.908019956469422,9.053465870913668,3.20726633379194,5.693792010703945,13.387636,8.318102255306048,14.703197779332951,529007.919839,6.907755279753137,10.503133013800825
282,282,7.82592258109905,6.916360835869013,6.9377757378452705,6.908534038422555,9.194059332205367,3.304810512697027,5.6883114708564015,13.671576,8.356842525802673,15.255500097470858,535273.993548,6.907755280292137,10.485908505359607
283,283,7.456242041276856,6.944747222993376,6.926315296327448,6.908087269129031,10.696591419332071,3.613677620771375,5.702456124242249,13.251387,8.751068910937638,16.557041105725347,394726.336318,6.907755557522099,10.022797759543604
284,284,10.61028194011242,7.009144061220284,6.907755278982137,6.907755278982137,8.700047489611622,3.5455900573588184,5.7070490893760395,15.350111,9.05767302500941,14.71864170698165,562920.730043,6.907755293382137,10.87757255734676
285,285,9.976845234631377,6.982592956888921,6.982636780433961,6.908255305846623,9.907688117795908,2.948885411167184,5.7149907652168,14.556998,10.10250815665652,15.522593979663913,169976.521346,6.907755352782134,11.0603475983451
286,286,10.80877016912593,6.914762953821219,6.920018193674835,6.908392038910618,8.744334214184336,2.9865568988002624,5.713213962847982,14.389872,9.157087950169037,14.444118932942164,220872.982306,6.907755314182136,11.475507619696359
287,287,9.556809442750648,6.934353233037722,6.96317656373896,6.908433930846014,9.651021003676261,3.0871982858233307,5.711974892007205,14.375624,8.696040339302392,15.438487975051835,321202.359729,6.907755301282137,11.981539587104178
288,288,10.910701923243883,6.9113184484698875,6.927477000919982,6.908602940888148,9.585242280938397,3.041976920069197,5.713589420263199,13.692226,9.202324547065672,15.311987744868222,230023.442069,6.907755487553115,10.987309916365742
289,289,11.059349100641256,6.91431020604935,6.910467680500373,6.908047522679495,10.387943245800223,3.2137413086352264,5.7130048368519954,14.27727,9.494410198360674,16.31561014497033,509713.553345,6.907755288042137,11.756224495854266
290,290,9.93019415542071,6.937950889113198,7.033897512165413,6.908569265055,10.270662319893688,3.1776866154036236,5.710696928611117,14.436521,9.347168488245707,16.3371533187998,396617.234368,6.907755315482136,11.475566350114692
291,291,10.728819733636339,6.922901211608617,6.923237155393745,6.90826067763522,8.724963156415901,3.169792493898982,5.710042143956358,13.566916,9.521808394777974,14.335060549983032,367951.460752,6.907755331282136,11.72762065457277
292,292,7.500289852949657,6.911942388832662,6.912391630895669,6.908280654244343,10.073645599535487,3.3437042474543,5.68425208614568,12.06325,8.963052025753122,14.82903331938861,294152.509312,6.907755280742137,10.057481415921188
293,293,10.263717638805588,6.926764969886763,7.180091452565701,6.908697067815202,10.860587120443967,3.336630428362172,5.7091716666955294,13.89922,9.544477086430366,16.528741017934543,232819.257239,6.907755483804116,11.080727239519819
294,294,10.746307264732726,6.920272899806277,6.907755278982137,6.907755278982137,9.215973873964051,3.4415484304376696,5.7042943257614045,12.683252,9.092496182152296,13.84359079193413,324994.338636,6.907755583130091,10.685886131174334
295,295,11.369984214459922,6.907755278982137,6.907755278982137,6.907755278982137,8.690484027053047,3.4133170483715394,5.709430967863008,9.364893,9.196049683461622,14.66140215102933,235075.470767,6.907755285662137,10.042845725977147
296,296,7.764312079841623,7.131134709552437,7.43675612816266,6.908490853432352,11.536113727080416,3.600799188670163,5.709115277134926,14.205813,8.430532872847843,17.434864582736065,307336.26756,6.907755730898035,10.402096008207778
297,297,9.29205029621885,6.907755278982137,6.907755278982137,6.907755278982137,8.746773708939715,3.3203570481052087,5.7076577579368255,11.436921,8.913735213158452,13.540146631469094,437966.317275,6.9077552965821365,10.221760712083507
298,298,8.798606696261553,6.9172292654400644,6.907755278982137,6.907755278982137,9.245885878284321,3.469896539643073,5.683090559001917,12.889499,9.625217919871007,14.292797289640616,441607.15177,6.907755300782137,11.019644034262807
299,299,10.714591743269532,6.996675898085043,6.97395304275188,6.908179132621257,10.387908008125182,3.5829559310499572,5.698348590599746,14.917168,9.651043865754927,16.357012953138828,442145.785314,6.907755356882134,9.922597470513617
300,300,7.524231727213441,6.907755278982137,6.907755278982137,6.907755278982137,10.014351819729253,2.84944080934457,5.698900922112483,9.1938925,9.132393996121202,14.23875582664661,503965.1508,6.907755279005937,9.5916526455216
301,301,7.118091492428952,6.99596685480484,6.907755278982137,6.907755278982137,9.734540950919204,3.427555522311462,5.669506286271571,14.006871,8.097220656711826,15.293517711801245,341647.042119,6.907755279069737,10.919416817313763
302,302,8.138802950242006,6.907755278982137,6.907755278982137,6.907755278982137,8.156139388538781,3.2327053454274477,5.687027841094674,11.985104,9.287699886424237,12.766366254113438,408983.946559,6.907755278999237,10.336077264108635
303,303,8.045583790346997,6.9114783742434875,6.907755278982137,6.907755278982137,8.602612471692227,3.0785023800593336,5.699763943297141,12.203535,8.306015527615394,13.326024422977985,426586.445205,6.907755279600137,9.261957697764888
304,304,11.637159359488324,6.908778555629043,6.908780277869074,6.908255574441004,9.158994655161969,3.5302896550371243,5.707178168832046,11.620675,9.633281797789305,14.705896589908075,106553.14226,6.907755439548124,10.906355578896735
305,305,7.753226747770607,6.907755278982137,6.907755278982137,6.907755278982137,9.117568047092067,3.282926097643186,5.675580123338192,10.68497,8.562376349358864,13.529690473811677,145776.534687,6.907755290482137,11.022460133610307
306,306,9.14669829329043,6.907755278982137,7.085520180828427,6.90875477931522,10.263761517223035,2.8056293363579736,5.698909225261669,14.307862,8.989289428934224,16.346675259710477,613158.779281,6.907755278982137,11.392077661030275
307,307,6.546005742049772,6.907755278982137,6.907755278982137,6.907755278982137,8.40671348391518,3.0113526601273937,5.689769603774803,10.040387,7.831960643052524,12.65479986199122,287511.386644,6.907755278982137,10.559863237483738
308,308,9.853015680464788,6.911377223482163,6.907755278982137,6.907755278982137,8.385807038974834,2.640149284686687,5.698825903205985,12.974658,8.584930330454448,13.679120656803535,394362.725788,6.907755278982137,11.016945233668778
309,309,9.504683151763581,6.907755278982137,6.907755278982137,6.907755278982137,7.541394676329172,2.7632878664092306,5.698280051885703,12.722219,7.816785512789911,12.216864691542794,393289.330304,6.907755278982137,11.001033569144845
310,310,8.98153197012115,6.912428267978531,6.907755278982137,6.907755278982137,8.480627978100234,2.6625548996042814,5.706593623129851,13.255548,8.492226788028786,12.701435690350474,459098.919076,6.907755278982137,11.47189095440233
311,311,8.78541808028745,6.907755278982137,6.907755278982137,6.907755278982137,6.678633657057375,2.6465636232850795,5.680774022517373,13.155014,9.415491153729997,12.407824595797798,531049.7669,6.907755278982137,11.777283469931014
312,312,8.603347642456374,6.907755278982137,6.907755278982137,6.907755278982137,7.5404324507724345,2.6068118338970048,5.69486371759858,12.569018,8.21415252072021,11.78233588758154,498288.069259,6.907755278982137,11.443008680615769
313,313,7.042257210429007,6.929370257063125,6.907755278982137,6.907755278982137,9.709636687960785,3.0987457575811086,5.694413247149274,12.826774,8.288327930964202,14.17593966893637,443253.974685,6.907755278982137,11.04803125864988
314,314,9.501306499373754,6.907755278982137,6.907755278982137,6.907755278982137,9.393137982105431,2.5908459336421976,5.701855744610055,12.550865,8.347388373482845,14.515394427367385,537728.042645,6.907755278982137,11.168223724179956
315,315,8.528135135952203,6.925793867876614,6.978964355166034,6.908557123843542,10.706637402267162,2.7638820013741836,5.697405374141923,14.176022,8.606931749610656,16.614501133744174,788925.851529,6.907755279001437,11.754931934451086
316,316,8.619009487521858,6.908996294249524,6.907755278982137,6.907755278982137,9.438799848688486,2.877662048339509,5.693372700013664,14.429502,8.651942457343416,14.067060485310485,734254.388655,6.907755278982137,12.063806693514705
317,317,11.689671446776105,6.909035441718405,6.907755278982137,6.907755278982137,7.023382659549357,2.7719873146242198,5.707950197806656,14.577806,8.739595126159246,12.26101054028584,714136.490455,6.907755278982137,12.206345860348605
318,318,8.280473262490004,7.015132025814428,6.980457406939394,6.908154694032027,10.695940035396564,3.5509505431175405,5.716773413831166,13.837213,9.733403897366474,16.67249108605568,473568.385155,6.907755328482136,9.217468480519639
319,319,9.378225174898771,6.921335176582608,6.907755278982137,6.907755278982137,9.870655118805304,3.599807329076308,5.706702082280988,12.882533,9.547439795495997,15.3835790703601,428158.674105,6.90775582126799,9.900111150992236
320,320,8.638381287147963,6.92480677972575,6.916777174783542,6.9081003287268254,9.743085850717428,3.3631921932576527,5.6869072076346985,13.007211,9.534313326593782,15.159667488678934,489329.773094,6.907755284682137,10.374543994199078
321,321,7.896814767750679,6.929643607551386,7.013018982714925,6.908588709796355,10.460785799904937,3.054597230133146,5.698748856791463,14.561319,8.459973931961702,16.584846534237492,689534.605572,6.907755812486995,8.881551171672779
322,322,7.516132631462918,6.913996858952012,6.907755278982137,6.907755278982137,9.2844686082103,2.730078229975342,5.69975348278778,11.681742,8.262072719504143,14.681129426264956,724933.41372,6.907755278982137,10.368780794436967
323,323,6.760731500098015,6.946049314746416,6.913645815302767,6.907886719211896,9.406794590580526,3.058589788527999,5.681947256125932,13.176998,7.996010597967849,14.420068576309378,205496.301673,6.907755278982137,8.999241273030364
324,324,6.267517629246952,6.936056814751369,6.909610386491295,6.90781603197191,8.873502732603516,3.045897768260745,5.680682101456309,13.355878,7.962946025325251,13.893687834494838,204415.357532,6.907755278982137,8.505509409282109
325,325,10.150523679057324,6.907755278982137,6.907755278982137,6.907755278982137,8.119824429266126,2.4382693965667643,5.6988937520009175,12.760046,8.326887720967033,13.542488799305689,379696.151634,6.907755278982137,11.093985335691247
326,326,6.377577329084319,6.926275767752287,6.966482962830246,6.908518902708308,10.73792650468556,3.086751945871472,5.681537289263665,12.738584,7.741066432861535,16.309736423167056,195877.433829,6.907755278982137,9.44527656858619
327,327,6.279995157577072,6.907755278982137,6.907755278982137,6.907755278982137,8.742439298809456,2.9851928198089044,5.67620315590615,12.767426,6.93239564029524,13.727248366947272,247877.467389,6.907755278982137,7.760565626010738
328,328,8.674332655090549,6.907755278982137,6.907755278982137,6.907755278982137,8.953889824961474,2.889257455169194,5.7031848992235625,10.409938,9.00067620190194,13.77930562125299,299933.911831,6.907755278982137,9.558095875583202
329,329,7.567623666280211,6.910973324208887,6.907755278982137,6.907755278982137,9.484438904456479,2.8756164301606337,5.692258874981304,12.507328,8.456080210295056,13.480921719967219,555718.06191,6.907755278982137,8.979096546833564
330,330,8.197348873892206,6.917753907079825,6.992327795630711,6.908652651133946,10.241204264476607,2.991226492526607,5.691678377240417,14.271242,8.597896349594164,16.261145535915002,489279.418514,6.907755278982137,9.924802496332472
331,331,7.8082928435441215,6.979625379231716,7.060184313397186,6.90844348956597,9.790587407392671,3.0599507287774945,5.694087976484962,14.825603,8.932092739253378,15.051800196611431,456730.44786,6.907755278982137,10.834092461904486
332,332,7.447171941798673,6.913101909049024,6.907755278982137,6.907755278982137,10.0232057811648,2.9917101421623284,5.690090859874044,11.805662,9.028795211048141,14.308788381599552,508620.629715,6.907755278982137,10.270749804313622
333,333,7.670688458983626,6.971903165216501,6.907755278982137,6.907755278982137,10.184987064788881,3.0168883354559792,5.702008559835912,13.228659,8.361987020464818,15.724967130325828,447506.755974,6.907755279364137,10.046370782655362
334,334,9.21534256966074,6.907755278982137,6.909009373896684,6.90875477931522,8.825622562468782,2.9555323478525515,5.70642550525493,11.950671,8.838038442199682,13.958712469438598,527225.1135,6.907755284172137,9.836655798466085
335,335,8.70219979300249,6.915807953093737,6.907755278982137,6.907755278982137,10.339061732171894,2.7134974334566344,5.700500471591351,12.346036,8.776521183945599,15.377698580926012,701520.7918,6.907755278982137,11.716259763863592
336,336,8.25101330320132,6.936420920053721,6.907755278982137,6.907755278982137,9.6988039382972,2.7732176449264405,5.698468898112516,13.437716,8.744287584439768,15.262530498203317,714553.269072,6.907755278982137,11.096079732817458
337,337,8.12832555188139,6.907755278982137,7.185976691792995,6.90875477931522,10.743872660525376,2.7633972941744074,5.702828134491789,13.671997,8.312062235116034,16.65442233151163,834297.623319,6.907755278989067,11.49826994103233
338,338,8.865897028363237,6.953706206165785,6.923631035787715,6.908009151163904,9.843798586607171,2.879966196578219,5.690116669127768,14.11175,9.02656513281261,15.229271828007588,718239.248702,6.907755353982134,9.80276780472138
