asdf_id,dist_to_water.none.mean,dist_to_water.none.max,dist_to_water.none.min,Level,gqid,id,shapeGroup,shapeID,shapeName,shapeType
0,94011.8608744,115813.989106,70241.8311743,ADM3,0,0,BOL,BOL-ADM3-33444609B20338026,Esmeralda,ADM3
1,18145.6554163,35374.1090987,0.0,ADM3,1,1,BOL,BOL-ADM3-33444609B53994240,Santuario de Quillacas,ADM3
2,18152.0942633,36134.4422096,0.0,ADM3,2,2,BOL,BOL-ADM3-33444609B27878331,Pampa Aullagas,ADM3
3,49006.8737716,63582.971423,32613.8254539,ADM3,3,3,BOL,BOL-ADM3-33444609B13957296,Llallagua,ADM3
4,45841.9103586,62521.0852868,27251.6676512,ADM3,4,4,BOL,BOL-ADM3-33444609B2060227,Caripuyo,ADM3
5,20589.0683512,53545.8403105,0.0,ADM3,5,5,BOL,BOL-ADM3-33444609B22499454,Aiquile,ADM3
6,41083.7850122,58141.7556569,22772.9961848,ADM3,6,6,BOL,BOL-ADM3-33444609B14646898,Sacaca,ADM3
7,11802.2923914,23018.0010677,0.0,ADM3,7,7,BOL,BOL-ADM3-33444609B19396342,Acasio,ADM3
8,28318.1906896,52802.3651184,11828.1389768,ADM3,8,8,BOL,BOL-ADM3-33444609B48998442,Huanuni,ADM3
9,108449.399429,112801.672355,104940.95533,ADM3,9,9,BOL,BOL-ADM3-33444609B43353864,Huachacalla,ADM3
10,14371.2607394,37931.915664,0.0,ADM3,10,10,BOL,BOL-ADM3-33444609B12212981,Santiago de Huari,ADM3
11,13999.9079888,29797.3876648,0.0,ADM3,11,11,BOL,BOL-ADM3-33444609B81698958,Pazña,ADM3
12,28368.4906877,36133.5016014,21475.866064,ADM3,12,12,BOL,BOL-ADM3-33444609B39428862,Villa Rivero,ADM3
13,23384.3178283,55630.8969955,0.0,ADM3,13,13,BOL,BOL-ADM3-33444609B55151365,Andamarca,ADM3
14,7445.39598436,20043.1352854,0.0,ADM3,14,14,BOL,BOL-ADM3-33444609B33779243,Chacarilla,ADM3
15,19850.3554928,28712.6611681,10655.9967641,ADM3,15,15,BOL,BOL-ADM3-33444609B65270572,Arbieto,ADM3
16,13699.6393773,35645.3757778,0.0,ADM3,16,16,BOL,BOL-ADM3-33444609B96301403,Papel Pampa,ADM3
17,9908.61977802,24203.704053,0.0,ADM3,17,17,BOL,BOL-ADM3-33444609B33786797,Umala,ADM3
18,7797.77523304,16698.15,0.0,ADM3,18,18,BOL,BOL-ADM3-33444609B89522171,Oruro,ADM3
19,34574.7729561,53635.4449258,18829.660492,ADM3,19,19,BOL,BOL-ADM3-33444609B49437729,Huayllamarca,ADM3
20,12178.5226464,28298.9253923,0.0,ADM3,20,20,BOL,BOL-ADM3-33444609B90350398,San Pedro de Curahuara,ADM3
21,14823.4794324,20342.6707486,9213.48435336,ADM3,21,21,BOL,BOL-ADM3-33444609B28043407,Sicaya,ADM3
22,19982.2589411,35543.0388969,2103.30537563,ADM3,22,22,BOL,BOL-ADM3-33444609B22047407,Puerto Quijarro,ADM3
23,6854.2750251,21167.1686791,0.0,ADM3,23,23,BOL,BOL-ADM3-33444609B45253703,Capinota,ADM3
24,24222.7733667,35592.1663186,13115.784018,ADM3,24,24,BOL,BOL-ADM3-33444609B98674568,Arque,ADM3
25,19443.7689905,41699.2722875,0.0,ADM3,25,25,BOL,BOL-ADM3-33444609B17270625,Corocoro,ADM3
26,39420.8347086,47819.9313297,31322.2145123,ADM3,26,26,BOL,BOL-ADM3-33444609B19104054,San Benito,ADM3
27,61091.6327769,76415.7741721,40622.7950171,ADM3,27,27,BOL,BOL-ADM3-33444609B66518212,Sapahaqui,ADM3
28,62962.8508676,78570.5554944,46315.0272613,ADM3,28,28,BOL,BOL-ADM3-33444609B10766550,Cairoma,ADM3
29,38841.9195437,55359.4178386,17811.36,ADM3,29,29,BOL,BOL-ADM3-33444609B98493674,Colquiri,ADM3
30,24494.2627911,40436.2728987,5404.09422873,ADM3,30,30,BOL,BOL-ADM3-33444609B35095185,Ichoca,ADM3
31,40362.7574957,57150.8288158,14825.8796495,ADM3,31,31,BOL,BOL-ADM3-33444609B27516383,La Guardia,ADM3
32,32204.7292796,50315.1110132,9947.31045664,ADM3,32,32,BOL,BOL-ADM3-33444609B65462728,Moromoro,ADM3
33,62710.4070192,75388.7799504,45326.3683087,ADM3,33,33,BOL,BOL-ADM3-33444609B3283622,El Torno,ADM3
34,61644.3417632,77287.1025401,22271.782819,ADM3,34,34,BOL,BOL-ADM3-33444609B3665426,Samaipata,ADM3
35,29187.3194044,74428.3493344,0.0,ADM3,35,35,BOL,BOL-ADM3-33444609B75362770,San Lucas,ADM3
36,36326.0185366,84455.3049485,0.0,ADM3,36,36,BOL,BOL-ADM3-33444609B89526883,Culpina,ADM3
37,17800.4733675,54024.7090428,0.0,ADM3,37,37,BOL,BOL-ADM3-33444609B77799107,Incahuasi,ADM3
38,36996.2671812,54804.5381862,10507.6434145,ADM3,38,38,BOL,BOL-ADM3-33444609B36544235,San Juan,ADM3
39,12718.5320029,33328.1817146,0.0,ADM3,39,39,BOL,BOL-ADM3-33444609B69045844,Tinguipaya,ADM3
40,35554.3038436,60048.8689531,15798.2493609,ADM3,40,40,BOL,BOL-ADM3-33444609B29777572,San Pedro,ADM3
41,8244.69739538,21018.9654311,0.0,ADM3,41,41,BOL,BOL-ADM3-33444609B4195370,Villa Ancoraimes,ADM3
42,211577.27869,297484.564995,126337.920145,ADM3,42,42,BOL,BOL-ADM3-33444609B80268637,"Colcha ""K""",ADM3
43,9448.14217876,28598.5200741,0.0,ADM3,43,43,BOL,BOL-ADM3-33444609B33602201,Puerto Mayor de Carabuco,ADM3
44,137462.934221,166498.81107,105187.896379,ADM3,44,44,BOL,BOL-ADM3-33444609B55181457,Sabaya,ADM3
45,22674.0703082,66064.6097449,0.0,ADM3,45,45,BOL,BOL-ADM3-33444609B74955412,Loreto,ADM3
46,83381.7683273,140714.715765,27639.9161738,ADM3,46,46,BOL,BOL-ADM3-33444609B79735413,Tomave,ADM3
47,47273.7313622,64569.4941547,31415.4886696,ADM3,47,47,BOL,BOL-ADM3-33444609B50648219,Porco,ADM3
48,29818.046117,99397.9964,0.0,ADM3,48,48,BOL,BOL-ADM3-33444609B43551685,Villa Montes,ADM3
49,14177.4907365,33767.4778258,0.0,ADM3,49,49,BOL,BOL-ADM3-33444609B55738046,Yocalla,ADM3
50,17182.22249,40343.4016627,0.0,ADM3,50,50,BOL,BOL-ADM3-33444609B4133228,Urmiri,ADM3
51,27498.8935482,45406.2932982,7813.6592426,ADM3,51,51,BOL,BOL-ADM3-33444609B8281684,Mocomoco,ADM3
52,52988.1855172,63810.9640857,43820.9065063,ADM3,52,52,BOL,BOL-ADM3-33444609B21235771,Saipina,ADM3
53,46875.4615183,69422.6710734,22264.0046036,ADM3,53,53,BOL,BOL-ADM3-33444609B25995685,Omereque,ADM3
54,60264.5164803,71865.8845635,43324.9061026,ADM3,54,54,BOL,BOL-ADM3-33444609B55124296,Porongo,ADM3
55,21452.0227692,50734.2523473,0.0,ADM3,55,55,BOL,BOL-ADM3-33444609B6878387,Santa Cruz de la Sierra,ADM3
56,63067.5607563,114828.247448,0.0,ADM3,56,56,BOL,BOL-ADM3-33444609B3318455,San Ignacio,ADM3
57,28937.8619609,65916.9629683,0.0,ADM3,57,57,BOL,BOL-ADM3-33444609B8905284,San Javier,ADM3
58,9553.26185491,32056.4809405,0.0,ADM3,58,58,BOL,BOL-ADM3-33444609B2142879,San Pedro,ADM3
59,39723.4388066,59031.7056822,17077.8104177,ADM3,59,59,BOL,BOL-ADM3-33444609B87038976,Cajuata,ADM3
60,14334.2529144,46924.299665,0.0,ADM3,60,60,BOL,BOL-ADM3-33444609B59519836,Inquisivi,ADM3
61,67381.327159,92252.1894925,34778.9129514,ADM3,61,61,BOL,BOL-ADM3-33444609B26067698,Irupana,ADM3
62,71585.8219633,82900.337097,58238.0272698,ADM3,62,62,BOL,BOL-ADM3-33444609B18902401,Chulumani,ADM3
63,10885.4969225,31826.5208973,0.0,ADM3,63,63,BOL,BOL-ADM3-33444609B62162538,Poopó,ADM3
64,39576.2416592,64917.5365002,13717.2009461,ADM3,64,64,BOL,BOL-ADM3-33444609B19359116,Totora,ADM3
65,13846.3224323,37539.7293324,0.0,ADM3,65,65,BOL,BOL-ADM3-33444609B40503271,Betanzos,ADM3
66,95692.4203721,134883.263518,57831.0585114,ADM3,66,66,BOL,BOL-ADM3-33444609B16444652,Turco,ADM3
67,159951.501852,170307.854426,152379.537555,ADM3,67,67,BOL,BOL-ADM3-33444609B61346396,Todos Santos,ADM3
68,34942.6059091,89013.3846719,0.0,ADM3,68,68,BOL,BOL-ADM3-33444609B73204671,Concepción,ADM3
69,24247.5988346,60322.3719279,0.0,ADM3,69,69,BOL,BOL-ADM3-33444609B19125904,Santa Rosa,ADM3
70,19717.2158553,54866.3649771,0.0,ADM3,70,70,BOL,BOL-ADM3-33444609B59987600,Huacaraje,ADM3
71,155112.66108,163356.736951,145232.690136,ADM3,71,71,BOL,BOL-ADM3-33444609B98058544,La Rivera,ADM3
72,31557.2100576,73829.0777138,0.0,ADM3,72,72,BOL,BOL-ADM3-33444609B65603601,Entre Ríos,ADM3
73,18598.3734409,50870.926102,0.0,ADM3,73,73,BOL,BOL-ADM3-33444609B85871655,San Joaquín,ADM3
74,36500.460956,65882.7304238,0.0,ADM3,74,74,BOL,BOL-ADM3-33444609B31629000,San Ramón,ADM3
75,15306.4350769,28775.5815436,0.0,ADM3,75,75,BOL,BOL-ADM3-33444609B70300813,Tiahuanacu,ADM3
76,38965.8644812,64341.3932476,13765.995886,ADM3,76,76,BOL,BOL-ADM3-33444609B2169284,Colquechaca,ADM3
77,54074.9978753,69019.02,31152.3227378,ADM3,77,77,BOL,BOL-ADM3-33444609B28265316,Pocoata,ADM3
78,163150.244516,203615.728842,115823.618138,ADM3,78,78,BOL,BOL-ADM3-33444609B5007094,Llica,ADM3
79,40616.6898477,58971.5439278,12638.3381771,ADM3,79,79,BOL,BOL-ADM3-33444609B2586032,Quillacollo,ADM3
80,39931.6406205,56675.3333473,23103.2302899,ADM3,80,80,BOL,BOL-ADM3-33444609B27378021,Sacaba,ADM3
81,44795.0913498,60302.8791043,24844.8382882,ADM3,81,81,BOL,BOL-ADM3-33444609B80439797,Tiquipaya,ADM3
82,22333.6800221,26103.4642921,17851.7113023,ADM3,82,82,BOL,BOL-ADM3-33444609B86021401,Colcapirhua,ADM3
83,14392.8261351,36441.2407453,0.0,ADM3,83,83,BOL,BOL-ADM3-33444609B57513939,Sipesipe,ADM3
84,26750.674494,37127.33381,16698.15,ADM3,84,84,BOL,BOL-ADM3-33444609B63544582,Vinto,ADM3
85,11496.361946,25641.1291733,0.0,ADM3,85,85,BOL,BOL-ADM3-33444609B91378627,Tarata,ADM3
86,67716.0698104,82870.0737084,48290.5482821,ADM3,86,86,BOL,BOL-ADM3-33444609B10790515,Totora,ADM3
87,41625.9339823,69213.8340216,0.0,ADM3,87,87,BOL,BOL-ADM3-33444609B62366677,Buena Vista,ADM3
88,46473.0868082,65108.5341549,20140.8782235,ADM3,88,88,BOL,BOL-ADM3-33444609B65201053,San Carlos,ADM3
89,12345.8999038,37006.5445879,0.0,ADM3,89,89,BOL,BOL-ADM3-33444609B24515942,Magdalena,ADM3
90,56749.7027396,69876.9008637,35984.467826,ADM3,90,90,BOL,BOL-ADM3-33444609B38843317,Portachuelo,ADM3
91,201404.177836,247730.394554,162909.617311,ADM3,91,91,BOL,BOL-ADM3-33444609B37744367,San Antonio de Esmoruco,ADM3
92,28104.7556289,40842.8687124,13966.9462809,ADM3,92,92,BOL,BOL-ADM3-33444609B1106358,Uriondo,ADM3
93,171796.975454,186196.141559,159141.727187,ADM3,93,93,BOL,BOL-ADM3-33444609B85745690,Mojinete,ADM3
94,32653.0651205,86166.7212431,0.0,ADM3,94,94,BOL,BOL-ADM3-33444609B87243497,Yacuiba,ADM3
95,54466.1880463,77951.6217019,33191.5449868,ADM3,95,95,BOL,BOL-ADM3-33444609B234644,Yunchará,ADM3
96,52905.4369264,86530.1959875,7599.35090376,ADM3,96,96,BOL,BOL-ADM3-33444609B75965900,Caraparí,ADM3
97,60087.6375414,85921.6243102,33396.6055414,ADM3,97,97,BOL,BOL-ADM3-33444609B88496650,San Lorenzo,ADM3
98,80069.65329,103854.810949,46544.5630551,ADM3,98,98,BOL,BOL-ADM3-33444609B59853279,El Puente,ADM3
99,8435.84600778,22759.7360958,0.0,ADM3,99,99,BOL,BOL-ADM3-33444609B34120572,Toro Toro,ADM3
100,254547.93149,283678.886663,218706.054272,ADM3,100,100,BOL,BOL-ADM3-33444609B63002823,San Agustín,ADM3
101,48585.0450508,70326.7207039,22725.4079201,ADM3,101,101,BOL,BOL-ADM3-33444609B48940768,Tarija,ADM3
102,157907.196015,201458.553071,97012.8046785,ADM3,102,102,BOL,BOL-ADM3-33444609B83584775,Tahua,ADM3
103,236331.381904,292431.628456,167534.526978,ADM3,103,103,BOL,BOL-ADM3-33444609B12022744,San Pablo,ADM3
104,98714.4584696,117938.743371,77951.6217019,ADM3,104,104,BOL,BOL-ADM3-33444609B6650687,Las Carreras,ADM3
105,97874.2860345,117297.638934,72947.9925809,ADM3,105,105,BOL,BOL-ADM3-33444609B72563416,Villa Abecia,ADM3
106,40859.5427574,52465.2137964,27117.5450534,ADM3,106,106,BOL,BOL-ADM3-33444609B32136747,Morochata,ADM3
107,151808.51394,162898.302099,140943.671675,ADM3,107,107,BOL,BOL-ADM3-33444609B11014199,Carangas,ADM3
108,118439.293104,128724.276411,110498.830692,ADM3,108,108,BOL,BOL-ADM3-33444609B29831186,Yunguyo del Litoral,ADM3
109,118130.390304,136773.842876,100236.170709,ADM3,109,109,BOL,BOL-ADM3-33444609B64125054,Cruz de Machacamarca,ADM3
110,28418.7516754,37325.6119966,16875.2494588,ADM3,110,110,BOL,BOL-ADM3-33444609B44425060,Antequera,ADM3
111,3007.81266194,5474.27470857,0.0,ADM3,111,111,BOL,BOL-ADM3-33444609B30420791,Nazacara de Pacajes,ADM3
112,15307.511961,43392.8096101,0.0,ADM3,112,112,BOL,BOL-ADM3-33444609B25496031,Caquiaviri,ADM3
113,58258.3031873,77716.5877225,37124.5398366,ADM3,113,113,BOL,BOL-ADM3-33444609B78062899,Belén de Andamarca,ADM3
114,57479.1225548,91643.8949569,25292.1445281,ADM3,114,114,BOL,BOL-ADM3-33444609B19215102,Corque,ADM3
115,87446.4822954,114466.446508,65944.9723636,ADM3,115,115,BOL,BOL-ADM3-33444609B29766009,Vitiche,ADM3
116,50699.4172917,66792.6,38962.35,ADM3,116,116,BOL,BOL-ADM3-33444609B50583695,Luribay,ADM3
117,8439.94438655,21486.6089364,0.0,ADM3,117,117,BOL,BOL-ADM3-33444609B61739549,Machacamarca,ADM3
118,12998.857971,27290.136657,0.0,ADM3,118,118,BOL,BOL-ADM3-33444609B79352083,Arampampa,ADM3
119,21891.1847444,30687.0752268,13326.5036921,ADM3,119,119,BOL,BOL-ADM3-33444609B67664908,Sacabamba,ADM3
120,8532.74833112,23032.1764528,0.0,ADM3,120,120,BOL,BOL-ADM3-33444609B24659770,Anzaldo,ADM3
121,23554.8612223,30146.2855072,17712.3267797,ADM3,121,121,BOL,BOL-ADM3-33444609B17865743,Toco,ADM3
122,30892.7603025,37123.9487144,25886.7740347,ADM3,122,122,BOL,BOL-ADM3-33444609B84509711,Villa Gualberto Villarroel,ADM3
123,34058.7033865,37123.9487144,29140.7601771,ADM3,123,123,BOL,BOL-ADM3-33444609B63808862,Tacachi,ADM3
124,28789.751328,33486.8740014,22645.0623215,ADM3,124,124,BOL,BOL-ADM3-33444609B45712919,Cliza,ADM3
125,39626.0372597,48694.7934402,26311.5856552,ADM3,125,125,BOL,BOL-ADM3-33444609B71410216,Tacopaya,ADM3
126,3997.69363071,15792.8141911,0.0,ADM3,126,126,BOL,BOL-ADM3-33444609B34376575,El Choro,ADM3
127,16593.2662239,38481.7665497,0.0,ADM3,127,127,BOL,BOL-ADM3-33444609B90107878,Toledo,ADM3
128,6687.46486851,16899.2040541,0.0,ADM3,128,128,BOL,BOL-ADM3-33444609B16998103,Santivañez,ADM3
129,26206.9828492,51872.4745335,1057.19626523,ADM3,129,129,BOL,BOL-ADM3-33444609B37510264,Paria,ADM3
130,50203.7275369,64562.1600096,39991.833428,ADM3,130,130,BOL,BOL-ADM3-33444609B66068349,Collana,ADM3
131,27021.2747788,34978.3828965,18660.2263811,ADM3,131,131,BOL,BOL-ADM3-33444609B94491619,Tolata,ADM3
132,124824.910126,141498.903339,106914.062627,ADM3,132,132,BOL,BOL-ADM3-33444609B30727604,Cobija,ADM3
133,7768.24339139,19686.203995,0.0,ADM3,133,133,BOL,BOL-ADM3-33444609B21077453,Eucaliptus,ADM3
134,10939.7409759,30321.3438226,0.0,ADM3,134,134,BOL,BOL-ADM3-33444609B28630051,Santiago de Callapa,ADM3
135,22197.4492729,37966.3730531,10355.3537859,ADM3,135,135,BOL,BOL-ADM3-33444609B41741681,Cochabamba,ADM3
136,23420.739839,52529.0545287,0.0,ADM3,136,136,BOL,BOL-ADM3-33444609B22900187,Caracollo,ADM3
137,70326.4431118,88345.6606206,55329.8240682,ADM3,137,137,BOL,BOL-ADM3-33444609B21007182,Catacora,ADM3
138,39171.5342021,54635.9971508,22254.9793688,ADM3,138,138,BOL,BOL-ADM3-33444609B25632649,Yaco,ADM3
139,28900.3234878,87526.7008474,0.0,ADM3,139,139,BOL,BOL-ADM3-33444609B93045845,Calacoto,ADM3
140,41854.9549511,51090.8691578,34040.2461465,ADM3,140,140,BOL,BOL-ADM3-33444609B26131324,Arani,ADM3
141,37938.8466188,46529.1932365,30376.1851372,ADM3,141,141,BOL,BOL-ADM3-33444609B3757470,Punata,ADM3
142,21541.3444333,50217.5521071,0.0,ADM3,142,142,BOL,BOL-ADM3-33444609B21151286,Sicasica,ADM3
143,30972.3678004,46266.9888147,18258.2652658,ADM3,143,143,BOL,BOL-ADM3-33444609B32005482,Patacamaya,ADM3
144,47225.1782571,63813.8019321,34979.1768601,ADM3,144,144,BOL,BOL-ADM3-33444609B19082627,Colquencha,ADM3
145,47239.5021565,80711.0967101,17892.2444452,ADM3,145,145,BOL,BOL-ADM3-33444609B96911206,Santiago de Machaca,ADM3
146,21512.7915416,61068.349358,0.0,ADM3,146,146,BOL,BOL-ADM3-33444609B58600296,Sena,ADM3
147,6805.51332475,21378.4819355,0.0,ADM3,147,147,BOL,BOL-ADM3-33444609B26946399,San Lorenzo,ADM3
148,60037.373142,107875.837849,22810.1410724,ADM3,148,148,BOL,BOL-ADM3-33444609B90312020,Santa Rosa,ADM3
149,44033.7952141,58122.9290266,30826.7904138,ADM3,149,149,BOL,BOL-ADM3-33444609B20955158,Malla,ADM3
150,32700.9023386,43523.7365761,21273.4782409,ADM3,150,150,BOL,BOL-ADM3-33444609B91729130,Comanche,ADM3
151,62200.6899268,76215.047832,46713.9416421,ADM3,151,151,BOL,BOL-ADM3-33444609B41933053,Calamarca,ADM3
152,49898.7979381,67275.3330268,33800.0802796,ADM3,152,152,BOL,BOL-ADM3-33444609B85812802,Viacha,ADM3
153,26140.6197853,38196.3996679,14407.3508456,ADM3,153,153,BOL,BOL-ADM3-33444609B79205479,Villa Libertad Licoma,ADM3
154,39158.0470773,63408.6158538,15350.4740219,ADM3,154,154,BOL,BOL-ADM3-33444609B66902866,Quime,ADM3
155,1886.78133201,4452.84,0.0,ADM3,155,155,BOL,BOL-ADM3-33444609B98511044,Huatajata,ADM3
156,32456.0598308,44812.5337727,17216.3547744,ADM3,156,156,BOL,BOL-ADM3-33444609B79531063,Laja,ADM3
157,74675.9321898,86564.8138864,58787.6049008,ADM3,157,157,BOL,BOL-ADM3-33444609B83826918,Mecapaca,ADM3
158,79849.0411493,93625.5029184,64968.8124179,ADM3,158,158,BOL,BOL-ADM3-33444609B56483619,Palca,ADM3
159,61869.1755438,71669.5088077,50104.8401044,ADM3,159,159,BOL,BOL-ADM3-33444609B1863080,Achocalla,ADM3
160,44652.813962,59318.1894786,35345.7729462,ADM3,160,160,BOL,BOL-ADM3-33444609B30011805,El Alto,ADM3
161,82148.8869781,92910.4580515,66625.9942713,ADM3,161,161,BOL,BOL-ADM3-33444609B40374901,Yanacachi,ADM3
162,34800.7535364,56764.5101163,6738.19905095,ADM3,162,162,BOL,BOL-ADM3-33444609B99579203,Tapacarí,ADM3
163,2154.40181438,6767.31952213,0.0,ADM3,163,163,BOL,BOL-ADM3-33444609B26061868,Desaguadero,ADM3
164,15446.8160691,38020.8587668,0.0,ADM3,164,164,BOL,BOL-ADM3-33444609B81723104,Jesús de Machaka,ADM3
165,6105.10370288,14968.8141987,0.0,ADM3,165,165,BOL,BOL-ADM3-33444609B3928389,Puerto Mayor de Guaqui,ADM3
166,578.600863597,2226.42,0.0,ADM3,166,166,BOL,BOL-ADM3-33444609B83959891,Tito Yupanqui,ADM3
167,22597.6080053,44845.3378777,0.0,ADM3,167,167,BOL,BOL-ADM3-33444609B86182822,Pucarani,ADM3
168,15319.8618288,23680.6154436,8959.64119542,ADM3,168,168,BOL,BOL-ADM3-33444609B86015105,Combaya,ADM3
169,73457.2864562,90842.1844852,56051.592431,ADM3,169,169,BOL,BOL-ADM3-33444609B70122176,Coroico,ADM3
170,67857.6994982,91111.0857705,41735.9801549,ADM3,170,170,BOL,BOL-ADM3-33444609B52332460,Coripata,ADM3
171,38630.8533922,47912.5657523,32564.9485943,ADM3,171,171,BOL,BOL-ADM3-33444609B75079070,Quiabaya,ADM3
172,53459.7423176,63377.6373109,43970.2965478,ADM3,172,172,BOL,BOL-ADM3-33444609B51912538,Aucapata,ADM3
173,43779.9662293,59703.1769428,28774.621036,ADM3,173,173,BOL,BOL-ADM3-33444609B77019342,Ayo Ayo,ADM3
174,14408.2344167,35520.2078071,0.0,ADM3,174,174,BOL,BOL-ADM3-33444609B52543177,Azurduy,ADM3
175,56638.0720782,71924.4248826,41606.5668322,ADM3,175,175,BOL,BOL-ADM3-33444609B93497004,Tipuani,ADM3
176,56301.1053278,78317.1322662,35597.7983934,ADM3,176,176,BOL,BOL-ADM3-33444609B95766629,Nuestra Señora de La Paz,ADM3
177,41952.8933672,72919.3660304,14645.1356863,ADM3,177,177,BOL,BOL-ADM3-33444609B93873258,Sorata,ADM3
178,24519.6549886,68482.5463012,0.0,ADM3,178,178,BOL,BOL-ADM3-33444609B25803532,La Asunta,ADM3
179,28807.9185771,44154.8480094,10030.6220577,ADM3,179,179,BOL,BOL-ADM3-33444609B88180595,Chuma,ADM3
180,51928.1124246,75094.7300691,22515.2313884,ADM3,180,180,BOL,BOL-ADM3-33444609B33390960,Guanay,ADM3
181,16266.0988824,34898.3341215,0.0,ADM3,181,181,BOL,BOL-ADM3-33444609B45650655,Teoponte,ADM3
182,63197.6307494,79097.3071643,43494.2982867,ADM3,182,182,BOL,BOL-ADM3-33444609B90372031,Mapiri,ADM3
183,71760.9526717,103547.048335,34976.9190488,ADM3,183,183,BOL,BOL-ADM3-33444609B50407902,Charazani,ADM3
184,74512.6598575,105517.265873,46492.5110004,ADM3,184,184,BOL,BOL-ADM3-33444609B73754741,"Caiza ""D""",ADM3
185,1920.59871018,6295.90856279,0.0,ADM3,185,185,BOL,BOL-ADM3-33444609B22177467,Copacabana,ADM3
186,16232.3358363,37969.1736055,0.0,ADM3,186,186,BOL,BOL-ADM3-33444609B65808761,Tarvita,ADM3
187,39270.2571914,49718.5855333,25984.4829687,ADM3,187,187,BOL,BOL-ADM3-33444609B42666607,Chaquí,ADM3
188,58751.8708457,87033.5434012,32421.8674316,ADM3,188,188,BOL,BOL-ADM3-33444609B15997979,Puna,ADM3
189,23736.8449783,56393.97574,0.0,ADM3,189,189,BOL,BOL-ADM3-33444609B30593293,Ckochas,ADM3
190,45777.0580321,59445.281028,28259.2991836,ADM3,190,190,BOL,BOL-ADM3-33444609B60642341,El Villar,ADM3
191,48612.1501394,80295.2980811,18924.57,ADM3,191,191,BOL,BOL-ADM3-33444609B90845226,Huacaya,ADM3
192,64852.8130366,84838.4809231,35530.3678059,ADM3,192,192,BOL,BOL-ADM3-33444609B27309972,Tacacoma,ADM3
193,22746.5508874,57222.6445593,0.0,ADM3,193,193,BOL,BOL-ADM3-33444609B13482689,Huacareta,ADM3
194,47418.9468427,81986.6527073,1041.36194102,ADM3,194,194,BOL,BOL-ADM3-33444609B9106763,Monteagudo,ADM3
195,24901.7402623,54081.2949206,0.0,ADM3,195,195,BOL,BOL-ADM3-33444609B51923126,Potosí,ADM3
196,316.065536435,1541.63012287,0.0,ADM3,196,196,BOL,BOL-ADM3-33444609B67965715,San Pedro de Tiquina,ADM3
197,70237.2045667,96621.2575891,32855.9984661,ADM3,197,197,BOL,BOL-ADM3-33444609B6445025,Lagunillas,ADM3
198,45621.1489334,50718.6979207,38799.5719338,ADM3,198,198,BOL,BOL-ADM3-33444609B92818499,Alcalá,ADM3
199,32512.8105514,45074.8962436,18403.0810971,ADM3,199,199,BOL,BOL-ADM3-33444609B9397800,Sopachui,ADM3
200,12385.1377699,27046.5430438,0.0,ADM3,200,200,BOL,BOL-ADM3-33444609B74292684,Villa Ricardo Mugia - Icla,ADM3
201,7942.42839922,20786.3521446,0.0,ADM3,201,201,BOL,BOL-ADM3-33444609B38543160,Yotala,ADM3
202,12700.0067169,33948.2396059,0.0,ADM3,202,202,BOL,BOL-ADM3-33444609B32418048,Yamparáez,ADM3
203,37538.2397979,47877.2473325,19978.4918153,ADM3,203,203,BOL,BOL-ADM3-33444609B38412786,Tomina,ADM3
204,30260.7110118,52628.8353838,0.0,ADM3,204,204,BOL,BOL-ADM3-33444609B72440734,Ocurí,ADM3
205,25707.9031777,41991.3432864,0.0,ADM3,205,205,BOL,BOL-ADM3-33444609B73936756,Tarabuco,ADM3
206,35929.8391935,45783.7773519,21915.4812966,ADM3,206,206,BOL,BOL-ADM3-33444609B5472183,Zudañez,ADM3
207,69564.4714853,98629.656439,45912.7952069,ADM3,207,207,BOL,BOL-ADM3-33444609B88989469,Curva,ADM3
208,79106.0020835,115910.754036,40065.8754134,ADM3,208,208,BOL,BOL-ADM3-33444609B30997278,Pelechuco,ADM3
209,14239.9019521,41969.7386396,0.0,ADM3,209,209,BOL,BOL-ADM3-33444609B83015549,Palos Blancos,ADM3
210,63750.6083221,157737.900739,0.0,ADM3,210,210,BOL,BOL-ADM3-33444609B25123274,Apolo,ADM3
211,26685.5768042,56603.419266,0.0,ADM3,211,211,BOL,BOL-ADM3-33444609B4331330,Puerto Menor de Rurrenabaque,ADM3
212,22087.2734656,57610.0383626,0.0,ADM3,212,212,BOL,BOL-ADM3-33444609B85439426,San Buenaventura,ADM3
213,78274.7027672,131245.959309,0.0,ADM3,213,213,BOL,BOL-ADM3-33444609B23560373,Santa Ana,ADM3
214,64489.7154476,110703.383209,12611.0654169,ADM3,214,214,BOL,BOL-ADM3-33444609B36751060,San Borja,ADM3
215,21767.1645394,56565.3909586,0.0,ADM3,215,215,BOL,BOL-ADM3-33444609B13357475,Reyes,ADM3
216,5164.14450255,15719.4191178,0.0,ADM3,216,216,BOL,BOL-ADM3-33444609B85003487,Puerto Gonzalo Moreno,ADM3
217,11911.2082951,30750.3117061,0.0,ADM3,217,217,BOL,BOL-ADM3-33444609B80291858,Puerto Siles,ADM3
218,29543.0699381,86332.2768913,0.0,ADM3,218,218,BOL,BOL-ADM3-33444609B10458910,Exaltación,ADM3
219,30893.993447,81546.4655416,0.0,ADM3,219,219,BOL,BOL-ADM3-33444609B93314585,Riberalta,ADM3
220,105803.827891,128646.209255,81306.3239687,ADM3,220,220,BOL,BOL-ADM3-33444609B95419155,Porvenir,ADM3
221,65289.2804645,95921.6615886,34378.0732271,ADM3,221,221,BOL,BOL-ADM3-33444609B83803279,Bella Flor,ADM3
222,10012.338989,33136.1604434,0.0,ADM3,222,222,BOL,BOL-ADM3-33444609B11509981,San Pedro,ADM3
223,19460.6052826,50463.7521239,0.0,ADM3,223,223,BOL,BOL-ADM3-33444609B55981723,Puerto Rico,ADM3
224,58996.6599111,76588.8476387,30403.8556881,ADM3,224,224,BOL,BOL-ADM3-33444609B45825141,Santa Rosa,ADM3
225,57726.8730297,85101.3713562,18794.0260969,ADM3,225,225,BOL,BOL-ADM3-33444609B53699713,Ingavi,ADM3
226,13646.9771442,40055.5285122,0.0,ADM3,226,226,BOL,BOL-ADM3-33444609B93580112,Guayaramerín,ADM3
227,17732.727188,53710.6286609,0.0,ADM3,227,227,BOL,BOL-ADM3-33444609B33507653,Villa Nueva,ADM3
228,56069.6732359,84978.2616901,5666.20829382,ADM3,228,228,BOL,BOL-ADM3-33444609B15181859,Santos Mercado,ADM3
229,17610.7408397,46466.0144341,0.0,ADM3,229,229,BOL,BOL-ADM3-33444609B91423379,Nueva Esperanza,ADM3
230,3345.09366787,8701.89039211,0.0,ADM3,230,230,BOL,BOL-ADM3-33444609B41664570,Santiago de Huata,ADM3
231,868.112244143,5661.20392266,0.0,ADM3,231,231,BOL,BOL-ADM3-33444609B7909722,Puerto Pérez,ADM3
232,58441.7558492,71234.7526062,46996.9899737,ADM3,232,232,BOL,BOL-ADM3-33444609B27408509,Chuquihuta Ayllu Jucumani,ADM3
233,142283.13438,176549.429599,106632.812729,ADM3,233,233,BOL,BOL-ADM3-33444609B21368266,Bolpebra,ADM3
234,47249.4965382,118187.430692,0.0,ADM3,234,234,BOL,BOL-ADM3-33444609B21491486,Filadelfia,ADM3
235,7336.16112542,20818.7299084,0.0,ADM3,235,235,BOL,BOL-ADM3-33444609B19655093,Alto Beni,ADM3
236,33846.0504214,60799.3814876,13386.2923753,ADM3,236,236,BOL,BOL-ADM3-33444609B96037932,Caranavi,ADM3
237,6934.78597886,16791.8457529,0.0,ADM3,237,237,BOL,BOL-ADM3-33444609B8469227,Huarina,ADM3
238,38162.9437659,52429.4180106,20086.7281578,ADM3,238,238,BOL,BOL-ADM3-33444609B76614989,Bolivar,ADM3
239,4150.74528646,8878.940983,0.0,ADM3,239,239,BOL,BOL-ADM3-33444609B43692068,Chua Cocani,ADM3
240,20931.6685183,29768.1612087,10617.9489133,ADM3,240,240,BOL,BOL-ADM3-33444609B78666461,Humanata,ADM3
241,41152.3698609,87877.2428362,0.0,ADM3,241,241,BOL,BOL-ADM3-33444609B92881157,Villa Vaca Guzmán,ADM3
242,19450.6103985,39506.1462556,0.0,ADM3,242,242,BOL,BOL-ADM3-33444609B42689736,Batallas,ADM3
243,30433.7698002,59655.8282688,0.0,ADM3,243,243,BOL,BOL-ADM3-33444609B75760336,Padilla,ADM3
244,16988.9199997,43569.7992174,0.0,ADM3,244,244,BOL,BOL-ADM3-33444609B69980236,Mojocoya,ADM3
245,8783.74718489,26160.5566328,0.0,ADM3,245,245,BOL,BOL-ADM3-33444609B51772236,Pucará,ADM3
246,11528.1882027,30474.0565785,0.0,ADM3,246,246,BOL,BOL-ADM3-33444609B69127220,Villa Serrano,ADM3
247,83340.8913371,150535.580407,24166.1704667,ADM3,247,247,BOL,BOL-ADM3-33444609B12353677,Macharetí,ADM3
248,109028.374966,133508.284022,86076.6943588,ADM3,248,248,BOL,BOL-ADM3-33444609B47604355,Boyuibe,ADM3
249,79115.1841661,99108.1700029,59356.3699543,ADM3,249,249,BOL,BOL-ADM3-33444609B96934473,Cuevo,ADM3
250,93039.2834261,111603.066118,70727.1796939,ADM3,250,250,BOL,BOL-ADM3-33444609B99493244,Camiri,ADM3
251,28346.5662215,66116.9814925,0.0,ADM3,251,251,BOL,BOL-ADM3-33444609B83608870,Cocapata,ADM3
252,17738.5069932,46934.5983216,0.0,ADM3,252,252,BOL,BOL-ADM3-33444609B53201147,Vallegrande,ADM3
253,37144.5128436,90177.0715746,0.0,ADM3,253,253,BOL,BOL-ADM3-33444609B32904525,Gutiérrez,ADM3
254,18453.7993667,38348.9185252,0.0,ADM3,254,254,BOL,BOL-ADM3-33444609B61390228,Sucre,ADM3
255,20066.3379677,43539.9086518,0.0,ADM3,255,255,BOL,BOL-ADM3-33444609B90222474,Presto,ADM3
256,40073.4740649,61976.7277313,11889.2183048,ADM3,256,256,BOL,BOL-ADM3-33444609B25796587,Postrervalle,ADM3
257,43511.2562471,54627.1656492,31849.3877726,ADM3,257,257,BOL,BOL-ADM3-33444609B52561385,Trigal,ADM3
258,52098.1100872,62189.1607193,41296.5777276,ADM3,258,258,BOL,BOL-ADM3-33444609B67865308,Quirusillas,ADM3
259,21304.4879135,58832.2971906,0.0,ADM3,259,259,BOL,BOL-ADM3-33444609B3158247,Cabezas,ADM3
260,14119.7977546,29844.4228228,0.0,ADM3,260,260,BOL,BOL-ADM3-33444609B36360155,Cotoca,ADM3
261,19316.0465487,52799.6474199,0.0,ADM3,261,261,BOL,BOL-ADM3-33444609B82294182,Yapacaní,ADM3
262,16975.661615,46754.82,0.0,ADM3,262,262,BOL,BOL-ADM3-33444609B81436946,Cuatro Cañadas,ADM3
263,29218.5627729,44480.0229915,14617.7590716,ADM3,263,263,BOL,BOL-ADM3-33444609B34841445,San Ramón,ADM3
264,48050.3360258,73498.3463052,10007.7324964,ADM3,264,264,BOL,BOL-ADM3-33444609B57224915,San Javier,ADM3
265,55947.0511355,108962.597066,0.0,ADM3,265,265,BOL,BOL-ADM3-33444609B78704867,San Miguel,ADM3
266,63665.7463046,106415.472698,0.0,ADM3,266,266,BOL,BOL-ADM3-33444609B25395901,Villa Tunari,ADM3
267,18566.9559301,55724.3797597,0.0,ADM3,267,267,BOL,BOL-ADM3-33444609B24552917,Chimoré,ADM3
268,71651.1587084,90273.7996447,44988.202397,ADM3,268,268,BOL,BOL-ADM3-33444609B18430420,Tiraque,ADM3
269,63098.1460719,87596.4225266,42259.459072,ADM3,269,269,BOL,BOL-ADM3-33444609B95602913,Shinahota,ADM3
270,38876.9113817,48610.8648647,25420.0040009,ADM3,270,270,BOL,BOL-ADM3-33444609B71154134,Montero,ADM3
271,16243.1037604,61866.5466024,0.0,ADM3,271,271,BOL,BOL-ADM3-33444609B46709169,Ascención de Guarayos,ADM3
272,44493.9578015,68801.3226268,9870.97122547,ADM3,272,272,BOL,BOL-ADM3-33444609B55665100,San Andrés,ADM3
273,50550.6664498,63794.323104,39387.0015677,ADM3,273,273,BOL,BOL-ADM3-33444609B36270672,Vacas,ADM3
274,56166.5608064,72281.4807192,39186.1424757,ADM3,274,274,BOL,BOL-ADM3-33444609B99795676,Pocona,ADM3
275,7789.25193589,21483.0679239,0.0,ADM3,275,275,BOL,BOL-ADM3-33444609B439401,Okinawa Uno,ADM3
276,26826.7388581,48093.6435869,0.0,ADM3,276,276,BOL,BOL-ADM3-33444609B11056664,Warnes,ADM3
277,21821.7625786,40376.6720068,0.0,ADM3,277,277,BOL,BOL-ADM3-33444609B54301679,General Saavedra,ADM3
278,38429.9538334,87854.0526218,0.0,ADM3,278,278,BOL,BOL-ADM3-33444609B10251116,Pailón,ADM3
279,12009.0507315,30407.8205031,0.0,ADM3,279,279,BOL,BOL-ADM3-33444609B49773042,Fernández Alonso,ADM3
280,24830.0498574,39903.9129903,0.0,ADM3,280,280,BOL,BOL-ADM3-33444609B82751741,Mineros,ADM3
281,36429.458064,59486.1040886,3951.57441755,ADM3,281,281,BOL,BOL-ADM3-33444609B58335505,Pampa Grande,ADM3
282,35807.3516751,60687.0770955,6989.77925715,ADM3,282,282,BOL,BOL-ADM3-33444609B78053551,Mairana,ADM3
283,22534.3876066,47685.6138642,0.0,ADM3,283,283,BOL,BOL-ADM3-33444609B66013257,Puerto Villarroel,ADM3
284,52974.850304,66875.3569468,42768.2705798,ADM3,284,284,BOL,BOL-ADM3-33444609B84075203,Colpa Bélgica,ADM3
285,63598.6548117,145941.071427,0.0,ADM3,285,285,BOL,BOL-ADM3-33444609B58337466,Puerto Suarez,ADM3
286,96327.3551945,154542.690905,27139.8511202,ADM3,286,286,BOL,BOL-ADM3-33444609B52930702,El Carmen Rivero Tórrez,ADM3
287,159777.833249,194873.35174,127259.419291,ADM3,287,287,BOL,BOL-ADM3-33444609B32568642,Roboré,ADM3
288,59119.1345335,147202.748247,0.0,ADM3,288,288,BOL,BOL-ADM3-33444609B83253902,San Matías,ADM3
289,127544.996603,232691.539135,0.0,ADM3,289,289,BOL,BOL-ADM3-33444609B85273692,Charagua,ADM3
290,96333.0127065,160007.746227,3182.9392284,ADM3,290,290,BOL,BOL-ADM3-33444609B21156081,San José,ADM3
291,123948.403176,166273.666023,57016.5295356,ADM3,291,291,BOL,BOL-ADM3-33444609B61104849,San Rafael,ADM3
292,23329.6745699,48395.8461354,0.0,ADM3,292,292,BOL,BOL-ADM3-33444609B74694029,Ayopaya,ADM3
293,64908.0699618,156711.822655,0.0,ADM3,293,293,BOL,BOL-ADM3-33444609B38230040,San Ignacio,ADM3
294,43734.2195699,77199.8913079,0.0,ADM3,294,294,BOL,BOL-ADM3-33444609B93004293,Urubicha,ADM3
295,22990.7151891,58945.1424213,0.0,ADM3,295,295,BOL,BOL-ADM3-33444609B21187437,Baures,ADM3
296,32928.5719503,67521.7298179,0.0,ADM3,296,296,BOL,BOL-ADM3-33444609B59063344,Trinidad,ADM3
297,27495.0347301,67625.6480791,0.0,ADM3,297,297,BOL,BOL-ADM3-33444609B54102559,San Antonio de Lomerio,ADM3
298,61061.9397833,84202.5853144,39754.7180076,ADM3,298,298,BOL,BOL-ADM3-33444609B66575543,Pojo,ADM3
299,20385.8736232,47287.6130312,0.0,ADM3,299,299,BOL,BOL-ADM3-33444609B6351519,Entre Ríos,ADM3
300,14642.0476644,31422.3283424,0.0,ADM3,300,300,BOL,BOL-ADM3-33444609B40832379,Poroma,ADM3
301,55238.5753672,68548.2725598,38415.3337387,ADM3,301,301,BOL,BOL-ADM3-33444609B77419578,Colomi,ADM3
302,30824.8747298,41953.6638929,17911.7580811,ADM3,302,302,BOL,BOL-ADM3-33444609B47454413,Alalay,ADM3
303,10529.727199,23836.9567583,0.0,ADM3,303,303,BOL,BOL-ADM3-33444609B95117685,Vila Vila,ADM3
304,54521.7824562,153718.418779,0.0,ADM3,304,304,BOL,BOL-ADM3-33444609B5346742,Ixiamas,ADM3
305,61234.1386228,85743.8964677,38593.2979755,ADM3,305,305,BOL,BOL-ADM3-33444609B73132405,Ayata,ADM3
306,88616.8820733,178352.212201,2226.42,ADM3,306,306,BOL,BOL-ADM3-33444609B71435776,Uyuni,ADM3
307,38555.8545894,44793.7582591,32524.9145289,ADM3,307,307,BOL,BOL-ADM3-33444609B66511934,Waldo Ballivian,ADM3
308,60897.3679571,106666.405182,12245.31,ADM3,308,308,BOL,BOL-ADM3-33444609B68137279,Curahuara de Carangas,ADM3
309,59936.0577724,82918.8097807,38551.7019359,ADM3,309,309,BOL,BOL-ADM3-33444609B36186520,Choquecota,ADM3
310,95979.6006271,125721.400189,73327.661475,ADM3,310,310,BOL,BOL-ADM3-33444609B87640342,Escara,ADM3
311,130259.444811,145365.09676,118792.523654,ADM3,311,311,BOL,BOL-ADM3-33444609B79549253,Coipasa,ADM3
312,93247.1412888,108778.922999,76592.9454584,ADM3,312,312,BOL,BOL-ADM3-33444609B48403080,Chipaya,ADM3
313,62820.1561429,72468.0063911,45203.0061979,ADM3,313,313,BOL,BOL-ADM3-33444609B66088023,Chayanta,ADM3
314,70843.1618215,119567.913965,25198.3385019,ADM3,314,314,BOL,BOL-ADM3-33444609B60563542,Salinas de Garcí Mendoza,ADM3
315,127380.243363,179504.867147,66997.418736,ADM3,315,315,BOL,BOL-ADM3-33444609B90206942,Tupiza,ADM3
316,173478.108309,202592.350337,149700.362641,ADM3,316,316,BOL,BOL-ADM3-33444609B106993,Atocha,ADM3
317,200054.650429,235970.243935,162843.114844,ADM3,317,317,BOL,BOL-ADM3-33444609B51545061,San Pedro de Quemes,ADM3
318,10071.5357398,25603.83,0.0,ADM3,318,318,BOL,BOL-ADM3-33444609B42696709,San Julián,ADM3
319,19932.5858418,46878.7473747,0.0,ADM3,319,319,BOL,BOL-ADM3-33444609B68632045,El Puente,ADM3
320,32033.7077382,69019.02,0.0,ADM3,320,320,BOL,BOL-ADM3-33444609B10638383,Comarapa,ADM3
321,7197.94733267,18988.8401681,0.0,ADM3,321,321,BOL,BOL-ADM3-33444609B8717747,Bermejo,ADM3
322,31849.6220522,55053.9691694,10380.7282996,ADM3,322,322,BOL,BOL-ADM3-33444609B53463626,Villa Charcas,ADM3
323,8096.93823101,24238.6516603,0.0,ADM3,323,323,BOL,BOL-ADM3-33444609B82635532,Puerto Acosta,ADM3
324,4941.92104098,12245.31,0.0,ADM3,324,324,BOL,BOL-ADM3-33444609B17656422,Escoma,ADM3
325,65774.3573671,95894.6509126,27286.1897602,ADM3,325,325,BOL,BOL-ADM3-33444609B71044330,Charaña,ADM3
326,12648.2806584,30084.5655134,0.0,ADM3,326,326,BOL,BOL-ADM3-33444609B93991773,Achacachi,ADM3
327,2346.23131949,6397.44923649,0.0,ADM3,327,327,BOL,BOL-ADM3-33444609B13753118,Taraco,ADM3
328,14158.8602839,41345.7975872,0.0,ADM3,328,328,BOL,BOL-ADM3-33444609B75690871,La (Marka) San Andrés de Mach,ADM3
329,7935.45955989,25989.7404435,0.0,ADM3,329,329,BOL,BOL-ADM3-33444609B31051948,Tacobamba,ADM3
330,20430.8745968,52466.0835791,0.0,ADM3,330,330,BOL,BOL-ADM3-33444609B24985970,Challapata,ADM3
331,50720.8557953,68349.3282387,37500.1446741,ADM3,331,331,BOL,BOL-ADM3-33444609B93024851,Uncía,ADM3
332,28875.5300485,48201.0688653,10492.5935746,ADM3,332,332,BOL,BOL-ADM3-33444609B54083051,Ravelo,ADM3
333,23071.9017728,51457.0412654,0.0,ADM3,333,333,BOL,BOL-ADM3-33444609B27870252,Mizque,ADM3
334,18707.0511472,47610.4165125,0.0,ADM3,334,334,BOL,BOL-ADM3-33444609B5020991,Pasorapa,ADM3
335,122548.207708,170448.130327,63458.8891381,ADM3,335,335,BOL,BOL-ADM3-33444609B93401902,Cotagaita,ADM3
336,65912.2593525,95099.2370128,31959.2540266,ADM3,336,336,BOL,BOL-ADM3-33444609B61161865,Camargo,ADM3
337,98545.134554,148910.566604,50628.0843117,ADM3,337,337,BOL,BOL-ADM3-33444609B2211567,Villazón,ADM3
338,18083.7279519,46852.0035116,0.0,ADM3,338,338,BOL,BOL-ADM3-33444609B28920794,Padcaya,ADM3
