asdf_id,map_pf_incidence_rate.2012.mean,map_pf_incidence_rate.2012.min,map_pf_incidence_rate.2012.max,map_pf_incidence_rate.2012.count,map_pf_incidence_rate.2013.mean,map_pf_incidence_rate.2013.min,map_pf_incidence_rate.2013.max,map_pf_incidence_rate.2013.count,map_pf_incidence_rate.2014.mean,map_pf_incidence_rate.2014.min,map_pf_incidence_rate.2014.max,map_pf_incidence_rate.2014.count,map_pf_incidence_rate.2015.mean,map_pf_incidence_rate.2015.min,map_pf_incidence_rate.2015.max,map_pf_incidence_rate.2015.count,map_pf_incidence_rate.2016.mean,map_pf_incidence_rate.2016.min,map_pf_incidence_rate.2016.max,map_pf_incidence_rate.2016.count,map_pf_incidence_rate.2017.mean,map_pf_incidence_rate.2017.min,map_pf_incidence_rate.2017.max,map_pf_incidence_rate.2017.count,map_pf_incidence_rate.2018.mean,map_pf_incidence_rate.2018.min,map_pf_incidence_rate.2018.max,map_pf_incidence_rate.2018.count,map_pf_incidence_rate.2019.mean,map_pf_incidence_rate.2019.min,map_pf_incidence_rate.2019.max,map_pf_incidence_rate.2019.count,Level,gqid,id,shapeGroup,shapeID,shapeName,shapeType
0,0,0,0,31.17000008,0,0,0,31.17000008,0,0,0,31.17000008,0,0,0,31.17000008,0,0,0,31.17000008,0,0,0,31.17000008,0,0,0,31.17000008,0,0,0,31.17000008,ADM3,0,0,BOL,BOL-ADM3-33444609B20338026,Esmeralda,ADM3
1,0,0,0,48.56999969,0,0,0,48.56999969,0,0,0,48.56999969,0,0,0,48.56999969,0,0,0,48.56999969,0,0,0,48.56999969,0,0,0,48.56999969,0,0,0,48.56999969,ADM3,1,1,BOL,BOL-ADM3-33444609B53994240,Santuario de Quillacas,ADM3
2,0,0,0,52.68999863,0,0,0,52.68999863,0,0,0,52.68999863,0,0,0,52.68999863,0,0,0,52.68999863,0,0,0,52.68999863,0,0,0,52.68999863,0,0,0,52.68999863,ADM3,2,2,BOL,BOL-ADM3-33444609B27878331,Pampa Aullagas,ADM3
3,0,0,0,27.55000114,0,0,0,27.55000114,0,0,0,27.55000114,0,0,0,27.55000114,0,0,0,27.55000114,0,0,0,27.55000114,0,0,0,27.55000114,0,0,0,27.55000114,ADM3,3,3,BOL,BOL-ADM3-33444609B13957296,Llallagua,ADM3
4,0,0,0,27.42000198,0,0,0,27.42000198,0,0,0,27.42000198,0,0,0,27.42000198,0,0,0,27.42000198,0,0,0,27.42000198,0,0,0,27.42000198,0,0,0,27.42000198,ADM3,4,4,BOL,BOL-ADM3-33444609B2060227,Caripuyo,ADM3
5,7.89E-07,0,6.96E-06,136.3000031,1.21E-05,0,6.80E-05,136.3000031,2.62E-07,0,2.03E-06,136.3000031,3.01E-09,0,3.01E-08,136.3000031,1.28E-10,0,1.41E-09,136.3000031,8.84E-11,0,1.02E-09,136.3000031,0,0,0,136.3000031,3.66E-10,0,4.00E-09,136.3000031,ADM3,5,5,BOL,BOL-ADM3-33444609B22499454,Aiquile,ADM3
6,6.35E-10,0,3.00E-07,47.38999939,2.07E-08,0,9.79E-06,47.38999939,5.33E-10,0,2.52E-07,47.38999939,7.61E-12,0,3.60E-09,47.38999939,3.55E-13,0,1.68E-10,47.38999939,2.57E-13,0,1.22E-10,47.38999939,0,0,0,47.38999939,1.03E-12,0,4.89E-10,47.38999939,ADM3,6,6,BOL,BOL-ADM3-33444609B14646898,Sacaca,ADM3
7,4.72E-08,0,1.50E-06,19.96999931,8.20E-07,0,2.62E-05,19.96999931,1.73E-08,0,5.50E-07,19.96999931,1.62E-10,0,5.06E-09,19.96999931,6.75E-12,0,2.08E-10,19.96999931,4.90E-12,0,1.51E-10,19.96999931,0,0,0,19.96999931,2.02E-11,0,6.30E-10,19.96999931,ADM3,7,7,BOL,BOL-ADM3-33444609B19396342,Acasio,ADM3
8,0,0,0,30.25,0,0,0,30.25,0,0,0,30.25,0,0,0,30.25,0,0,0,30.25,0,0,0,30.25,0,0,0,30.25,0,0,0,30.25,ADM3,8,8,BOL,BOL-ADM3-33444609B48998442,Huanuni,ADM3
9,0,0,0,1.340000033,0,0,0,1.340000033,0,0,0,1.340000033,0,0,0,1.340000033,0,0,0,1.340000033,0,0,0,1.340000033,0,0,0,1.340000033,0,0,0,1.340000033,ADM3,9,9,BOL,BOL-ADM3-33444609B43353864,Huachacalla,ADM3
10,0,0,0,122.3500061,0,0,0,122.3500061,0,0,0,122.3500061,0,0,0,122.3500061,0,0,0,122.3500061,0,0,0,122.3500061,0,0,0,122.3500061,0,0,0,122.3500061,ADM3,10,10,BOL,BOL-ADM3-33444609B12212981,Santiago de Huari,ADM3
11,0,0,0,39.09000015,0,0,0,39.09000015,0,0,0,39.09000015,0,0,0,39.09000015,0,0,0,39.09000015,0,0,0,39.09000015,0,0,0,39.09000015,0,0,0,39.09000015,ADM3,11,11,BOL,BOL-ADM3-33444609B81698958,Pazña,ADM3
12,2.56E-07,0,3.20E-07,5.579999447,8.52E-06,0,1.26E-05,5.579999447,2.59E-07,0,5.00E-07,5.579999447,6.22E-09,0,1.86E-08,5.579999447,3.57E-10,0,1.16E-09,5.579999447,2.54E-10,0,8.25E-10,5.579999447,0,0,0,5.579999447,9.02E-10,0,2.97E-09,5.579999447,ADM3,12,12,BOL,BOL-ADM3-33444609B39428862,Villa Rivero,ADM3
13,0,0,0,118.6300049,0,0,0,118.6300049,0,0,0,118.6300049,0,0,0,118.6300049,0,0,0,118.6300049,0,0,0,118.6300049,0,0,0,118.6300049,0,0,0,118.6300049,ADM3,13,13,BOL,BOL-ADM3-33444609B55151365,Andamarca,ADM3
14,0,0,0,19.26000023,0,0,0,19.26000023,0,0,0,19.26000023,0,0,0,19.26000023,0,0,0,19.26000023,0,0,0,19.26000023,0,0,0,19.26000023,0,0,0,19.26000023,ADM3,14,14,BOL,BOL-ADM3-33444609B33779243,Chacarilla,ADM3
15,2.59E-07,0,6.27E-07,8.289999962,7.70E-06,0,1.73E-05,8.289999962,2.04E-07,0,7.89E-07,8.289999962,4.45E-09,0,3.12E-08,8.289999962,2.62E-10,0,1.95E-09,8.289999962,1.91E-10,0,1.45E-09,8.289999962,0,0,0,8.289999962,6.69E-10,0,4.58E-09,8.289999962,ADM3,15,15,BOL,BOL-ADM3-33444609B65270572,Arbieto,ADM3
16,0,0,0,44.29999924,0,0,0,44.29999924,0,0,0,44.29999924,0,0,0,44.29999924,0,0,0,44.29999924,0,0,0,44.29999924,0,0,0,44.29999924,0,0,0,44.29999924,ADM3,16,16,BOL,BOL-ADM3-33444609B96301403,Papel Pampa,ADM3
17,0,0,0,44.72999573,0,0,0,44.72999573,0,0,0,44.72999573,0,0,0,44.72999573,0,0,0,44.72999573,0,0,0,44.72999573,0,0,0,44.72999573,0,0,0,44.72999573,ADM3,17,17,BOL,BOL-ADM3-33444609B33786797,Umala,ADM3
18,0,0,0,13.61000061,0,0,0,13.61000061,0,0,0,13.61000061,0,0,0,13.61000061,0,0,0,13.61000061,0,0,0,13.61000061,0,0,0,13.61000061,0,0,0,13.61000061,ADM3,18,18,BOL,BOL-ADM3-33444609B89522171,Oruro,ADM3
19,0,0,0,46.80000305,0,0,0,46.80000305,0,0,0,46.80000305,0,0,0,46.80000305,0,0,0,46.80000305,0,0,0,46.80000305,0,0,0,46.80000305,0,0,0,46.80000305,ADM3,19,19,BOL,BOL-ADM3-33444609B49437729,Huayllamarca,ADM3
20,0,0,0,40.85000229,0,0,0,40.85000229,0,0,0,40.85000229,0,0,0,40.85000229,0,0,0,40.85000229,0,0,0,40.85000229,0,0,0,40.85000229,0,0,0,40.85000229,ADM3,20,20,BOL,BOL-ADM3-33444609B90350398,San Pedro de Curahuara,ADM3
21,3.73E-07,0,6.61E-07,6.470000267,9.26E-06,0,1.58E-05,6.470000267,1.76E-07,0,3.09E-07,6.470000267,1.52E-09,0,2.69E-09,6.470000267,6.66E-11,0,1.17E-10,6.470000267,4.57E-11,0,7.86E-11,6.470000267,0,0,0,6.470000267,1.88E-10,0,3.57E-10,6.470000267,ADM3,21,21,BOL,BOL-ADM3-33444609B28043407,Sicaya,ADM3
22,0.000176863,0,0.003666669,74.90000916,0,0,0,74.90000916,0.000239829,0,0.004251247,74.90000916,6.11E-05,0,0.00142663,74.90000916,7.43E-06,0,0.000246765,74.90000916,6.21E-06,0,0.000327333,74.90000916,5.68E-07,0,0.000220473,74.90000916,3.02E-05,0,0.002193693,74.90000916,ADM3,22,22,BOL,BOL-ADM3-33444609B22047407,Puerto Quijarro,ADM3
23,3.25E-07,0,8.28E-07,29.71000099,7.53E-06,0,1.94E-05,29.71000099,1.61E-07,0,5.91E-07,29.71000099,1.74E-09,0,9.93E-09,29.71000099,7.96E-11,0,4.84E-10,29.71000099,5.73E-11,0,3.65E-10,29.71000099,0,0,0,29.71000099,2.05E-10,0,1.26E-09,29.71000099,ADM3,23,23,BOL,BOL-ADM3-33444609B45253703,Capinota,ADM3
24,1.13E-07,0,6.03E-07,27.35000038,2.90E-06,0,1.35E-05,27.35000038,6.13E-08,0,2.96E-07,27.35000038,6.03E-10,0,3.60E-09,27.35000038,2.64E-11,0,1.68E-10,27.35000038,1.90E-11,0,1.22E-10,27.35000038,0,0,0,27.35000038,7.53E-11,0,4.89E-10,27.35000038,ADM3,24,24,BOL,BOL-ADM3-33444609B98674568,Arque,ADM3
25,0,0,0,57.31999969,0,0,0,57.31999969,0,0,0,57.31999969,0,0,0,57.31999969,0,0,0,57.31999969,0,0,0,57.31999969,0,0,0,57.31999969,0,0,0,57.31999969,ADM3,25,25,BOL,BOL-ADM3-33444609B17270625,Corocoro,ADM3
26,1.51E-07,0,3.87E-07,7.779999733,4.09E-06,0,8.67E-06,7.779999733,9.62E-08,0,2.45E-07,7.779999733,1.15E-09,0,5.31E-09,7.779999733,5.44E-11,0,2.86E-10,7.779999733,4.09E-11,0,2.08E-10,7.779999733,0,0,0,7.779999733,1.47E-10,0,7.19E-10,7.779999733,ADM3,26,26,BOL,BOL-ADM3-33444609B19104054,San Benito,ADM3
27,7.48E-07,0,8.95E-06,42.06999969,8.41E-06,0,9.55E-05,42.06999969,0,0,0,42.06999969,0,0,0,42.06999969,0,0,0,42.06999969,0,0,0,42.06999969,0,0,0,42.06999969,0,0,0,42.06999969,ADM3,27,27,BOL,BOL-ADM3-33444609B66518212,Sapahaqui,ADM3
28,3.42E-06,0,4.36E-05,35.43000031,2.59E-05,0,0.000222861,35.43000031,0,0,0,35.43000031,0,0,0,35.43000031,0,0,0,35.43000031,0,0,0,35.43000031,0,0,0,35.43000031,0,0,0,35.43000031,ADM3,28,28,BOL,BOL-ADM3-33444609B10766550,Cairoma,ADM3
29,1.43E-08,0,4.47E-07,51.75999832,3.06E-07,0,9.42E-06,51.75999832,2.53E-09,0,2.47E-07,51.75999832,2.26E-11,0,2.21E-09,51.75999832,8.93E-13,0,8.71E-11,51.75999832,6.27E-13,0,6.12E-11,51.75999832,0,0,0,51.75999832,2.82E-12,0,2.75E-10,51.75999832,ADM3,29,29,BOL,BOL-ADM3-33444609B98493674,Colquiri,ADM3
30,1.35E-08,0,1.71E-06,43.12999725,1.86E-07,0,1.78E-05,43.12999725,0,0,0,43.12999725,0,0,0,43.12999725,0,0,0,43.12999725,0,0,0,43.12999725,0,0,0,43.12999725,0,0,0,43.12999725,ADM3,30,30,BOL,BOL-ADM3-33444609B35095185,Ichoca,ADM3
31,5.69E-06,7.29E-07,0.000243999,51.19999695,0,0,0,51.19999695,3.12E-06,2.43E-07,0.000144495,51.19999695,1.05E-07,2.42E-09,9.85E-06,51.19999695,7.32E-09,1.00E-10,1.09E-06,51.19999695,5.44E-09,6.79E-11,6.37E-07,51.19999695,0,0,0,51.19999695,1.97E-08,2.39E-10,2.91E-06,51.19999695,ADM3,31,31,BOL,BOL-ADM3-33444609B27516383,La Guardia,ADM3
32,1.73E-06,0,3.45E-05,35.50999832,3.30E-06,0,0.000142255,35.50999832,7.54E-07,0,1.83E-05,35.50999832,1.64E-08,0,7.84E-07,35.50999832,9.96E-10,0,6.12E-08,35.50999832,6.58E-10,0,4.12E-08,35.50999832,0,0,0,35.50999832,2.41E-09,0,1.44E-07,35.50999832,ADM3,32,32,BOL,BOL-ADM3-33444609B65462728,Moromoro,ADM3
33,3.53E-06,7.29E-07,1.10E-05,50.15999985,0,0,0,50.15999985,1.56E-06,2.43E-07,7.80E-06,50.15999985,3.23E-08,2.42E-09,2.90E-07,50.15999985,1.67E-09,1.00E-10,1.58E-08,50.15999985,1.17E-09,6.79E-11,1.17E-08,50.15999985,0,0,0,50.15999985,4.16E-09,2.39E-10,4.02E-08,50.15999985,ADM3,33,33,BOL,BOL-ADM3-33444609B3283622,El Torno,ADM3
34,2.29E-06,1.98E-07,1.10E-05,98.44999695,0,0,0,98.44999695,1.40E-06,7.76E-08,7.80E-06,98.44999695,3.77E-08,6.02E-10,3.05E-07,98.44999695,2.10E-09,2.35E-11,1.97E-08,98.44999695,1.39E-09,1.64E-11,1.17E-08,98.44999695,0,0,0,98.44999695,5.23E-09,5.74E-11,4.36E-08,98.44999695,ADM3,34,34,BOL,BOL-ADM3-33444609B3665426,Samaipata,ADM3
35,0,0,0,199.0899963,0,0,0,199.0899963,0,0,0,199.0899963,0,0,0,199.0899963,0,0,0,199.0899963,0,0,0,199.0899963,0,0,0,199.0899963,0,0,0,199.0899963,ADM3,35,35,BOL,BOL-ADM3-33444609B75362770,San Lucas,ADM3
36,1.08E-06,0,0.000117414,200.8699951,0,0,0,200.8699951,3.81E-07,0,3.40E-05,200.8699951,1.16E-08,0,1.13E-06,200.8699951,6.66E-10,0,6.33E-08,200.8699951,4.46E-10,0,5.17E-08,200.8699951,0,0,0,200.8699951,1.92E-09,0,2.41E-07,200.8699951,ADM3,36,36,BOL,BOL-ADM3-33444609B89526883,Culpina,ADM3
37,0,0,0,55.07999802,0,0,0,55.07999802,0,0,0,55.07999802,0,0,0,55.07999802,0,0,0,55.07999802,0,0,0,55.07999802,0,0,0,55.07999802,0,0,0,55.07999802,ADM3,37,37,BOL,BOL-ADM3-33444609B77799107,Incahuasi,ADM3
38,0.000204626,8.50E-06,0.001631891,84.05000305,0,0,0,84.05000305,0.00028982,6.06E-06,0.003111888,84.05000305,3.65E-05,1.42E-07,0.000695752,84.05000305,2.91E-06,6.56E-09,6.69E-05,84.05000305,2.68E-06,5.18E-09,6.49E-05,84.05000305,0,0,0,84.05000305,8.39E-06,1.95E-08,0.000198742,84.05000305,ADM3,38,38,BOL,BOL-ADM3-33444609B36544235,San Juan,ADM3
39,0,0,0,73.47999573,0,0,0,73.47999573,0,0,0,73.47999573,0,0,0,73.47999573,0,0,0,73.47999573,0,0,0,73.47999573,0,0,0,73.47999573,0,0,0,73.47999573,ADM3,39,39,BOL,BOL-ADM3-33444609B69045844,Tinguipaya,ADM3
40,0,0,0,112.5599976,0,0,0,112.5599976,0,0,0,112.5599976,0,0,0,112.5599976,0,0,0,112.5599976,0,0,0,112.5599976,0,0,0,112.5599976,0,0,0,112.5599976,ADM3,40,40,BOL,BOL-ADM3-33444609B29777572,San Pedro,ADM3
41,0,0,0,17.47999954,0,0,0,17.47999954,0,0,0,17.47999954,0,0,0,17.47999954,0,0,0,17.47999954,0,0,0,17.47999954,0,0,0,17.47999954,0,0,0,17.47999954,ADM3,41,41,BOL,BOL-ADM3-33444609B4195370,Villa Ancoraimes,ADM3
42,0,0,0,923.9699707,0,0,0,923.9699707,0,0,0,923.9699707,0,0,0,923.9699707,0,0,0,923.9699707,0,0,0,923.9699707,0,0,0,923.9699707,0,0,0,923.9699707,ADM3,42,42,BOL,BOL-ADM3-33444609B80268637,"Colcha ""K""",ADM3
43,0,0,0,20.72999954,0,0,0,20.72999954,0,0,0,20.72999954,0,0,0,20.72999954,0,0,0,20.72999954,0,0,0,20.72999954,0,0,0,20.72999954,0,0,0,20.72999954,ADM3,43,43,BOL,BOL-ADM3-33444609B33602201,Puerto Mayor de Carabuco,ADM3
44,0,0,0,178.5499878,0,0,0,178.5499878,0,0,0,178.5499878,0,0,0,178.5499878,0,0,0,178.5499878,0,0,0,178.5499878,0,0,0,178.5499878,0,0,0,178.5499878,ADM3,44,44,BOL,BOL-ADM3-33444609B55181457,Sabaya,ADM3
45,0.001814973,0.000125645,0.030442933,339.3699951,0.008239355,0,0.090795256,339.3699951,0.003646449,0.000144244,0.086858645,339.3699951,0.001517374,1.05E-05,0.080322705,339.3699951,0.000206795,6.96E-07,0.013572905,339.3699951,0.000199941,6.72E-07,0.013697365,339.3699951,0,0,0,339.3699951,0.000611618,2.11E-06,0.040433601,339.3699951,ADM3,45,45,BOL,BOL-ADM3-33444609B74955412,Loreto,ADM3
46,0,0,0,412.5800171,0,0,0,412.5800171,0,0,0,412.5800171,0,0,0,412.5800171,0,0,0,412.5800171,0,0,0,412.5800171,0,0,0,412.5800171,0,0,0,412.5800171,ADM3,46,46,BOL,BOL-ADM3-33444609B79735413,Tomave,ADM3
47,0,0,0,56.23999786,0,0,0,56.23999786,0,0,0,56.23999786,0,0,0,56.23999786,0,0,0,56.23999786,0,0,0,56.23999786,0,0,0,56.23999786,0,0,0,56.23999786,ADM3,47,47,BOL,BOL-ADM3-33444609B50648219,Porco,ADM3
48,5.62E-05,0,0.000213744,551.8099976,0,0,0,551.8099976,3.41E-05,0,0.000180971,551.8099976,1.40E-06,0,1.13E-05,551.8099976,8.23E-08,0,7.09E-07,551.8099976,6.40E-08,0,5.92E-07,551.8099976,0,0,0,551.8099976,2.24E-07,0,2.01E-06,551.8099976,ADM3,48,48,BOL,BOL-ADM3-33444609B43551685,Villa Montes,ADM3
49,0,0,0,46.72999954,0,0,0,46.72999954,0,0,0,46.72999954,0,0,0,46.72999954,0,0,0,46.72999954,0,0,0,46.72999954,0,0,0,46.72999954,0,0,0,46.72999954,ADM3,49,49,BOL,BOL-ADM3-33444609B55738046,Yocalla,ADM3
50,0,0,0,63.91999817,0,0,0,63.91999817,0,0,0,63.91999817,0,0,0,63.91999817,0,0,0,63.91999817,0,0,0,63.91999817,0,0,0,63.91999817,0,0,0,63.91999817,ADM3,50,50,BOL,BOL-ADM3-33444609B4133228,Urmiri,ADM3
51,0,0,0,33.81999969,0,0,0,33.81999969,0,0,0,33.81999969,0,0,0,33.81999969,0,0,0,33.81999969,0,0,0,33.81999969,0,0,0,33.81999969,0,0,0,33.81999969,ADM3,51,51,BOL,BOL-ADM3-33444609B8281684,Mocomoco,ADM3
52,1.40E-06,1.99E-07,6.57E-06,23.72999954,3.65E-06,0,8.50E-05,23.72999954,6.24E-07,1.22E-07,3.34E-06,23.72999954,8.50E-09,1.05E-09,6.76E-08,23.72999954,3.65E-10,3.03E-11,3.43E-09,23.72999954,2.68E-10,1.92E-11,2.61E-09,23.72999954,0,0,0,23.72999954,1.08E-09,9.00E-11,1.02E-08,23.72999954,ADM3,52,52,BOL,BOL-ADM3-33444609B21235771,Saipina,ADM3
53,2.97E-06,2.29E-07,2.61E-05,39.97000122,4.20E-05,0,0.000332169,39.97000122,1.73E-06,1.35E-07,2.36E-05,39.97000122,8.08E-08,1.43E-09,1.99E-06,39.97000122,6.44E-09,3.64E-11,1.79E-07,39.97000122,5.02E-09,2.37E-11,1.40E-07,39.97000122,0,0,0,39.97000122,1.83E-08,1.27E-10,5.03E-07,39.97000122,ADM3,53,53,BOL,BOL-ADM3-33444609B25995685,Omereque,ADM3
54,7.16E-06,1.40E-06,0.000243999,48.26999664,0,0,0,48.26999664,4.22E-06,4.89E-07,0.000144495,48.26999664,1.31E-07,5.97E-09,9.85E-06,48.26999664,9.00E-09,2.52E-10,1.09E-06,48.26999664,6.23E-09,1.81E-10,6.37E-07,48.26999664,0,0,0,48.26999664,2.41E-08,6.01E-10,2.91E-06,48.26999664,ADM3,54,54,BOL,BOL-ADM3-33444609B55124296,Porongo,ADM3
55,8.35E-05,1.06E-06,0.002189998,67.45999908,0,0,0,67.45999908,5.76E-05,2.73E-07,0.001782791,67.45999908,5.32E-06,2.11E-09,0.00022045,67.45999908,4.86E-07,8.72E-11,2.17E-05,67.45999908,3.82E-07,6.38E-11,1.70E-05,67.45999908,0,0,0,67.45999908,1.41E-06,2.18E-10,6.22E-05,67.45999908,ADM3,55,55,BOL,BOL-ADM3-33444609B6878387,Santa Cruz de la Sierra,ADM3
56,0.000602892,2.24E-05,0.009301433,1234.100098,0.002763142,0.000151022,0.035693493,1234.100098,0.000781444,2.17E-05,0.02164199,1234.100098,0.000145594,1.00E-06,0.01078827,1234.100098,1.48E-05,6.94E-08,0.001341752,1234.100098,1.50E-05,7.65E-08,0.001325282,1234.100098,0,0,0,1234.100098,4.33E-05,2.01E-07,0.004014756,1234.100098,ADM3,56,56,BOL,BOL-ADM3-33444609B3318455,San Ignacio,ADM3
57,0.000885244,0,0.004061372,431.1799927,0.004328363,0,0.01953603,431.1799927,0.001400045,0,0.010991023,431.1799927,0.000292073,0,0.004940894,431.1799927,2.92E-05,0,0.000608575,431.1799927,2.84E-05,0,0.00056571,431.1799927,0,0,0,431.1799927,8.54E-05,0,0.001846615,431.1799927,ADM3,57,57,BOL,BOL-ADM3-33444609B8905284,San Javier,ADM3
58,0.000148712,1.49E-05,0.002466135,157.1600037,0,0,0,157.1600037,0.000242072,1.59E-05,0.006857748,157.1600037,2.82E-05,6.13E-07,0.002545873,157.1600037,2.12E-06,2.89E-08,0.000277955,157.1600037,1.80E-06,2.20E-08,0.000257825,157.1600037,0,0,0,157.1600037,6.21E-06,8.65E-08,0.000832499,157.1600037,ADM3,58,58,BOL,BOL-ADM3-33444609B2142879,San Pedro,ADM3
59,6.58E-06,0,0.000100896,36.79999924,3.98E-05,0,0.000412476,36.79999924,0,0,0,36.79999924,0,0,0,36.79999924,0,0,0,36.79999924,0,0,0,36.79999924,0,0,0,36.79999924,0,0,0,36.79999924,ADM3,59,59,BOL,BOL-ADM3-33444609B87038976,Cajuata,ADM3
60,3.53E-06,0,0.000100896,165.519989,2.95E-05,0,0.000412476,165.519989,2.60E-07,0,4.42E-05,165.519989,1.50E-08,0,3.61E-06,165.519989,1.18E-09,0,3.00E-07,165.519989,1.21E-09,0,2.92E-07,165.519989,0,0,0,165.519989,3.31E-09,0,8.09E-07,165.519989,ADM3,60,60,BOL,BOL-ADM3-33444609B59519836,Inquisivi,ADM3
61,9.21E-06,0,0.000103294,69.52000427,4.68E-05,0,0.000412476,69.52000427,0,0,0,69.52000427,0,0,0,69.52000427,0,0,0,69.52000427,0,0,0,69.52000427,0,0,0,69.52000427,0,0,0,69.52000427,ADM3,61,61,BOL,BOL-ADM3-33444609B26067698,Irupana,ADM3
62,7.97E-06,0,3.08E-05,15.96000004,4.68E-05,0,0.000155303,15.96000004,0,0,0,15.96000004,0,0,0,15.96000004,0,0,0,15.96000004,0,0,0,15.96000004,0,0,0,15.96000004,0,0,0,15.96000004,ADM3,62,62,BOL,BOL-ADM3-33444609B18902401,Chulumani,ADM3
63,0,0,0,36.08000183,0,0,0,36.08000183,0,0,0,36.08000183,0,0,0,36.08000183,0,0,0,36.08000183,0,0,0,36.08000183,0,0,0,36.08000183,0,0,0,36.08000183,ADM3,63,63,BOL,BOL-ADM3-33444609B62162538,Poopó,ADM3
64,0,0,0,70.26000214,0,0,0,70.26000214,0,0,0,70.26000214,0,0,0,70.26000214,0,0,0,70.26000214,0,0,0,70.26000214,0,0,0,70.26000214,0,0,0,70.26000214,ADM3,64,64,BOL,BOL-ADM3-33444609B19359116,Totora,ADM3
65,0,0,0,96.75,0,0,0,96.75,0,0,0,96.75,0,0,0,96.75,0,0,0,96.75,0,0,0,96.75,0,0,0,96.75,0,0,0,96.75,ADM3,65,65,BOL,BOL-ADM3-33444609B40503271,Betanzos,ADM3
66,0,0,0,235.4100037,0,0,0,235.4100037,0,0,0,235.4100037,0,0,0,235.4100037,0,0,0,235.4100037,0,0,0,235.4100037,0,0,0,235.4100037,0,0,0,235.4100037,ADM3,66,66,BOL,BOL-ADM3-33444609B16444652,Turco,ADM3
67,0,0,0,11.71000004,0,0,0,11.71000004,0,0,0,11.71000004,0,0,0,11.71000004,0,0,0,11.71000004,0,0,0,11.71000004,0,0,0,11.71000004,0,0,0,11.71000004,ADM3,67,67,BOL,BOL-ADM3-33444609B61346396,Todos Santos,ADM3
68,9.07E-05,0,0.002887211,1429.030029,0,0,0,1429.030029,0.000167237,0,0.00946914,1429.030029,4.31E-05,0,0.005365489,1429.030029,4.50E-06,0,0.000865025,1429.030029,4.44E-06,0,0.0006801,1429.030029,0,0,0,1429.030029,1.30E-05,0,0.002258509,1429.030029,ADM3,68,68,BOL,BOL-ADM3-33444609B73204671,Concepción,ADM3
69,0.000323266,7.42E-06,0.015275485,209.4500122,0,0,0,209.4500122,0.000692004,5.48E-06,0.052031625,209.4500122,0.00034826,1.42E-07,0.042966664,209.4500122,4.96E-05,7.11E-09,0.006898837,209.4500122,4.53E-05,5.53E-09,0.006238683,209.4500122,0,0,0,209.4500122,0.000145319,1.96E-08,0.01989555,209.4500122,ADM3,69,69,BOL,BOL-ADM3-33444609B19125904,Santa Rosa,ADM3
70,2.52E-05,0,0.004437376,270.2600098,0.000109037,0,0.015956441,270.2600098,3.93E-05,0,0.006888166,270.2600098,9.05E-06,0,0.002083619,270.2600098,9.69E-07,0,0.00024151,270.2600098,8.79E-07,0,0.00022307,270.2600098,0,0,0,270.2600098,2.80E-06,0,0.000726465,270.2600098,ADM3,70,70,BOL,BOL-ADM3-33444609B59987600,Huacaraje,ADM3
71,0,0,0,11.80000019,0,0,0,11.80000019,0,0,0,11.80000019,0,0,0,11.80000019,0,0,0,11.80000019,0,0,0,11.80000019,0,0,0,11.80000019,0,0,0,11.80000019,ADM3,71,71,BOL,BOL-ADM3-33444609B98058544,La Rivera,ADM3
72,3.13E-05,0,0.000220737,304.6499939,0,0,0,304.6499939,1.30E-05,0,8.57E-05,304.6499939,4.33E-07,0,4.00E-06,304.6499939,2.64E-08,0,2.89E-07,304.6499939,1.73E-08,0,1.87E-07,304.6499939,0,0,0,304.6499939,6.52E-08,0,7.19E-07,304.6499939,ADM3,72,72,BOL,BOL-ADM3-33444609B65603601,Entre Ríos,ADM3
73,0.002150704,0,0.011785492,428.8500061,0.008533105,0,0.041999787,428.8500061,0.003155505,0,0.026566243,428.8500061,0.000793863,0,0.013522454,428.8500061,9.91E-05,0,0.001964397,428.8500061,8.68E-05,0,0.001626148,428.8500061,5.91E-06,0,0.001055719,428.8500061,0.000266684,0,0.005532204,428.8500061,ADM3,73,73,BOL,BOL-ADM3-33444609B85871655,San Joaquín,ADM3
74,0.002419995,0,0.032878876,393.5999756,0.0094951,0,0.085508138,393.5999756,0.003601834,0,0.059692364,393.5999756,0.000945093,0,0.036277376,393.5999756,0.000113775,0,0.006362797,393.5999756,0.000105308,0,0.006089771,393.5999756,0,0,0,393.5999756,0.000330944,0,0.018725285,393.5999756,ADM3,74,74,BOL,BOL-ADM3-33444609B31629000,San Ramón,ADM3
75,0,0,0,18.43999863,0,0,0,18.43999863,0,0,0,18.43999863,0,0,0,18.43999863,0,0,0,18.43999863,0,0,0,18.43999863,0,0,0,18.43999863,0,0,0,18.43999863,ADM3,75,75,BOL,BOL-ADM3-33444609B70300813,Tiahuanacu,ADM3
76,0,0,0,90.15000153,0,0,0,90.15000153,0,0,0,90.15000153,0,0,0,90.15000153,0,0,0,90.15000153,0,0,0,90.15000153,0,0,0,90.15000153,0,0,0,90.15000153,ADM3,76,76,BOL,BOL-ADM3-33444609B2169284,Colquechaca,ADM3
77,0,0,0,61.54000092,0,0,0,61.54000092,0,0,0,61.54000092,0,0,0,61.54000092,0,0,0,61.54000092,0,0,0,61.54000092,0,0,0,61.54000092,0,0,0,61.54000092,ADM3,77,77,BOL,BOL-ADM3-33444609B28265316,Pocoata,ADM3
78,0,0,0,282.5,0,0,0,282.5,0,0,0,282.5,0,0,0,282.5,0,0,0,282.5,0,0,0,282.5,0,0,0,282.5,0,0,0,282.5,ADM3,78,78,BOL,BOL-ADM3-33444609B5007094,Llica,ADM3
79,4.53E-08,0,5.29E-07,29.8200016,9.25E-07,0,1.08E-05,29.8200016,1.94E-08,0,2.84E-07,29.8200016,2.02E-10,0,3.73E-09,29.8200016,1.05E-11,0,2.02E-10,29.8200016,8.05E-12,0,1.53E-10,29.8200016,0,0,0,29.8200016,2.79E-11,0,5.28E-10,29.8200016,ADM3,79,79,BOL,BOL-ADM3-33444609B2586032,Quillacollo,ADM3
80,1.38E-07,0,1.77E-06,39.08000183,2.19E-06,0,2.14E-05,39.08000183,4.84E-08,0,6.62E-07,39.08000183,4.55E-10,0,1.11E-08,39.08000183,2.31E-11,0,4.61E-10,39.08000183,1.82E-11,0,3.76E-10,39.08000183,0,0,0,39.08000183,6.99E-11,0,1.44E-09,39.08000183,ADM3,80,80,BOL,BOL-ADM3-33444609B27378021,Sacaba,ADM3
81,1.16E-07,0,1.67E-06,17.06999969,1.74E-06,0,2.78E-05,17.06999969,4.38E-08,0,7.58E-07,17.06999969,4.62E-10,0,9.82E-09,17.06999969,2.61E-11,0,6.13E-10,17.06999969,2.01E-11,0,4.42E-10,17.06999969,0,0,0,17.06999969,7.65E-11,0,1.72E-09,17.06999969,ADM3,81,81,BOL,BOL-ADM3-33444609B80439797,Tiquipaya,ADM3
82,4.12E-07,5.29E-08,1.85E-06,1.799999952,9.22E-06,1.59E-06,3.53E-05,1.799999952,2.48E-07,2.62E-08,1.12E-06,1.799999952,3.55E-09,2.64E-10,1.88E-08,1.799999952,2.00E-10,1.24E-11,1.18E-09,1.799999952,1.49E-10,9.23E-12,8.58E-10,1.799999952,0,0,0,1.799999952,5.72E-10,2.71E-11,3.35E-09,1.799999952,ADM3,82,82,BOL,BOL-ADM3-33444609B86021401,Colcapirhua,ADM3
83,1.43E-07,0,4.27E-07,27.28000069,3.41E-06,0,9.88E-06,27.28000069,7.02E-08,0,3.16E-07,27.28000069,7.32E-10,0,5.21E-09,27.28000069,3.38E-11,0,2.53E-10,27.28000069,2.56E-11,0,2.11E-10,27.28000069,0,0,0,27.28000069,8.29E-11,0,6.72E-10,27.28000069,ADM3,83,83,BOL,BOL-ADM3-33444609B57513939,Sipesipe,ADM3
84,9.70E-08,0,5.29E-07,11.45000076,2.04E-06,0,8.11E-06,11.45000076,3.82E-08,0,1.97E-07,11.45000076,2.98E-10,0,1.87E-09,11.45000076,1.33E-11,0,8.45E-11,11.45000076,1.08E-11,0,7.04E-11,11.45000076,0,0,0,11.45000076,3.62E-11,0,2.22E-10,11.45000076,ADM3,84,84,BOL,BOL-ADM3-33444609B63544582,Vinto,ADM3
85,3.10E-07,0,1.53E-06,17.96000099,7.25E-06,0,2.30E-05,17.96000099,1.85E-07,0,7.89E-07,17.96000099,3.15E-09,0,3.12E-08,17.96000099,1.71E-10,0,1.95E-09,17.96000099,1.23E-10,0,1.45E-09,17.96000099,0,0,0,17.96000099,4.28E-10,0,4.58E-09,17.96000099,ADM3,85,85,BOL,BOL-ADM3-33444609B91378627,Tarata,ADM3
86,2.05E-05,0,0.000192001,108.9799957,0.000172373,0,0.001346268,108.9799957,2.11E-05,0,0.000229628,108.9799957,1.86E-06,0,3.31E-05,108.9799957,1.51E-07,0,2.92E-06,108.9799957,9.68E-08,0,1.82E-06,108.9799957,0,0,0,108.9799957,3.44E-07,0,6.64E-06,108.9799957,ADM3,86,86,BOL,BOL-ADM3-33444609B10790515,Totora,ADM3
87,9.00E-06,1.24E-06,3.11E-05,138.9000092,0,0,0,138.9000092,6.55E-06,7.35E-07,2.53E-05,138.9000092,2.69E-07,1.13E-08,1.54E-06,138.9000092,1.64E-08,4.70E-10,1.10E-07,138.9000092,1.04E-08,3.48E-10,6.26E-08,138.9000092,0,0,0,138.9000092,3.81E-08,1.31E-09,2.43E-07,138.9000092,ADM3,87,87,BOL,BOL-ADM3-33444609B62366677,Buena Vista,ADM3
88,2.67E-05,5.17E-06,0.000319631,62.8599968,0,0,0,62.8599968,2.69E-05,2.64E-06,0.000427283,62.8599968,1.56E-06,5.03E-08,4.57E-05,62.8599968,9.68E-08,2.50E-09,3.36E-06,62.8599968,8.28E-08,1.91E-09,3.08E-06,62.8599968,0,0,0,62.8599968,2.84E-07,6.84E-09,1.02E-05,62.8599968,ADM3,88,88,BOL,BOL-ADM3-33444609B65201053,San Carlos,ADM3
89,1.37E-05,0,0.004895323,685.1900024,5.81E-05,0,0.019329451,685.1900024,2.27E-05,0,0.009053491,685.1900024,9.74E-06,0,0.002946845,685.1900024,1.24E-05,0,0.001497255,685.1900024,5.44E-07,0,0.000321703,685.1900024,0,0,0,685.1900024,1.79E-06,0,0.001082906,685.1900024,ADM3,89,89,BOL,BOL-ADM3-33444609B24515942,Magdalena,ADM3
90,1.15E-05,4.26E-06,3.31E-05,56.93999863,0,0,0,56.93999863,8.77E-06,1.77E-06,2.82E-05,56.93999863,2.74E-07,2.54E-08,1.54E-06,56.93999863,1.46E-08,1.19E-09,9.21E-08,56.93999863,1.21E-08,8.98E-10,7.79E-08,56.93999863,0,0,0,56.93999863,4.08E-08,3.36E-09,2.62E-07,56.93999863,ADM3,90,90,BOL,BOL-ADM3-33444609B38843317,Portachuelo,ADM3
91,0,0,0,130.980011,0,0,0,130.980011,0,0,0,130.980011,0,0,0,130.980011,0,0,0,130.980011,0,0,0,130.980011,0,0,0,130.980011,0,0,0,130.980011,ADM3,91,91,BOL,BOL-ADM3-33444609B37744367,San Antonio de Esmoruco,ADM3
92,1.30E-05,0,5.27E-05,43.90000153,0,0,0,43.90000153,7.70E-06,0,3.54E-05,43.90000153,2.12E-07,0,1.34E-06,43.90000153,9.40E-09,0,6.65E-08,43.90000153,7.98E-09,0,5.58E-08,43.90000153,0,0,0,43.90000153,3.11E-08,0,2.15E-07,43.90000153,ADM3,92,92,BOL,BOL-ADM3-33444609B1106358,Uriondo,ADM3
93,0,0,0,21.67000008,0,0,0,21.67000008,0,0,0,21.67000008,0,0,0,21.67000008,0,0,0,21.67000008,0,0,0,21.67000008,0,0,0,21.67000008,0,0,0,21.67000008,ADM3,93,93,BOL,BOL-ADM3-33444609B85745690,Mojinete,ADM3
94,7.84E-05,0,0.000211417,200.4400024,0,0,0,200.4400024,4.60E-05,0,0.000126392,200.4400024,1.90E-06,0,8.91E-06,200.4400024,1.13E-07,0,5.26E-07,200.4400024,8.76E-08,0,3.99E-07,200.4400024,0,0,0,200.4400024,3.02E-07,0,1.49E-06,200.4400024,ADM3,94,94,BOL,BOL-ADM3-33444609B87243497,Yacuiba,ADM3
95,1.16E-06,0,7.26E-06,96.09999847,0,0,0,96.09999847,6.26E-07,0,4.22E-06,96.09999847,1.16E-08,0,1.01E-07,96.09999847,4.41E-10,0,5.00E-09,96.09999847,3.67E-10,0,4.33E-09,96.09999847,0,0,0,96.09999847,1.51E-09,0,1.43E-08,96.09999847,ADM3,95,95,BOL,BOL-ADM3-33444609B234644,Yunchará,ADM3
96,4.28E-05,0,0.000435736,152.9700012,0,0,0,152.9700012,2.61E-05,0,0.000308125,152.9700012,1.25E-06,0,2.09E-05,152.9700012,7.49E-08,0,1.40E-06,152.9700012,5.84E-08,0,1.14E-06,152.9700012,0,0,0,152.9700012,1.96E-07,0,3.91E-06,152.9700012,ADM3,96,96,BOL,BOL-ADM3-33444609B75965900,Caraparí,ADM3
97,7.27E-06,0,0.000117414,102.8300018,0,0,0,102.8300018,2.47E-06,0,3.40E-05,102.8300018,5.81E-08,0,1.13E-06,102.8300018,3.03E-09,0,6.33E-08,102.8300018,2.30E-09,0,5.17E-08,102.8300018,0,0,0,102.8300018,9.70E-09,0,2.41E-07,102.8300018,ADM3,97,97,BOL,BOL-ADM3-33444609B88496650,San Lorenzo,ADM3
98,2.34E-06,0,0.000100695,107.4199982,0,0,0,107.4199982,1.06E-06,0,2.89E-05,107.4199982,2.25E-08,0,1.13E-06,107.4199982,9.14E-10,0,6.33E-08,107.4199982,7.22E-10,0,5.17E-08,107.4199982,0,0,0,107.4199982,3.57E-09,0,2.41E-07,107.4199982,ADM3,98,98,BOL,BOL-ADM3-33444609B59853279,El Puente,ADM3
99,5.33E-08,0,3.53E-06,60.95999908,8.31E-07,0,5.66E-05,60.95999908,1.89E-08,0,2.03E-06,60.95999908,2.16E-10,0,4.19E-08,60.95999908,8.93E-12,0,2.08E-09,60.95999908,6.50E-12,0,1.62E-09,60.95999908,0,0,0,60.95999908,2.71E-11,0,5.96E-09,60.95999908,ADM3,99,99,BOL,BOL-ADM3-33444609B34120572,Toro Toro,ADM3
100,0,0,0,121.3600006,0,0,0,121.3600006,0,0,0,121.3600006,0,0,0,121.3600006,0,0,0,121.3600006,0,0,0,121.3600006,0,0,0,121.3600006,0,0,0,121.3600006,ADM3,100,100,BOL,BOL-ADM3-33444609B63002823,San Agustín,ADM3
101,5.51E-06,0,6.32E-05,108.2899933,0,0,0,108.2899933,3.32E-06,0,5.77E-05,108.2899933,1.10E-07,0,3.42E-06,108.2899933,5.47E-09,0,1.92E-07,108.2899933,4.20E-09,0,1.47E-07,108.2899933,0,0,0,108.2899933,1.50E-08,0,5.18E-07,108.2899933,ADM3,101,101,BOL,BOL-ADM3-33444609B48940768,Tarija,ADM3
102,0,0,0,72.56999969,0,0,0,72.56999969,0,0,0,72.56999969,0,0,0,72.56999969,0,0,0,72.56999969,0,0,0,72.56999969,0,0,0,72.56999969,0,0,0,72.56999969,ADM3,102,102,BOL,BOL-ADM3-33444609B83584775,Tahua,ADM3
103,0,0,0,666.1099854,0,0,0,666.1099854,0,0,0,666.1099854,0,0,0,666.1099854,0,0,0,666.1099854,0,0,0,666.1099854,0,0,0,666.1099854,0,0,0,666.1099854,ADM3,103,103,BOL,BOL-ADM3-33444609B12022744,San Pablo,ADM3
104,1.65E-07,0,4.62E-06,47.58000183,0,0,0,47.58000183,8.07E-08,0,2.65E-06,47.58000183,1.33E-09,0,4.96E-08,47.58000183,4.44E-11,0,1.69E-09,47.58000183,3.65E-11,0,1.39E-09,47.58000183,0,0,0,47.58000183,1.82E-10,0,6.81E-09,47.58000183,ADM3,104,104,BOL,BOL-ADM3-33444609B6650687,Las Carreras,ADM3
105,1.20E-07,0,5.98E-06,35.04000092,0,0,0,35.04000092,4.84E-08,0,2.74E-06,35.04000092,7.44E-10,0,6.11E-08,35.04000092,2.71E-11,0,1.67E-09,35.04000092,2.11E-11,0,9.94E-10,35.04000092,0,0,0,35.04000092,1.04E-10,0,7.11E-09,35.04000092,ADM3,105,105,BOL,BOL-ADM3-33444609B72563416,Villa Abecia,ADM3
106,2.69E-07,0,4.68E-06,38.13999939,4.39E-06,0,6.23E-05,38.13999939,1.69E-07,0,2.81E-06,38.13999939,2.94E-09,0,5.65E-08,38.13999939,1.67E-10,0,3.86E-09,38.13999939,1.45E-10,0,3.38E-09,38.13999939,0,0,0,38.13999939,5.19E-10,0,1.13E-08,38.13999939,ADM3,106,106,BOL,BOL-ADM3-33444609B32136747,Morochata,ADM3
107,0,0,0,12.42000008,0,0,0,12.42000008,0,0,0,12.42000008,0,0,0,12.42000008,0,0,0,12.42000008,0,0,0,12.42000008,0,0,0,12.42000008,0,0,0,12.42000008,ADM3,107,107,BOL,BOL-ADM3-33444609B11014199,Carangas,ADM3
108,0,0,0,9.890000343,0,0,0,9.890000343,0,0,0,9.890000343,0,0,0,9.890000343,0,0,0,9.890000343,0,0,0,9.890000343,0,0,0,9.890000343,0,0,0,9.890000343,ADM3,108,108,BOL,BOL-ADM3-33444609B29831186,Yunguyo del Litoral,ADM3
109,0,0,0,27.54000092,0,0,0,27.54000092,0,0,0,27.54000092,0,0,0,27.54000092,0,0,0,27.54000092,0,0,0,27.54000092,0,0,0,27.54000092,0,0,0,27.54000092,ADM3,109,109,BOL,BOL-ADM3-33444609B64125054,Cruz de Machacamarca,ADM3
110,0,0,0,15.04999924,0,0,0,15.04999924,0,0,0,15.04999924,0,0,0,15.04999924,0,0,0,15.04999924,0,0,0,15.04999924,0,0,0,15.04999924,0,0,0,15.04999924,ADM3,110,110,BOL,BOL-ADM3-33444609B44425060,Antequera,ADM3
111,0,0,0,1.209999919,0,0,0,1.209999919,0,0,0,1.209999919,0,0,0,1.209999919,0,0,0,1.209999919,0,0,0,1.209999919,0,0,0,1.209999919,0,0,0,1.209999919,ADM3,111,111,BOL,BOL-ADM3-33444609B30420791,Nazacara de Pacajes,ADM3
112,0,0,0,79.96000671,0,0,0,79.96000671,0,0,0,79.96000671,0,0,0,79.96000671,0,0,0,79.96000671,0,0,0,79.96000671,0,0,0,79.96000671,0,0,0,79.96000671,ADM3,112,112,BOL,BOL-ADM3-33444609B25496031,Caquiaviri,ADM3
113,0,0,0,55.27000046,0,0,0,55.27000046,0,0,0,55.27000046,0,0,0,55.27000046,0,0,0,55.27000046,0,0,0,55.27000046,0,0,0,55.27000046,0,0,0,55.27000046,ADM3,113,113,BOL,BOL-ADM3-33444609B78062899,Belén de Andamarca,ADM3
114,0,0,0,164.6600037,0,0,0,164.6600037,0,0,0,164.6600037,0,0,0,164.6600037,0,0,0,164.6600037,0,0,0,164.6600037,0,0,0,164.6600037,0,0,0,164.6600037,ADM3,114,114,BOL,BOL-ADM3-33444609B19215102,Corque,ADM3
115,0,0,0,83.77999878,0,0,0,83.77999878,0,0,0,83.77999878,0,0,0,83.77999878,0,0,0,83.77999878,0,0,0,83.77999878,0,0,0,83.77999878,0,0,0,83.77999878,ADM3,115,115,BOL,BOL-ADM3-33444609B29766009,Vitiche,ADM3
116,2.55E-07,0,7.10E-06,23.88999939,3.76E-06,0,8.99E-05,23.88999939,0,0,0,23.88999939,0,0,0,23.88999939,0,0,0,23.88999939,0,0,0,23.88999939,0,0,0,23.88999939,0,0,0,23.88999939,ADM3,116,116,BOL,BOL-ADM3-33444609B50583695,Luribay,ADM3
117,0,0,0,17.43000031,0,0,0,17.43000031,0,0,0,17.43000031,0,0,0,17.43000031,0,0,0,17.43000031,0,0,0,17.43000031,0,0,0,17.43000031,0,0,0,17.43000031,ADM3,117,117,BOL,BOL-ADM3-33444609B61739549,Machacamarca,ADM3
118,5.42E-08,0,1.59E-06,20.5,8.81E-07,0,2.62E-05,20.5,1.70E-08,0,5.50E-07,20.5,1.30E-10,0,5.06E-09,20.5,5.28E-12,0,2.08E-10,20.5,3.75E-12,0,1.51E-10,20.5,0,0,0,20.5,1.57E-11,0,6.30E-10,20.5,ADM3,118,118,BOL,BOL-ADM3-33444609B79352083,Arampampa,ADM3
119,6.09E-09,0,3.47E-07,10.64000034,1.87E-07,0,1.19E-05,10.64000034,5.29E-09,0,3.24E-07,10.64000034,8.44E-11,0,6.17E-09,10.64000034,3.93E-12,0,3.17E-10,10.64000034,2.90E-12,0,2.27E-10,10.64000034,0,0,0,10.64000034,1.06E-11,0,7.72E-10,10.64000034,ADM3,119,119,BOL,BOL-ADM3-33444609B67664908,Sacabamba,ADM3
120,5.88E-07,0,3.53E-06,34.81999969,1.16E-05,0,5.66E-05,34.81999969,2.94E-07,0,2.03E-06,34.81999969,4.15E-09,0,4.19E-08,34.81999969,1.97E-10,0,2.08E-09,34.81999969,1.46E-10,0,1.62E-09,34.81999969,0,0,0,34.81999969,5.40E-10,0,5.96E-09,34.81999969,ADM3,120,120,BOL,BOL-ADM3-33444609B24659770,Anzaldo,ADM3
121,2.95E-07,2.09E-07,4.59E-07,3.569999933,9.97E-06,7.32E-06,1.43E-05,3.569999933,2.67E-07,1.65E-07,5.00E-07,3.569999933,4.87E-09,1.76E-09,1.86E-08,3.569999933,2.66E-10,7.96E-11,1.16E-09,3.569999933,1.87E-10,5.57E-11,8.25E-10,3.569999933,0,0,0,3.569999933,7.10E-10,2.19E-10,2.97E-09,3.569999933,ADM3,121,121,BOL,BOL-ADM3-33444609B17865743,Toco,ADM3
122,4.10E-08,0,3.20E-07,4.199999809,1.26E-06,0,1.01E-05,4.199999809,2.79E-08,0,3.05E-07,4.199999809,3.28E-10,0,5.99E-09,4.199999809,1.54E-11,0,3.08E-10,4.199999809,1.07E-11,0,2.20E-10,4.199999809,0,0,0,4.199999809,4.02E-11,0,7.51E-10,4.199999809,ADM3,122,122,BOL,BOL-ADM3-33444609B84509711,Villa Gualberto Villarroel,ADM3
123,1.91E-07,0,2.33E-07,1.330000043,5.95E-06,0,7.40E-06,1.330000043,1.35E-07,0,2.22E-07,1.330000043,1.78E-09,0,5.20E-09,1.330000043,8.95E-11,0,3.04E-10,1.330000043,6.21E-11,0,2.14E-10,1.330000043,0,0,0,1.330000043,2.32E-10,0,7.62E-10,1.330000043,ADM3,123,123,BOL,BOL-ADM3-33444609B63808862,Tacachi,ADM3
124,2.39E-07,1.18E-07,6.02E-07,3.319999933,8.90E-06,3.44E-06,1.73E-05,3.319999933,2.55E-07,5.36E-08,7.89E-07,3.319999933,5.85E-09,3.24E-10,3.12E-08,3.319999933,3.43E-10,1.56E-11,1.95E-09,3.319999933,2.44E-10,1.12E-11,1.45E-09,3.319999933,0,0,0,3.319999933,8.87E-10,4.33E-11,4.58E-09,3.319999933,ADM3,124,124,BOL,BOL-ADM3-33444609B45712919,Cliza,ADM3
125,3.99E-08,0,9.20E-07,30.53000069,9.06E-07,0,2.01E-05,30.53000069,2.13E-08,0,4.92E-07,30.53000069,2.36E-10,0,5.75E-09,30.53000069,1.09E-11,0,2.67E-10,30.53000069,8.15E-12,0,2.03E-10,30.53000069,0,0,0,30.53000069,3.43E-11,0,8.62E-10,30.53000069,ADM3,125,125,BOL,BOL-ADM3-33444609B71410216,Tacopaya,ADM3
126,0,0,0,54.5,0,0,0,54.5,0,0,0,54.5,0,0,0,54.5,0,0,0,54.5,0,0,0,54.5,0,0,0,54.5,0,0,0,54.5,ADM3,126,126,BOL,BOL-ADM3-33444609B34376575,El Choro,ADM3
127,0,0,0,154.6799927,0,0,0,154.6799927,0,0,0,154.6799927,0,0,0,154.6799927,0,0,0,154.6799927,0,0,0,154.6799927,0,0,0,154.6799927,0,0,0,154.6799927,ADM3,127,127,BOL,BOL-ADM3-33444609B90107878,Toledo,ADM3
128,2.03E-07,0,8.28E-07,15.90000057,5.15E-06,0,1.94E-05,15.90000057,9.36E-08,0,5.91E-07,15.90000057,8.62E-10,0,9.93E-09,15.90000057,3.86E-11,0,4.84E-10,15.90000057,2.80E-11,0,3.65E-10,15.90000057,0,0,0,15.90000057,9.74E-11,0,1.26E-09,15.90000057,ADM3,128,128,BOL,BOL-ADM3-33444609B16998103,Santivañez,ADM3
129,0,0,0,74.78999329,0,0,0,74.78999329,0,0,0,74.78999329,0,0,0,74.78999329,0,0,0,74.78999329,0,0,0,74.78999329,0,0,0,74.78999329,0,0,0,74.78999329,ADM3,129,129,BOL,BOL-ADM3-33444609B37510264,Paria,ADM3
130,0,0,0,6.029999733,0,0,0,6.029999733,0,0,0,6.029999733,0,0,0,6.029999733,0,0,0,6.029999733,0,0,0,6.029999733,0,0,0,6.029999733,0,0,0,6.029999733,ADM3,130,130,BOL,BOL-ADM3-33444609B66068349,Collana,ADM3
131,2.04E-07,0,3.85E-07,4.130000114,5.82E-06,0,1.33E-05,4.130000114,1.21E-07,0,3.53E-07,4.130000114,1.41E-09,0,5.46E-09,4.130000114,7.18E-11,0,2.92E-10,4.130000114,5.18E-11,0,2.12E-10,4.130000114,0,0,0,4.130000114,2.09E-10,0,9.07E-10,4.130000114,ADM3,131,131,BOL,BOL-ADM3-33444609B94491619,Tolata,ADM3
132,6.63E-05,0,0.000502013,22.94000053,0.000294684,0,0.001554022,22.94000053,2.72E-05,2.32E-06,0.000238258,22.94000053,1.60E-06,0,2.46E-05,22.94000053,1.14E-07,0,1.75E-06,22.94000053,1.11E-07,0,1.82E-06,22.94000053,0,0,0,22.94000053,4.18E-07,0,6.91E-06,22.94000053,ADM3,132,132,BOL,BOL-ADM3-33444609B30727604,Cobija,ADM3
133,0,0,0,19.25,0,0,0,19.25,0,0,0,19.25,0,0,0,19.25,0,0,0,19.25,0,0,0,19.25,0,0,0,19.25,0,0,0,19.25,ADM3,133,133,BOL,BOL-ADM3-33444609B21077453,Eucaliptus,ADM3
134,0,0,0,60.73000336,0,0,0,60.73000336,0,0,0,60.73000336,0,0,0,60.73000336,0,0,0,60.73000336,0,0,0,60.73000336,0,0,0,60.73000336,0,0,0,60.73000336,ADM3,134,134,BOL,BOL-ADM3-33444609B28630051,Santiago de Callapa,ADM3
135,6.20E-07,0,1.85E-06,15.33000088,1.12E-05,0,3.53E-05,15.33000088,2.77E-07,0,1.12E-06,15.33000088,3.56E-09,0,1.88E-08,15.33000088,2.12E-10,0,1.18E-09,15.33000088,1.54E-10,0,8.58E-10,15.33000088,0,0,0,15.33000088,5.93E-10,0,3.35E-09,15.33000088,ADM3,135,135,BOL,BOL-ADM3-33444609B41741681,Cochabamba,ADM3
136,0,0,0,121.4400024,0,0,0,121.4400024,0,0,0,121.4400024,0,0,0,121.4400024,0,0,0,121.4400024,0,0,0,121.4400024,0,0,0,121.4400024,0,0,0,121.4400024,ADM3,136,136,BOL,BOL-ADM3-33444609B22900187,Caracollo,ADM3
137,0,0,0,27.29000092,0,0,0,27.29000092,0,0,0,27.29000092,0,0,0,27.29000092,0,0,0,27.29000092,0,0,0,27.29000092,0,0,0,27.29000092,0,0,0,27.29000092,ADM3,137,137,BOL,BOL-ADM3-33444609B21007182,Catacora,ADM3
138,0,0,0,31.05999947,0,0,0,31.05999947,0,0,0,31.05999947,0,0,0,31.05999947,0,0,0,31.05999947,0,0,0,31.05999947,0,0,0,31.05999947,0,0,0,31.05999947,ADM3,138,138,BOL,BOL-ADM3-33444609B25632649,Yaco,ADM3
139,0,0,0,197.2299957,0,0,0,197.2299957,0,0,0,197.2299957,0,0,0,197.2299957,0,0,0,197.2299957,0,0,0,197.2299957,0,0,0,197.2299957,0,0,0,197.2299957,ADM3,139,139,BOL,BOL-ADM3-33444609B93045845,Calacoto,ADM3
140,6.10E-08,0,2.17E-07,10.89999962,1.92E-06,0,7.40E-06,10.89999962,4.20E-08,0,2.22E-07,10.89999962,5.27E-10,0,5.20E-09,10.89999962,2.62E-11,0,3.04E-10,10.89999962,1.86E-11,0,2.14E-10,10.89999962,0,0,0,10.89999962,6.85E-11,0,7.62E-10,10.89999962,ADM3,140,140,BOL,BOL-ADM3-33444609B26131324,Arani,ADM3
141,1.36E-07,0,3.30E-07,4.869999886,5.01E-06,0,1.26E-05,4.869999886,1.32E-07,0,5.00E-07,4.869999886,2.87E-09,0,1.86E-08,4.869999886,1.63E-10,0,1.16E-09,4.869999886,1.16E-10,0,8.25E-10,4.869999886,0,0,0,4.869999886,4.11E-10,0,2.97E-09,4.869999886,ADM3,141,141,BOL,BOL-ADM3-33444609B3757470,Punata,ADM3
142,0,0,0,88.36000061,0,0,0,88.36000061,0,0,0,88.36000061,0,0,0,88.36000061,0,0,0,88.36000061,0,0,0,88.36000061,0,0,0,88.36000061,0,0,0,88.36000061,ADM3,142,142,BOL,BOL-ADM3-33444609B21151286,Sicasica,ADM3
143,0,0,0,29.29000092,0,0,0,29.29000092,0,0,0,29.29000092,0,0,0,29.29000092,0,0,0,29.29000092,0,0,0,29.29000092,0,0,0,29.29000092,0,0,0,29.29000092,ADM3,143,143,BOL,BOL-ADM3-33444609B32005482,Patacamaya,ADM3
144,0,0,0,17.99000168,0,0,0,17.99000168,0,0,0,17.99000168,0,0,0,17.99000168,0,0,0,17.99000168,0,0,0,17.99000168,0,0,0,17.99000168,0,0,0,17.99000168,ADM3,144,144,BOL,BOL-ADM3-33444609B19082627,Colquencha,ADM3
145,0,0,0,66.72999573,0,0,0,66.72999573,0,0,0,66.72999573,0,0,0,66.72999573,0,0,0,66.72999573,0,0,0,66.72999573,0,0,0,66.72999573,0,0,0,66.72999573,ADM3,145,145,BOL,BOL-ADM3-33444609B96911206,Santiago de Machaca,ADM3
146,0.000100333,3.34E-05,0.000642677,365.3099976,0.000454744,0.000164206,0.003495405,365.3099976,5.89E-05,0,0.00103701,365.3099976,4.22E-06,0,0.000189327,365.3099976,3.76E-07,0,1.86E-05,365.3099976,3.42E-07,0,1.55E-05,365.3099976,0,0,0,365.3099976,1.01E-06,0,5.14E-05,365.3099976,ADM3,146,146,BOL,BOL-ADM3-33444609B58600296,Sena,ADM3
147,0.000188534,3.34E-05,0.001093581,157.9599915,0.000872213,0.000164206,0.005272332,157.9599915,0.000125364,0,0.001477932,157.9599915,8.70E-06,0,0.00022095,157.9599915,7.40E-07,0,1.98E-05,157.9599915,6.52E-07,0,1.62E-05,157.9599915,0,0,0,157.9599915,1.97E-06,0,5.49E-05,157.9599915,ADM3,147,147,BOL,BOL-ADM3-33444609B26946399,San Lorenzo,ADM3
148,0.000455482,0,0.00745641,467.3800049,0.001489442,0,0.016655631,467.3800049,0.000535855,0,0.012738349,467.3800049,0.000186466,0,0.008577035,467.3800049,2.64E-05,0,0.001439832,467.3800049,2.40E-05,0,0.001289094,467.3800049,0,0,0,467.3800049,7.17E-05,0,0.003774455,467.3800049,ADM3,148,148,BOL,BOL-ADM3-33444609B90312020,Santa Rosa,ADM3
149,0,0,0,18.5,0,0,0,18.5,0,0,0,18.5,0,0,0,18.5,0,0,0,18.5,0,0,0,18.5,0,0,0,18.5,0,0,0,18.5,ADM3,149,149,BOL,BOL-ADM3-33444609B20955158,Malla,ADM3
150,0,0,0,23.70999908,0,0,0,23.70999908,0,0,0,23.70999908,0,0,0,23.70999908,0,0,0,23.70999908,0,0,0,23.70999908,0,0,0,23.70999908,0,0,0,23.70999908,ADM3,150,150,BOL,BOL-ADM3-33444609B91729130,Comanche,ADM3
151,0,0,0,24.89999771,0,0,0,24.89999771,0,0,0,24.89999771,0,0,0,24.89999771,0,0,0,24.89999771,0,0,0,24.89999771,0,0,0,24.89999771,0,0,0,24.89999771,ADM3,151,151,BOL,BOL-ADM3-33444609B41933053,Calamarca,ADM3
152,0,0,0,43.31999969,0,0,0,43.31999969,0,0,0,43.31999969,0,0,0,43.31999969,0,0,0,43.31999969,0,0,0,43.31999969,0,0,0,43.31999969,0,0,0,43.31999969,ADM3,152,152,BOL,BOL-ADM3-33444609B85812802,Viacha,ADM3
153,1.52E-07,0,3.28E-07,10.52999973,2.94E-06,0,5.96E-06,10.52999973,0,0,0,10.52999973,0,0,0,10.52999973,0,0,0,10.52999973,0,0,0,10.52999973,0,0,0,10.52999973,0,0,0,10.52999973,ADM3,153,153,BOL,BOL-ADM3-33444609B79205479,Villa Libertad Licoma,ADM3
154,5.22E-07,0,2.63E-05,51.15000153,4.28E-06,0,0.000138686,51.15000153,0,0,0,51.15000153,0,0,0,51.15000153,0,0,0,51.15000153,0,0,0,51.15000153,0,0,0,51.15000153,0,0,0,51.15000153,ADM3,154,154,BOL,BOL-ADM3-33444609B66902866,Quime,ADM3
155,0,0,0,1.25,0,0,0,1.25,0,0,0,1.25,0,0,0,1.25,0,0,0,1.25,0,0,0,1.25,0,0,0,1.25,0,0,0,1.25,ADM3,155,155,BOL,BOL-ADM3-33444609B98511044,Huatajata,ADM3
156,0,0,0,35.75,0,0,0,35.75,0,0,0,35.75,0,0,0,35.75,0,0,0,35.75,0,0,0,35.75,0,0,0,35.75,0,0,0,35.75,ADM3,156,156,BOL,BOL-ADM3-33444609B79531063,Laja,ADM3
157,2.15E-07,0,4.97E-06,27.27000046,2.34E-06,0,4.60E-05,27.27000046,0,0,0,27.27000046,0,0,0,27.27000046,0,0,0,27.27000046,0,0,0,27.27000046,0,0,0,27.27000046,0,0,0,27.27000046,ADM3,157,157,BOL,BOL-ADM3-33444609B83826918,Mecapaca,ADM3
158,3.20E-06,0,4.36E-05,38.06999969,2.37E-05,0,0.000222861,38.06999969,0,0,0,38.06999969,0,0,0,38.06999969,0,0,0,38.06999969,0,0,0,38.06999969,0,0,0,38.06999969,0,0,0,38.06999969,ADM3,158,158,BOL,BOL-ADM3-33444609B56483619,Palca,ADM3
159,0,0,0,9.719999313,0,0,0,9.719999313,0,0,0,9.719999313,0,0,0,9.719999313,0,0,0,9.719999313,0,0,0,9.719999313,0,0,0,9.719999313,0,0,0,9.719999313,ADM3,159,159,BOL,BOL-ADM3-33444609B1863080,Achocalla,ADM3
160,0,0,0,18.71999931,0,0,0,18.71999931,0,0,0,18.71999931,0,0,0,18.71999931,0,0,0,18.71999931,0,0,0,18.71999931,0,0,0,18.71999931,0,0,0,18.71999931,ADM3,160,160,BOL,BOL-ADM3-33444609B30011805,El Alto,ADM3
161,5.70E-07,0,1.08E-05,30.07999802,5.21E-06,0,6.77E-05,30.07999802,0,0,0,30.07999802,0,0,0,30.07999802,0,0,0,30.07999802,0,0,0,30.07999802,0,0,0,30.07999802,0,0,0,30.07999802,ADM3,161,161,BOL,BOL-ADM3-33444609B40374901,Yanacachi,ADM3
162,7.21E-08,0,7.04E-07,80.19000244,1.70E-06,0,1.70E-05,80.19000244,4.48E-08,0,4.51E-07,80.19000244,5.31E-10,0,5.87E-09,80.19000244,2.49E-11,0,2.72E-10,80.19000244,1.89E-11,0,2.13E-10,80.19000244,0,0,0,80.19000244,6.79E-11,0,7.91E-10,80.19000244,ADM3,162,162,BOL,BOL-ADM3-33444609B99579203,Tapacarí,ADM3
163,0,0,0,5.68999958,0,0,0,5.68999958,0,0,0,5.68999958,0,0,0,5.68999958,0,0,0,5.68999958,0,0,0,5.68999958,0,0,0,5.68999958,0,0,0,5.68999958,ADM3,163,163,BOL,BOL-ADM3-33444609B26061868,Desaguadero,ADM3
164,0,0,0,50.94999695,0,0,0,50.94999695,0,0,0,50.94999695,0,0,0,50.94999695,0,0,0,50.94999695,0,0,0,50.94999695,0,0,0,50.94999695,0,0,0,50.94999695,ADM3,164,164,BOL,BOL-ADM3-33444609B81723104,Jesús de Machaka,ADM3
165,0,0,0,10.36000061,0,0,0,10.36000061,0,0,0,10.36000061,0,0,0,10.36000061,0,0,0,10.36000061,0,0,0,10.36000061,0,0,0,10.36000061,0,0,0,10.36000061,ADM3,165,165,BOL,BOL-ADM3-33444609B3928389,Puerto Mayor de Guaqui,ADM3
166,0,0,0,0.899999976,0,0,0,0.899999976,0,0,0,0.899999976,0,0,0,0.899999976,0,0,0,0.899999976,0,0,0,0.899999976,0,0,0,0.899999976,0,0,0,0.899999976,ADM3,166,166,BOL,BOL-ADM3-33444609B83959891,Tito Yupanqui,ADM3
167,0,0,0,64.6000061,0,0,0,64.6000061,0,0,0,64.6000061,0,0,0,64.6000061,0,0,0,64.6000061,0,0,0,64.6000061,0,0,0,64.6000061,0,0,0,64.6000061,ADM3,167,167,BOL,BOL-ADM3-33444609B86182822,Pucarani,ADM3
168,4.72E-08,0,9.77E-07,5.170000076,6.93E-07,0,1.43E-05,5.170000076,0,0,0,5.170000076,0,0,0,5.170000076,0,0,0,5.170000076,0,0,0,5.170000076,0,0,0,5.170000076,0,0,0,5.170000076,ADM3,168,168,BOL,BOL-ADM3-33444609B86015105,Combaya,ADM3
169,3.45E-06,0,1.19E-05,55.40000153,2.70E-05,0,8.74E-05,55.40000153,0,0,0,55.40000153,0,0,0,55.40000153,0,0,0,55.40000153,0,0,0,55.40000153,0,0,0,55.40000153,0,0,0,55.40000153,ADM3,169,169,BOL,BOL-ADM3-33444609B70122176,Coroico,ADM3
170,4.59E-06,0,3.06E-05,36.04999542,3.41E-05,0,0.000151444,36.04999542,0,0,0,36.04999542,0,0,0,36.04999542,0,0,0,36.04999542,0,0,0,36.04999542,0,0,0,36.04999542,0,0,0,36.04999542,ADM3,170,170,BOL,BOL-ADM3-33444609B52332460,Coripata,ADM3
171,0.000102337,0,0.000533485,6.420000076,0.000333722,0,0.001589817,6.420000076,0,0,0,6.420000076,0,0,0,6.420000076,0,0,0,6.420000076,0,0,0,6.420000076,0,0,0,6.420000076,0,0,0,6.420000076,ADM3,171,171,BOL,BOL-ADM3-33444609B75079070,Quiabaya,ADM3
172,3.10E-05,0,0.00049505,12.28000069,0.000109429,0,0.001470841,12.28000069,0,0,0,12.28000069,0,0,0,12.28000069,0,0,0,12.28000069,0,0,0,12.28000069,0,0,0,12.28000069,0,0,0,12.28000069,ADM3,172,172,BOL,BOL-ADM3-33444609B51912538,Aucapata,ADM3
173,0,0,0,28.97000122,0,0,0,28.97000122,0,0,0,28.97000122,0,0,0,28.97000122,0,0,0,28.97000122,0,0,0,28.97000122,0,0,0,28.97000122,0,0,0,28.97000122,ADM3,173,173,BOL,BOL-ADM3-33444609B77019342,Ayo Ayo,ADM3
174,0,0,0,89.33000183,0,0,0,89.33000183,0,0,0,89.33000183,0,0,0,89.33000183,0,0,0,89.33000183,0,0,0,89.33000183,0,0,0,89.33000183,0,0,0,89.33000183,ADM3,174,174,BOL,BOL-ADM3-33444609B52543177,Azurduy,ADM3
175,2.67E-05,8.21E-06,8.65E-05,13.26000023,0.000141832,5.58E-05,0.000392389,13.26000023,0,0,0,13.26000023,0,0,0,13.26000023,0,0,0,13.26000023,0,0,0,13.26000023,0,0,0,13.26000023,0,0,0,13.26000023,ADM3,175,175,BOL,BOL-ADM3-33444609B93497004,Tipuani,ADM3
176,4.16E-06,0,2.83E-05,103.9499969,2.79E-05,0,0.000162281,103.9499969,0,0,0,103.9499969,0,0,0,103.9499969,0,0,0,103.9499969,0,0,0,103.9499969,0,0,0,103.9499969,0,0,0,103.9499969,ADM3,176,176,BOL,BOL-ADM3-33444609B95766629,Nuestra Señora de La Paz,ADM3
177,1.57E-06,0,2.94E-05,96,1.25E-05,0,0.000191233,96,0,0,0,96,0,0,0,96,0,0,0,96,0,0,0,96,0,0,0,96,0,0,0,96,ADM3,177,177,BOL,BOL-ADM3-33444609B93873258,Sorata,ADM3
178,1.81E-05,0,9.81E-05,141.7400055,0.000116673,0,0.000391278,141.7400055,3.49E-07,0,5.08E-05,141.7400055,2.36E-08,0,3.89E-06,141.7400055,1.71E-09,0,2.77E-07,141.7400055,1.75E-09,0,2.78E-07,141.7400055,0,0,0,141.7400055,4.97E-09,0,8.27E-07,141.7400055,ADM3,178,178,BOL,BOL-ADM3-33444609B25803532,La Asunta,ADM3
179,1.34E-05,0,0.000533485,31.89999771,5.98E-05,0,0.001589817,31.89999771,0,0,0,31.89999771,0,0,0,31.89999771,0,0,0,31.89999771,0,0,0,31.89999771,0,0,0,31.89999771,0,0,0,31.89999771,ADM3,179,179,BOL,BOL-ADM3-33444609B88180595,Chuma,ADM3
180,1.20E-05,0,5.99E-05,181.4100037,7.31E-05,0,0.000297621,181.4100037,0,0,0,181.4100037,0,0,0,181.4100037,0,0,0,181.4100037,0,0,0,181.4100037,0,0,0,181.4100037,0,0,0,181.4100037,ADM3,180,180,BOL,BOL-ADM3-33444609B33390960,Guanay,ADM3
181,3.55E-05,7.85E-06,0.000158943,70.06999969,0.000182911,5.13E-05,0.000814923,70.06999969,0,0,0,70.06999969,0,0,0,70.06999969,0,0,0,70.06999969,0,0,0,70.06999969,0,0,0,70.06999969,0,0,0,70.06999969,ADM3,181,181,BOL,BOL-ADM3-33444609B45650655,Teoponte,ADM3
182,2.00E-05,0,7.79E-05,76.05999756,0.000118548,0,0.000379098,76.05999756,0,0,0,76.05999756,0,0,0,76.05999756,0,0,0,76.05999756,0,0,0,76.05999756,0,0,0,76.05999756,0,0,0,76.05999756,ADM3,182,182,BOL,BOL-ADM3-33444609B90372031,Mapiri,ADM3
183,4.92E-06,0,4.57E-05,124.1600037,3.43E-05,0,0.000236343,124.1600037,0,0,0,124.1600037,0,0,0,124.1600037,0,0,0,124.1600037,0,0,0,124.1600037,0,0,0,124.1600037,0,0,0,124.1600037,ADM3,183,183,BOL,BOL-ADM3-33444609B50407902,Charazani,ADM3
184,0,0,0,68.55999756,0,0,0,68.55999756,0,0,0,68.55999756,0,0,0,68.55999756,0,0,0,68.55999756,0,0,0,68.55999756,0,0,0,68.55999756,0,0,0,68.55999756,ADM3,184,184,BOL,BOL-ADM3-33444609B73754741,"Caiza ""D""",ADM3
185,0,0,0,10.81999969,0,0,0,10.81999969,0,0,0,10.81999969,0,0,0,10.81999969,0,0,0,10.81999969,0,0,0,10.81999969,0,0,0,10.81999969,0,0,0,10.81999969,ADM3,185,185,BOL,BOL-ADM3-33444609B22177467,Copacabana,ADM3
186,0,0,0,69.77999878,0,0,0,69.77999878,0,0,0,69.77999878,0,0,0,69.77999878,0,0,0,69.77999878,0,0,0,69.77999878,0,0,0,69.77999878,0,0,0,69.77999878,ADM3,186,186,BOL,BOL-ADM3-33444609B65808761,Tarvita,ADM3
187,0,0,0,24.82999992,0,0,0,24.82999992,0,0,0,24.82999992,0,0,0,24.82999992,0,0,0,24.82999992,0,0,0,24.82999992,0,0,0,24.82999992,0,0,0,24.82999992,ADM3,187,187,BOL,BOL-ADM3-33444609B42666607,Chaquí,ADM3
188,0,0,0,77.68000031,0,0,0,77.68000031,0,0,0,77.68000031,0,0,0,77.68000031,0,0,0,77.68000031,0,0,0,77.68000031,0,0,0,77.68000031,0,0,0,77.68000031,ADM3,188,188,BOL,BOL-ADM3-33444609B15997979,Puna,ADM3
189,0,0,0,108.0400085,0,0,0,108.0400085,0,0,0,108.0400085,0,0,0,108.0400085,0,0,0,108.0400085,0,0,0,108.0400085,0,0,0,108.0400085,0,0,0,108.0400085,ADM3,189,189,BOL,BOL-ADM3-33444609B30593293,Ckochas,ADM3
190,0,0,0,46.05000305,0,0,0,46.05000305,0,0,0,46.05000305,0,0,0,46.05000305,0,0,0,46.05000305,0,0,0,46.05000305,0,0,0,46.05000305,0,0,0,46.05000305,ADM3,190,190,BOL,BOL-ADM3-33444609B60642341,El Villar,ADM3
191,3.81E-07,0,7.42E-05,66.22999573,0,0,0,66.22999573,1.68E-07,0,3.00E-05,66.22999573,6.69E-09,0,1.48E-06,66.22999573,4.76E-10,0,1.19E-07,66.22999573,2.53E-10,0,5.66E-08,66.22999573,0,0,0,66.22999573,1.05E-09,0,2.46E-07,66.22999573,ADM3,191,191,BOL,BOL-ADM3-33444609B90845226,Huacaya,ADM3
192,2.53E-05,0,0.00049505,41.52999878,0.000110803,0,0.001470841,41.52999878,0,0,0,41.52999878,0,0,0,41.52999878,0,0,0,41.52999878,0,0,0,41.52999878,0,0,0,41.52999878,0,0,0,41.52999878,ADM3,192,192,BOL,BOL-ADM3-33444609B27309972,Tacacoma,ADM3
193,1.92E-07,0,5.51E-05,151.9900055,0,0,0,151.9900055,8.20E-08,0,2.31E-05,151.9900055,2.92E-09,0,1.00E-06,151.9900055,1.94E-10,0,7.25E-08,151.9900055,1.05E-10,0,3.77E-08,151.9900055,0,0,0,151.9900055,4.37E-10,0,1.58E-07,151.9900055,ADM3,193,193,BOL,BOL-ADM3-33444609B13482689,Huacareta,ADM3
194,0,0,0,173.7200012,0,0,0,173.7200012,0,0,0,173.7200012,0,0,0,173.7200012,0,0,0,173.7200012,0,0,0,173.7200012,0,0,0,173.7200012,0,0,0,173.7200012,ADM3,194,194,BOL,BOL-ADM3-33444609B9106763,Monteagudo,ADM3
195,0,0,0,62.31999969,0,0,0,62.31999969,0,0,0,62.31999969,0,0,0,62.31999969,0,0,0,62.31999969,0,0,0,62.31999969,0,0,0,62.31999969,0,0,0,62.31999969,ADM3,195,195,BOL,BOL-ADM3-33444609B51923126,Potosí,ADM3
196,0,0,0,4.090000153,0,0,0,4.090000153,0,0,0,4.090000153,0,0,0,4.090000153,0,0,0,4.090000153,0,0,0,4.090000153,0,0,0,4.090000153,0,0,0,4.090000153,ADM3,196,196,BOL,BOL-ADM3-33444609B67965715,San Pedro de Tiquina,ADM3
197,3.96E-06,0,1.13E-05,57.88999939,0,0,0,57.88999939,1.58E-06,0,4.44E-06,57.88999939,3.46E-08,0,1.20E-07,57.88999939,2.05E-09,0,8.01E-09,57.88999939,1.10E-09,0,3.90E-09,57.88999939,0,0,0,57.88999939,4.57E-09,0,1.70E-08,57.88999939,ADM3,197,197,BOL,BOL-ADM3-33444609B6445025,Lagunillas,ADM3
198,0,0,0,16.55000114,0,0,0,16.55000114,0,0,0,16.55000114,0,0,0,16.55000114,0,0,0,16.55000114,0,0,0,16.55000114,0,0,0,16.55000114,0,0,0,16.55000114,ADM3,198,198,BOL,BOL-ADM3-33444609B92818499,Alcalá,ADM3
199,0,0,0,31,0,0,0,31,0,0,0,31,0,0,0,31,0,0,0,31,0,0,0,31,0,0,0,31,0,0,0,31,ADM3,199,199,BOL,BOL-ADM3-33444609B9397800,Sopachui,ADM3
200,0,0,0,41.67999649,0,0,0,41.67999649,0,0,0,41.67999649,0,0,0,41.67999649,0,0,0,41.67999649,0,0,0,41.67999649,0,0,0,41.67999649,0,0,0,41.67999649,ADM3,200,200,BOL,BOL-ADM3-33444609B74292684,Villa Ricardo Mugia - Icla,ADM3
201,0,0,0,22.98999977,0,0,0,22.98999977,0,0,0,22.98999977,0,0,0,22.98999977,0,0,0,22.98999977,0,0,0,22.98999977,0,0,0,22.98999977,0,0,0,22.98999977,ADM3,201,201,BOL,BOL-ADM3-33444609B38543160,Yotala,ADM3
202,0,0,0,33.93999863,0,0,0,33.93999863,0,0,0,33.93999863,0,0,0,33.93999863,0,0,0,33.93999863,0,0,0,33.93999863,0,0,0,33.93999863,0,0,0,33.93999863,ADM3,202,202,BOL,BOL-ADM3-33444609B32418048,Yamparáez,ADM3
203,0,0,0,42.3900032,0,0,0,42.3900032,0,0,0,42.3900032,0,0,0,42.3900032,0,0,0,42.3900032,0,0,0,42.3900032,0,0,0,42.3900032,0,0,0,42.3900032,ADM3,203,203,BOL,BOL-ADM3-33444609B38412786,Tomina,ADM3
204,0,0,0,45.09000015,0,0,0,45.09000015,0,0,0,45.09000015,0,0,0,45.09000015,0,0,0,45.09000015,0,0,0,45.09000015,0,0,0,45.09000015,0,0,0,45.09000015,ADM3,204,204,BOL,BOL-ADM3-33444609B72440734,Ocurí,ADM3
205,0,0,0,56.45000076,0,0,0,56.45000076,0,0,0,56.45000076,0,0,0,56.45000076,0,0,0,56.45000076,0,0,0,56.45000076,0,0,0,56.45000076,0,0,0,56.45000076,ADM3,205,205,BOL,BOL-ADM3-33444609B73936756,Tarabuco,ADM3
206,0,0,0,34.27999878,0,0,0,34.27999878,0,0,0,34.27999878,0,0,0,34.27999878,0,0,0,34.27999878,0,0,0,34.27999878,0,0,0,34.27999878,0,0,0,34.27999878,ADM3,206,206,BOL,BOL-ADM3-33444609B5472183,Zudañez,ADM3
207,7.43E-07,0,1.19E-05,30.37999725,5.83E-06,0,9.26E-05,30.37999725,0,0,0,30.37999725,0,0,0,30.37999725,0,0,0,30.37999725,0,0,0,30.37999725,0,0,0,30.37999725,0,0,0,30.37999725,ADM3,207,207,BOL,BOL-ADM3-33444609B88989469,Curva,ADM3
208,2.54E-06,0,4.85E-05,122.5400009,1.62E-05,0,0.000259717,122.5400009,0,0,0,122.5400009,0,0,0,122.5400009,0,0,0,122.5400009,0,0,0,122.5400009,0,0,0,122.5400009,0,0,0,122.5400009,ADM3,208,208,BOL,BOL-ADM3-33444609B30997278,Pelechuco,ADM3
209,4.42E-05,1.05E-05,0.000158576,187.2399902,0.000214888,6.10E-05,0.000690557,187.2399902,2.20E-06,0,0.000212001,187.2399902,2.06E-07,0,2.91E-05,187.2399902,1.65E-08,0,2.53E-06,187.2399902,1.59E-08,0,2.32E-06,187.2399902,0,0,0,187.2399902,4.68E-08,0,7.11E-06,187.2399902,ADM3,209,209,BOL,BOL-ADM3-33444609B83015549,Palos Blancos,ADM3
210,5.09E-05,0,0.000405414,698.5499268,0.00023259,0,0.001756311,698.5499268,7.61E-07,0,0.000334353,698.5499268,1.08E-07,0,7.75E-05,698.5499268,9.55E-09,0,7.45E-06,698.5499268,8.65E-09,0,6.29E-06,698.5499268,1.29E-13,0,8.13E-11,698.5499268,2.69E-08,0,2.09E-05,698.5499268,ADM3,210,210,BOL,BOL-ADM3-33444609B25123274,Apolo,ADM3
211,5.70E-05,1.17E-05,0.000183054,125.8299942,0.000228846,5.69E-05,0.0007646,125.8299942,4.45E-05,0,0.000334353,125.8299942,3.66E-06,0,7.75E-05,125.8299942,2.98E-07,0,7.45E-06,125.8299942,2.84E-07,0,6.29E-06,125.8299942,0,0,0,125.8299942,8.41E-07,0,2.09E-05,125.8299942,ADM3,211,211,BOL,BOL-ADM3-33444609B4331330,Puerto Menor de Rurrenabaque,ADM3
212,7.18E-05,1.59E-05,0.002002636,147.3800049,0.000267562,6.80E-05,0.005993822,147.3800049,2.97E-06,0,0.000334353,147.3800049,3.76E-07,0,7.75E-05,147.3800049,3.24E-08,0,7.45E-06,147.3800049,2.84E-08,0,6.29E-06,147.3800049,0,0,0,147.3800049,9.14E-08,0,2.09E-05,147.3800049,ADM3,212,212,BOL,BOL-ADM3-33444609B85439426,San Buenaventura,ADM3
213,0.00055651,3.89E-05,0.005949478,1040.099976,0.002082955,0.000192967,0.023606384,1040.099976,0.000632453,2.88E-05,0.015927728,1040.099976,0.000116061,1.45E-06,0.009094458,1040.099976,1.19E-05,1.04E-07,0.001084534,1040.099976,1.28E-05,1.22E-07,0.001090132,1040.099976,0,0,0,1040.099976,3.33E-05,3.00E-07,0.003292101,1040.099976,ADM3,213,213,BOL,BOL-ADM3-33444609B23560373,Santa Ana,ADM3
214,0.000122728,1.23E-05,0.001388962,432.4500122,0.000477637,6.47E-05,0.003748431,432.4500122,0.000121043,0,0.001518885,432.4500122,1.37E-05,0,0.000317854,432.4500122,1.24E-06,0,3.43E-05,432.4500122,1.24E-06,0,3.36E-05,432.4500122,0,0,0,432.4500122,3.46E-06,0,9.71E-05,432.4500122,ADM3,214,214,BOL,BOL-ADM3-33444609B36751060,San Borja,ADM3
215,0.000261243,0,0.010903892,587.3099976,0.00090361,0,0.022159019,587.3099976,0.000302118,0,0.017749822,587.3099976,0.000112555,0,0.015694048,587.3099976,1.81E-05,0,0.003312533,587.3099976,1.61E-05,0,0.002886565,587.3099976,0,0,0,587.3099976,4.82E-05,0,0.008535339,587.3099976,ADM3,215,215,BOL,BOL-ADM3-33444609B13357475,Reyes,ADM3
216,0.000511602,0.000138951,0.001967484,64.05000305,0.002143688,0.000630589,0.0078805,64.05000305,0.000357158,5.75E-05,0.002124054,64.05000305,2.98E-05,1.77E-06,0.000304226,64.05000305,2.61E-06,1.27E-07,2.88E-05,64.05000305,2.18E-06,1.12E-07,2.44E-05,64.05000305,0,0,0,64.05000305,6.84E-06,3.18E-07,7.83E-05,64.05000305,ADM3,216,216,BOL,BOL-ADM3-33444609B85003487,Puerto Gonzalo Moreno,ADM3
217,0.004241496,0.000653611,0.019545583,104.2900009,0.016194713,0.002881213,0.062688373,104.2900009,0.007591946,0.000596578,0.044070147,104.2900009,0.002646295,5.77E-05,0.025627432,104.2900009,0.000328441,4.43E-06,0.003788144,104.2900009,0.000291141,4.46E-06,0.003315099,104.2900009,0,0,0,104.2900009,0.000944607,1.26E-05,0.010897342,104.2900009,ADM3,217,217,BOL,BOL-ADM3-33444609B80291858,Puerto Siles,ADM3
218,0.001640587,0,0.01678649,1203.640015,0.005890014,0,0.05752724,1203.640015,0.002149381,0,0.04282064,1203.640015,0.000630979,0,0.028178222,1203.640015,7.58E-05,0,0.004161246,1203.640015,7.19E-05,0,0.003729567,1203.640015,0,0,0,1203.640015,0.000216367,0,0.012063982,1203.640015,ADM3,218,218,BOL,BOL-ADM3-33444609B10458910,Exaltación,ADM3
219,0.000633103,5.31E-05,0.005635777,622.9000244,0.002440811,0.000266813,0.02110674,622.9000244,0.000490971,2.43E-05,0.008463601,622.9000244,5.25E-05,6.54E-07,0.002113252,622.9000244,4.78E-06,4.49E-08,0.000217283,622.9000244,4.22E-06,4.17E-08,0.000187412,622.9000244,0,0,0,622.9000244,1.36E-05,1.11E-07,0.000640435,622.9000244,ADM3,219,219,BOL,BOL-ADM3-33444609B93314585,Riberalta,ADM3
220,5.14E-05,0,0.000256049,54.22000122,0.000261098,0,0.001056657,54.22000122,2.10E-05,4.62E-06,0.000128871,54.22000122,7.70E-07,0,7.07E-06,54.22000122,5.63E-08,0,5.84E-07,54.22000122,4.94E-08,0,4.81E-07,54.22000122,0,0,0,54.22000122,1.60E-07,2.55E-08,1.60E-06,54.22000122,ADM3,220,220,BOL,BOL-ADM3-33444609B95419155,Porvenir,ADM3
221,0.000114426,0,0.000643781,257.7399902,0.00052553,0,0.002431122,257.7399902,4.88E-05,0,0.000406952,257.7399902,2.70E-06,0,0.00033817,257.7399902,1.76E-07,0,2.04E-06,257.7399902,1.38E-07,0,1.73E-06,257.7399902,1.53E-09,0,7.33E-07,257.7399902,4.81E-07,0,4.07E-05,257.7399902,ADM3,221,221,BOL,BOL-ADM3-33444609B83803279,Bella Flor,ADM3
222,0.000731856,0.000113676,0.003796714,132.7599945,0.002872722,0.000509698,0.015909646,132.7599945,0.000520622,4.25E-05,0.006563766,132.7599945,5.31E-05,1.33E-06,0.001792916,132.7599945,4.91E-06,1.04E-07,0.000185908,132.7599945,4.16E-06,8.91E-08,0.000152382,132.7599945,0,0,0,132.7599945,1.34E-05,2.50E-07,0.000536934,132.7599945,ADM3,222,222,BOL,BOL-ADM3-33444609B11509981,San Pedro,ADM3
223,0.000174511,4.79E-05,0.000854108,257.0599976,0.000776546,0.000237036,0.003495405,257.0599976,9.94E-05,1.59E-05,0.00103701,257.0599976,6.77E-06,3.81E-07,0.000189327,257.0599976,6.10E-07,2.79E-08,1.86E-05,257.0599976,5.31E-07,2.53E-08,1.55E-05,257.0599976,0,0,0,257.0599976,1.61E-06,6.81E-08,5.14E-05,257.0599976,ADM3,223,223,BOL,BOL-ADM3-33444609B55981723,Puerto Rico,ADM3
224,0.000284646,0,0.000854108,214.9000092,0.001163889,5.95E-05,0.003251266,214.9000092,0.000124974,3.05E-05,0.00051253,214.9000092,6.00E-06,8.67E-07,7.72E-05,214.9000092,4.87E-07,0,3.53E-06,214.9000092,4.10E-07,0,3.01E-06,214.9000092,0,0,0,214.9000092,1.28E-06,1.70E-07,9.15E-06,214.9000092,ADM3,224,224,BOL,BOL-ADM3-33444609B45825141,Santa Rosa,ADM3
225,0.000893637,0,0.002241497,263.2600098,0.003126854,0,0.007031154,263.2600098,0.000449823,0,0.001338956,263.2600098,3.22E-05,4.80E-06,0.000301439,263.2600098,2.67E-06,0,1.45E-05,263.2600098,2.10E-06,0,1.05E-05,263.2600098,0,0,0,263.2600098,7.26E-06,1.01E-06,3.83E-05,263.2600098,ADM3,225,225,BOL,BOL-ADM3-33444609B53699713,Ingavi,ADM3
226,0.003026526,4.52E-07,0.050132539,318.9899902,0.010258441,4.04E-07,0.145001173,318.9899902,0.003897006,2.46E-06,0.146915078,318.9899902,0.001354669,4.37E-06,0.146458626,318.9899902,0.000244769,2.05E-06,0.028474869,318.9899902,0.000232935,1.91E-06,0.025947602,318.9899902,6.01E-05,0,0.002526806,318.9899902,0.000600841,4.86E-06,0.078050338,318.9899902,ADM3,226,226,BOL,BOL-ADM3-33444609B93580112,Guayaramerín,ADM3
227,0.001446275,0.000549864,0.013775609,139.5,0.005079322,0.00210466,0.047443356,139.5,0.00111552,0.000262013,0.026588198,139.5,0.000170988,1.27E-05,0.01169914,139.5,1.72E-05,9.91E-07,0.001435857,139.5,1.49E-05,8.45E-07,0.001258946,139.5,0,0,0,139.5,4.93E-05,2.64E-06,0.004235879,139.5,ADM3,227,227,BOL,BOL-ADM3-33444609B33507653,Villa Nueva,ADM3
228,0.003123377,1.52E-07,0.01332956,318.0899963,0.00881133,1.12E-07,0.032388452,318.0899963,0.001827818,7.45E-07,0.009867576,318.0899963,0.000217892,8.53E-07,0.00174981,318.0899963,2.43E-05,1.42E-06,0.000661401,318.0899963,1.98E-05,1.19E-06,0.000934552,318.0899963,2.95E-06,0,0.000712032,318.0899963,5.91E-05,3.79E-06,0.000738679,318.0899963,ADM3,228,228,BOL,BOL-ADM3-33444609B15181859,Santos Mercado,ADM3
229,0.004749135,1.06E-06,0.032960031,177.3200073,0.013427428,7.88E-07,0.095395505,177.3200073,0.004067047,2.90E-06,0.066082582,177.3200073,0.001023548,3.92E-06,0.039818265,177.3200073,0.000180296,0,0.005970374,177.3200073,0.000194602,5.30E-06,0.007419747,177.3200073,7.65E-05,0,0.006403318,177.3200073,0.000419772,0,0.016927196,177.3200073,ADM3,229,229,BOL,BOL-ADM3-33444609B91423379,Nueva Esperanza,ADM3
230,0,0,0,5.390000343,0,0,0,5.390000343,0,0,0,5.390000343,0,0,0,5.390000343,0,0,0,5.390000343,0,0,0,5.390000343,0,0,0,5.390000343,0,0,0,5.390000343,ADM3,230,230,BOL,BOL-ADM3-33444609B41664570,Santiago de Huata,ADM3
231,0,0,0,4.81000042,0,0,0,4.81000042,0,0,0,4.81000042,0,0,0,4.81000042,0,0,0,4.81000042,0,0,0,4.81000042,0,0,0,4.81000042,0,0,0,4.81000042,ADM3,231,231,BOL,BOL-ADM3-33444609B7909722,Puerto Pérez,ADM3
232,0,0,0,14.02000046,0,0,0,14.02000046,0,0,0,14.02000046,0,0,0,14.02000046,0,0,0,14.02000046,0,0,0,14.02000046,0,0,0,14.02000046,0,0,0,14.02000046,ADM3,232,232,BOL,BOL-ADM3-33444609B27408509,Chuquihuta Ayllu Jucumani,ADM3
233,6.03E-05,0,0.000200744,121.7900085,0.000298166,0,0.000908746,121.7900085,2.28E-05,0,9.67E-05,121.7900085,7.52E-07,0,4.96E-06,121.7900085,5.67E-08,0,4.05E-07,121.7900085,4.80E-08,0,3.33E-07,121.7900085,8.08E-11,0,7.66E-09,121.7900085,1.52E-07,0,1.12E-06,121.7900085,ADM3,233,233,BOL,BOL-ADM3-33444609B21368266,Bolpebra,ADM3
234,7.31E-05,1.86E-10,0.000340615,570.0800171,0.000332135,7.32E-09,0.001554526,570.0800171,3.27E-05,0,0.000376931,570.0800171,1.46E-06,0,5.50E-05,570.0800171,1.22E-07,0,5.40E-06,570.0800171,1.09E-07,0,4.53E-06,570.0800171,9.38E-12,0,4.99E-09,570.0800171,3.18E-07,0,1.44E-05,570.0800171,ADM3,234,234,BOL,BOL-ADM3-33444609B21491486,Filadelfia,ADM3
235,2.60E-05,9.33E-06,0.00012734,53.36000061,0.000142532,6.02E-05,0.000504745,53.36000061,0,0,0,53.36000061,0,0,0,53.36000061,0,0,0,53.36000061,0,0,0,53.36000061,0,0,0,53.36000061,0,0,0,53.36000061,ADM3,235,235,BOL,BOL-ADM3-33444609B19655093,Alto Beni,ADM3
236,1.34E-05,2.67E-06,6.48E-05,78.16000366,8.08E-05,2.35E-05,0.000267299,78.16000366,0,0,0,78.16000366,0,0,0,78.16000366,0,0,0,78.16000366,0,0,0,78.16000366,0,0,0,78.16000366,0,0,0,78.16000366,ADM3,236,236,BOL,BOL-ADM3-33444609B96037932,Caranavi,ADM3
237,0,0,0,10.15000057,0,0,0,10.15000057,0,0,0,10.15000057,0,0,0,10.15000057,0,0,0,10.15000057,0,0,0,10.15000057,0,0,0,10.15000057,0,0,0,10.15000057,ADM3,237,237,BOL,BOL-ADM3-33444609B8469227,Huarina,ADM3
238,0,0,0,35.52000046,0,0,0,35.52000046,0,0,0,35.52000046,0,0,0,35.52000046,0,0,0,35.52000046,0,0,0,35.52000046,0,0,0,35.52000046,0,0,0,35.52000046,ADM3,238,238,BOL,BOL-ADM3-33444609B76614989,Bolivar,ADM3
239,0,0,0,4.440000057,0,0,0,4.440000057,0,0,0,4.440000057,0,0,0,4.440000057,0,0,0,4.440000057,0,0,0,4.440000057,0,0,0,4.440000057,0,0,0,4.440000057,ADM3,239,239,BOL,BOL-ADM3-33444609B43692068,Chua Cocani,ADM3
240,0,0,0,15.22999954,0,0,0,15.22999954,0,0,0,15.22999954,0,0,0,15.22999954,0,0,0,15.22999954,0,0,0,15.22999954,0,0,0,15.22999954,0,0,0,15.22999954,ADM3,240,240,BOL,BOL-ADM3-33444609B78666461,Humanata,ADM3
241,3.13E-07,0,8.76E-05,194.9599915,0,0,0,194.9599915,1.31E-07,0,3.18E-05,194.9599915,3.76E-09,0,1.05E-06,194.9599915,2.35E-10,0,6.60E-08,194.9599915,1.35E-10,0,4.60E-08,194.9599915,0,0,0,194.9599915,5.44E-10,0,1.72E-07,194.9599915,ADM3,241,241,BOL,BOL-ADM3-33444609B92881157,Villa Vaca Guzmán,ADM3
242,0,0,0,40.84999847,0,0,0,40.84999847,0,0,0,40.84999847,0,0,0,40.84999847,0,0,0,40.84999847,0,0,0,40.84999847,0,0,0,40.84999847,0,0,0,40.84999847,ADM3,242,242,BOL,BOL-ADM3-33444609B42689736,Batallas,ADM3
243,2.19E-08,0,1.17E-05,85.94000244,0,0,0,85.94000244,1.35E-08,0,7.22E-06,85.94000244,6.78E-10,0,3.64E-07,85.94000244,5.05E-11,0,2.71E-08,85.94000244,2.40E-11,0,1.29E-08,85.94000244,0,0,0,85.94000244,1.04E-10,0,5.58E-08,85.94000244,ADM3,243,243,BOL,BOL-ADM3-33444609B75760336,Padilla,ADM3
244,3.01E-07,0,5.95E-05,63.65000153,2.60E-06,0,0.000441305,63.65000153,1.20E-07,0,2.84E-05,63.65000153,4.98E-09,0,1.53E-06,63.65000153,3.80E-10,0,1.23E-07,63.65000153,2.17E-10,0,6.78E-08,63.65000153,0,0,0,63.65000153,9.16E-10,0,2.89E-07,63.65000153,ADM3,244,244,BOL,BOL-ADM3-33444609B69980236,Mojocoya,ADM3
245,1.23E-05,0,0.000115124,35.7100029,1.12E-06,0,0.000265799,35.7100029,6.03E-06,0,6.23E-05,35.7100029,3.20E-07,0,4.41E-06,35.7100029,2.68E-08,0,3.91E-07,35.7100029,1.60E-08,0,2.23E-07,35.7100029,0,0,0,35.7100029,6.17E-08,0,8.81E-07,35.7100029,ADM3,245,245,BOL,BOL-ADM3-33444609B51772236,Pucará,ADM3
246,1.42E-06,0,0.000115124,88.61999512,7.47E-07,0,0.000509491,88.61999512,7.49E-07,0,6.23E-05,88.61999512,4.74E-08,0,4.41E-06,88.61999512,4.09E-09,0,3.91E-07,88.61999512,2.34E-09,0,2.23E-07,88.61999512,0,0,0,88.61999512,9.17E-09,0,8.81E-07,88.61999512,ADM3,246,246,BOL,BOL-ADM3-33444609B69127220,Villa Serrano,ADM3
247,4.87E-07,0,6.00E-05,402.6300049,0,0,0,402.6300049,2.15E-07,0,2.43E-05,402.6300049,6.18E-09,0,8.77E-07,402.6300049,3.79E-10,0,5.69E-08,402.6300049,2.55E-10,0,3.67E-08,402.6300049,0,0,0,402.6300049,9.32E-10,0,1.38E-07,402.6300049,ADM3,247,247,BOL,BOL-ADM3-33444609B12353677,Macharetí,ADM3
248,1.46E-05,0,3.20E-05,83.61999512,0,0,0,83.61999512,6.17E-06,0,1.61E-05,83.61999512,1.75E-07,0,6.67E-07,83.61999512,1.09E-08,0,4.61E-08,83.61999512,7.01E-09,0,2.73E-08,83.61999512,0,0,0,83.61999512,2.62E-08,0,1.06E-07,83.61999512,ADM3,248,248,BOL,BOL-ADM3-33444609B47604355,Boyuibe,ADM3
249,7.80E-06,0,2.53E-05,46.04999924,0,0,0,46.04999924,3.49E-06,0,1.28E-05,46.04999924,9.58E-08,0,5.38E-07,46.04999924,5.92E-09,0,3.75E-08,46.04999924,3.69E-09,0,2.59E-08,46.04999924,0,0,0,46.04999924,1.42E-08,0,9.38E-08,46.04999924,ADM3,249,249,BOL,BOL-ADM3-33444609B96934473,Cuevo,ADM3
250,7.29E-06,2.52E-06,2.74E-05,52.37999725,0,0,0,52.37999725,2.80E-06,9.11E-07,8.13E-06,52.37999725,6.40E-08,1.45E-08,1.87E-07,52.37999725,3.79E-09,7.60E-10,1.15E-08,52.37999725,2.17E-09,4.16E-10,7.48E-09,52.37999725,0,0,0,52.37999725,8.73E-09,1.73E-09,2.78E-08,52.37999725,ADM3,250,250,BOL,BOL-ADM3-33444609B99493244,Camiri,ADM3
251,2.56E-05,0,0.00028353,353.789978,0.000169148,0,0.001347342,353.789978,2.39E-05,0,0.000256814,353.789978,1.69E-06,0,2.48E-05,353.789978,1.41E-07,0,2.28E-06,353.789978,1.44E-07,0,2.38E-06,353.789978,0,0,0,353.789978,3.89E-07,0,6.28E-06,353.789978,ADM3,251,251,BOL,BOL-ADM3-33444609B83608870,Cocapata,ADM3
252,4.08E-06,0,4.27E-05,164.6800079,6.23E-08,0,0.000265799,164.6800079,2.27E-06,0,2.10E-05,164.6800079,8.72E-08,0,1.51E-06,164.6800079,6.08E-09,0,1.26E-07,164.6800079,3.30E-09,0,5.91E-08,164.6800079,0,0,0,164.6800079,1.35E-08,0,2.58E-07,164.6800079,ADM3,252,252,BOL,BOL-ADM3-33444609B53201147,Vallegrande,ADM3
253,3.91E-06,0,7.85E-06,146.8600006,0,0,0,146.8600006,1.57E-06,0,4.74E-06,146.8600006,3.26E-08,0,1.87E-07,146.8600006,1.87E-09,0,1.25E-08,146.8600006,1.10E-09,0,8.38E-09,146.8600006,0,0,0,146.8600006,4.32E-09,0,2.92E-08,146.8600006,ADM3,253,253,BOL,BOL-ADM3-33444609B32904525,Gutiérrez,ADM3
254,3.38E-08,0,5.52E-06,87.43999481,3.83E-07,0,6.26E-05,87.43999481,7.69E-09,0,1.38E-06,87.43999481,8.87E-11,0,1.90E-08,87.43999481,4.04E-12,0,9.29E-10,87.43999481,2.89E-12,0,6.58E-10,87.43999481,0,0,0,87.43999481,1.22E-11,0,2.75E-09,87.43999481,ADM3,254,254,BOL,BOL-ADM3-33444609B61390228,Sucre,ADM3
255,1.29E-07,0,1.26E-05,69.41999817,1.39E-06,0,0.000120886,69.41999817,3.68E-08,0,4.07E-06,69.41999817,5.52E-10,0,9.22E-08,69.41999817,2.83E-11,0,5.60E-09,69.41999817,1.82E-11,0,3.73E-09,69.41999817,0,0,0,69.41999817,7.69E-11,0,1.50E-08,69.41999817,ADM3,255,255,BOL,BOL-ADM3-33444609B90222474,Presto,ADM3
256,2.27E-06,0,8.39E-06,57.98999786,0,0,0,57.98999786,1.27E-06,0,5.47E-06,57.98999786,3.66E-08,0,2.06E-07,57.98999786,2.24E-09,0,1.43E-08,57.98999786,1.25E-09,0,7.31E-09,57.98999786,0,0,0,57.98999786,5.09E-09,0,3.07E-08,57.98999786,ADM3,256,256,BOL,BOL-ADM3-33444609B25796587,Postrervalle,ADM3
257,6.81E-07,0,1.74E-06,21.13999939,0,0,0,21.13999939,3.51E-07,0,9.56E-07,21.13999939,4.63E-09,0,1.79E-08,21.13999939,1.95E-10,0,8.72E-10,21.13999939,1.37E-10,0,6.24E-10,21.13999939,0,0,0,21.13999939,5.62E-10,0,2.69E-09,21.13999939,ADM3,257,257,BOL,BOL-ADM3-33444609B52561385,Trigal,ADM3
258,6.53E-07,1.76E-07,2.13E-06,15.42999935,0,0,0,15.42999935,3.76E-07,8.65E-08,1.76E-06,15.42999935,6.07E-09,7.67E-10,5.32E-08,15.42999935,2.74E-10,2.87E-11,2.74E-09,15.42999935,1.95E-10,2.01E-11,2.00E-09,15.42999935,0,0,0,15.42999935,8.10E-10,8.03E-11,7.45E-09,15.42999935,ADM3,258,258,BOL,BOL-ADM3-33444609B67865308,Quirusillas,ADM3
259,4.97E-06,4.18E-07,2.75E-05,252.769989,0,0,0,252.769989,3.44E-06,1.26E-07,3.77E-05,252.769989,1.42E-07,8.82E-10,2.56E-06,252.769989,9.55E-09,3.50E-11,1.67E-07,252.769989,7.08E-09,2.47E-11,1.28E-07,252.769989,0,0,0,252.769989,2.53E-08,8.37E-11,4.68E-07,252.769989,ADM3,259,259,BOL,BOL-ADM3-33444609B3158247,Cabezas,ADM3
260,6.77E-06,1.06E-06,2.44E-05,31.92000008,0,0,0,31.92000008,4.68E-06,2.73E-07,3.61E-05,31.92000008,1.45E-07,2.11E-09,2.41E-06,31.92000008,8.12E-09,8.72E-11,1.59E-07,31.92000008,6.14E-09,6.38E-11,1.28E-07,31.92000008,0,0,0,31.92000008,2.22E-08,2.18E-10,4.25E-07,31.92000008,ADM3,260,260,BOL,BOL-ADM3-33444609B36360155,Cotoca,ADM3
261,0.001039155,5.59E-06,0.023055557,483.2099915,0.000120989,0,0.014820534,483.2099915,0.001961428,3.04E-06,0.081447244,483.2099915,0.000925373,5.41E-08,0.077446461,483.2099915,0.000134758,2.70E-09,0.013311959,483.2099915,0.000127553,2.08E-09,0.012443392,483.2099915,0,0,0,483.2099915,0.00039273,7.43E-09,0.037888572,483.2099915,ADM3,261,261,BOL,BOL-ADM3-33444609B82294182,Yapacaní,ADM3
262,2.03E-05,2.23E-06,6.92E-05,223.0500183,0,0,0,223.0500183,1.93E-05,1.50E-06,6.62E-05,223.0500183,8.83E-07,2.44E-08,4.68E-06,223.0500183,4.96E-08,6.71E-10,3.18E-07,223.0500183,4.07E-08,4.72E-10,2.63E-07,223.0500183,0,0,0,223.0500183,1.39E-07,2.22E-09,8.98E-07,223.0500183,ADM3,262,262,BOL,BOL-ADM3-33444609B81436946,Cuatro Cañadas,ADM3
263,1.52E-05,4.20E-06,4.00E-05,26.64999771,0,0,0,26.64999771,1.12E-05,3.03E-06,3.48E-05,26.64999771,3.76E-07,6.83E-08,1.68E-06,26.64999771,1.69E-08,1.96E-09,8.59E-08,26.64999771,1.41E-08,1.85E-09,7.39E-08,26.64999771,0,0,0,26.64999771,4.98E-08,6.01E-09,2.52E-07,26.64999771,ADM3,263,263,BOL,BOL-ADM3-33444609B34841445,San Ramón,ADM3
264,2.17E-05,5.66E-06,9.81E-05,114.2699966,0,0,0,114.2699966,1.85E-05,3.49E-06,8.91E-05,114.2699966,7.85E-07,7.19E-08,5.28E-06,114.2699966,3.42E-08,2.27E-09,2.74E-07,114.2699966,3.02E-08,1.92E-09,2.44E-07,114.2699966,0,0,0,114.2699966,1.06E-07,7.14E-09,8.50E-07,114.2699966,ADM3,264,264,BOL,BOL-ADM3-33444609B57224915,San Javier,ADM3
265,2.00E-05,3.33E-06,0.000121761,476.690033,0,0,0,476.690033,1.18E-05,1.72E-06,0.000109676,476.690033,3.77E-07,2.48E-08,7.04E-06,476.690033,1.64E-08,7.73E-10,3.81E-07,476.690033,1.35E-08,5.86E-10,3.32E-07,476.690033,0,0,0,476.690033,4.87E-08,2.08E-09,1.15E-06,476.690033,ADM3,265,265,BOL,BOL-ADM3-33444609B78704867,San Miguel,ADM3
266,0.000921884,0,0.008946904,557.1099854,0.00404441,0,0.033963971,557.1099854,0.001357307,0,0.018653428,557.1099854,0.00031779,0,0.007433389,557.1099854,3.48E-05,0,0.000984968,557.1099854,3.27E-05,0,0.000883987,557.1099854,0,0,0,557.1099854,0.000101931,0,0.002787551,557.1099854,ADM3,266,266,BOL,BOL-ADM3-33444609B25395901,Villa Tunari,ADM3
267,0.001531817,7.73E-05,0.004925123,145.7600098,0.006584847,0,0.021623541,145.7600098,0.002105563,6.62E-05,0.010001435,145.7600098,0.000420169,3.45E-06,0.00320164,145.7600098,4.34E-05,2.16E-07,0.000375924,145.7600098,4.07E-05,2.04E-07,0.000355632,145.7600098,0,0,0,145.7600098,0.000125916,5.88E-07,0.001101198,145.7600098,ADM3,267,267,BOL,BOL-ADM3-33444609B24552917,Chimoré,ADM3
268,3.16E-05,0,0.000273325,100.4400024,0.000249213,0,0.00159122,100.4400024,3.57E-05,0,0.000276154,100.4400024,3.90E-06,0,3.67E-05,100.4400024,3.33E-07,0,3.41E-06,100.4400024,2.18E-07,0,2.29E-06,100.4400024,0,0,0,100.4400024,7.70E-07,0,7.86E-06,100.4400024,ADM3,268,268,BOL,BOL-ADM3-33444609B18430420,Tiraque,ADM3
269,0.000181509,5.93E-05,0.000452816,38.56999969,0.001154497,0.000494389,0.003010195,38.56999969,0.000146643,4.79E-05,0.000674621,38.56999969,9.38E-06,1.85E-06,8.41E-05,38.56999969,6.81E-07,1.11E-07,7.27E-06,38.56999969,5.94E-07,1.26E-07,6.44E-06,38.56999969,0,0,0,38.56999969,1.82E-06,3.09E-07,2.01E-05,38.56999969,ADM3,269,269,BOL,BOL-ADM3-33444609B95602913,Shinahota,ADM3
270,1.36E-05,5.36E-06,4.44E-05,13.18000031,0,0,0,13.18000031,8.33E-06,3.51E-06,2.91E-05,13.18000031,2.96E-07,6.47E-08,1.62E-06,13.18000031,2.31E-08,2.90E-09,1.62E-07,13.18000031,1.48E-08,2.30E-09,9.37E-08,13.18000031,0,0,0,13.18000031,6.11E-08,8.05E-09,4.24E-07,13.18000031,ADM3,270,270,BOL,BOL-ADM3-33444609B71154134,Montero,ADM3
271,0.00024206,9.81E-06,0.00206191,451.519989,4.23E-05,0,0.010931641,451.519989,0.000411063,8.88E-06,0.005578197,451.519989,8.35E-05,3.34E-07,0.002487136,451.519989,7.88E-06,1.22E-08,0.000255747,451.519989,8.09E-06,1.29E-08,0.000244894,451.519989,0,0,0,451.519989,2.27E-05,3.63E-08,0.000822824,451.519989,ADM3,271,271,BOL,BOL-ADM3-33444609B46709169,Ascención de Guarayos,ADM3
272,0.000961039,3.45E-05,0.056071032,491.3200073,0.004560542,0,0.142880365,491.3200073,0.002327241,4.27E-05,0.135782689,491.3200073,0.001473441,3.17E-06,0.126374111,491.3200073,0.000249131,1.66E-07,0.02871553,491.3200073,0.000232118,1.60E-07,0.026326399,491.3200073,0,0,0,491.3200073,0.00070563,4.89E-07,0.075965792,491.3200073,ADM3,272,272,BOL,BOL-ADM3-33444609B55665100,San Andrés,ADM3
273,0,0,0,18.52000046,0,0,0,18.52000046,0,0,0,18.52000046,0,0,0,18.52000046,0,0,0,18.52000046,0,0,0,18.52000046,0,0,0,18.52000046,0,0,0,18.52000046,ADM3,273,273,BOL,BOL-ADM3-33444609B36270672,Vacas,ADM3
274,2.13E-07,0,8.44E-07,47.36999893,5.71E-06,0,2.38E-05,47.36999893,2.02E-07,0,9.33E-07,47.36999893,3.39E-09,0,1.92E-08,47.36999893,1.50E-10,0,9.20E-10,47.36999893,1.09E-10,0,6.64E-10,47.36999893,0,0,0,47.36999893,4.27E-10,0,2.66E-09,47.36999893,ADM3,274,274,BOL,BOL-ADM3-33444609B99795676,Pocona,ADM3
275,2.61E-05,2.23E-06,7.86E-05,53.09000397,0,0,0,53.09000397,2.81E-05,1.50E-06,9.00E-05,53.09000397,1.54E-06,2.62E-08,7.43E-06,53.09000397,9.79E-08,1.08E-09,5.08E-07,53.09000397,8.07E-08,8.11E-10,4.43E-07,53.09000397,0,0,0,53.09000397,2.74E-07,2.87E-09,1.42E-06,53.09000397,ADM3,275,275,BOL,BOL-ADM3-33444609B439401,Okinawa Uno,ADM3
276,1.50E-05,3.73E-06,7.86E-05,68.58999634,0,0,0,68.58999634,1.25E-05,1.83E-06,9.55E-05,68.58999634,5.12E-07,2.79E-08,9.15E-06,68.58999634,3.01E-08,1.19E-09,6.19E-07,68.58999634,2.52E-08,9.63E-10,5.42E-07,68.58999634,0,0,0,68.58999634,8.36E-08,3.30E-09,1.76E-06,68.58999634,ADM3,276,276,BOL,BOL-ADM3-33444609B11056664,Warnes,ADM3
277,2.47E-05,5.36E-06,7.35E-05,28.02000046,0,0,0,28.02000046,2.24E-05,3.59E-06,0.000105438,28.02000046,1.04E-06,7.27E-08,9.15E-06,28.02000046,5.99E-08,3.26E-09,6.19E-07,28.02000046,5.15E-08,2.53E-09,5.42E-07,28.02000046,0,0,0,28.02000046,1.70E-07,8.78E-09,1.76E-06,28.02000046,ADM3,277,277,BOL,BOL-ADM3-33444609B54301679,General Saavedra,ADM3
278,1.06E-05,1.56E-06,0.000186602,683.2900391,0,0,0,683.2900391,7.57E-06,6.81E-07,0.000183114,683.2900391,2.85E-07,7.94E-09,1.44E-05,683.2900391,1.59E-08,2.85E-10,9.48E-07,683.2900391,1.24E-08,2.00E-10,7.45E-07,683.2900391,0,0,0,683.2900391,4.53E-08,7.52E-10,2.86E-06,683.2900391,ADM3,278,278,BOL,BOL-ADM3-33444609B10251116,Pailón,ADM3
279,6.48E-05,1.49E-05,0.000131567,39.55000305,0,0,0,39.55000305,7.96E-05,1.57E-05,0.000173086,39.55000305,5.69E-06,5.07E-07,1.74E-05,39.55000305,3.49E-07,2.43E-08,1.22E-06,39.55000305,3.14E-07,1.85E-08,1.09E-06,39.55000305,0,0,0,39.55000305,1.04E-06,7.31E-08,3.57E-06,39.55000305,ADM3,279,279,BOL,BOL-ADM3-33444609B49773042,Fernández Alonso,ADM3
280,4.14E-05,1.23E-05,0.000131567,22.59000015,0,0,0,22.59000015,4.21E-05,1.00E-05,0.000155451,22.59000015,2.37E-06,2.92E-07,1.43E-05,22.59000015,1.41E-07,1.37E-08,9.83E-07,22.59000015,1.23E-07,1.14E-08,8.54E-07,22.59000015,0,0,0,22.59000015,4.09E-07,3.91E-08,2.89E-06,22.59000015,ADM3,280,280,BOL,BOL-ADM3-33444609B82751741,Mineros,ADM3
281,7.71E-07,2.38E-07,6.02E-06,52.33999634,0,0,0,52.33999634,4.00E-07,1.02E-07,5.45E-06,52.33999634,5.76E-09,8.28E-10,2.27E-07,52.33999634,2.50E-10,3.14E-11,1.27E-08,52.33999634,1.70E-10,2.15E-11,8.10E-09,52.33999634,0,0,0,52.33999634,6.53E-10,8.10E-11,2.99E-08,52.33999634,ADM3,281,281,BOL,BOL-ADM3-33444609B58335505,Pampa Grande,ADM3
282,1.31E-06,2.13E-07,4.79E-06,38.80999756,0,0,0,38.80999756,8.19E-07,7.76E-08,4.14E-06,38.80999756,1.95E-08,6.02E-10,2.17E-07,38.80999756,9.97E-10,2.35E-11,1.44E-08,38.80999756,6.40E-10,1.64E-11,7.46E-09,38.80999756,0,0,0,38.80999756,2.42E-09,5.74E-11,3.06E-08,38.80999756,ADM3,282,282,BOL,BOL-ADM3-33444609B78053551,Mairana,ADM3
283,0.00027854,5.21E-05,0.001199145,101.090004,0.001474977,0,0.005821089,101.090004,0.000246584,3.29E-05,0.001321785,101.090004,2.07E-05,1.10E-06,0.000169614,101.090004,1.59E-06,7.47E-08,1.49E-05,101.090004,1.49E-06,6.42E-08,1.34E-05,101.090004,0,0,0,101.090004,4.49E-06,1.86E-07,4.29E-05,101.090004,ADM3,283,283,BOL,BOL-ADM3-33444609B66013257,Puerto Villarroel,ADM3
284,1.44E-05,4.69E-06,2.99E-05,15.45000076,0,0,0,15.45000076,1.14E-05,3.17E-06,2.48E-05,15.45000076,4.10E-07,6.31E-08,1.20E-06,15.45000076,2.33E-08,2.96E-09,7.55E-08,15.45000076,1.89E-08,2.25E-09,6.14E-08,15.45000076,0,0,0,15.45000076,6.49E-08,7.72E-09,2.13E-07,15.45000076,ADM3,284,284,BOL,BOL-ADM3-33444609B84075203,Colpa Bélgica,ADM3
285,7.38E-05,0,0.000747588,673.2099609,0,0,0,673.2099609,4.85E-05,0,0.0006123,673.2099609,2.74E-06,0,5.58E-05,673.2099609,1.89E-07,0,1.39E-05,673.2099609,1.90E-07,0,2.14E-05,673.2099609,2.97E-08,0,1.64E-05,673.2099609,1.36E-06,0,0.000379394,673.2099609,ADM3,285,285,BOL,BOL-ADM3-33444609B58337466,Puerto Suarez,ADM3
286,3.52E-05,6.28E-06,0.000495083,532.6799927,0,0,0,532.6799927,1.99E-05,2.62E-06,0.000370556,532.6799927,8.13E-07,4.20E-08,3.14E-05,532.6799927,4.23E-08,1.39E-09,2.21E-06,532.6799927,3.43E-08,1.11E-09,1.96E-06,532.6799927,0,0,0,532.6799927,1.32E-07,4.05E-09,6.82E-06,532.6799927,ADM3,286,286,BOL,BOL-ADM3-33444609B52930702,El Carmen Rivero Tórrez,ADM3
287,2.23E-05,4.51E-06,0.000214855,359.8699951,0,0,0,359.8699951,1.15E-05,2.12E-06,0.000165136,359.8699951,3.45E-07,3.00E-08,1.10E-05,359.8699951,1.59E-08,9.54E-10,7.58E-07,359.8699951,1.22E-08,7.36E-10,5.35E-07,359.8699951,0,0,0,359.8699951,4.73E-08,2.77E-09,2.16E-06,359.8699951,ADM3,287,287,BOL,BOL-ADM3-33444609B32568642,Roboré,ADM3
288,0.000208571,0,0.003386339,1338.22998,0,0,0,1338.22998,0.00018372,0,0.003602346,1338.22998,1.88E-05,0,0.000908571,1338.22998,1.70E-06,0,0.000228809,1338.22998,1.45E-06,0,0.000304094,1338.22998,7.53E-08,0,0.000184088,1338.22998,5.47E-06,0,0.001733948,1338.22998,ADM3,288,288,BOL,BOL-ADM3-33444609B83253902,San Matías,ADM3
289,9.06E-06,0,7.87E-05,3527.799805,0,0,0,3527.799805,4.50E-06,0,5.04E-05,3527.799805,1.11E-07,0,2.56E-06,3527.799805,5.68E-09,0,1.67E-07,3527.799805,4.28E-09,0,1.28E-07,3527.799805,0,0,0,3527.799805,1.54E-08,0,4.68E-07,3527.799805,ADM3,289,289,BOL,BOL-ADM3-33444609B85273692,Charagua,ADM3
290,3.65E-05,2.53E-06,0.000244984,945.8199463,0,0,0,945.8199463,2.19E-05,1.07E-06,0.000191572,945.8199463,8.50E-07,1.30E-08,1.29E-05,945.8199463,4.24E-08,4.63E-10,8.31E-07,945.8199463,3.22E-08,3.32E-10,7.15E-07,945.8199463,0,0,0,945.8199463,1.29E-07,1.20E-09,2.47E-06,945.8199463,ADM3,290,290,BOL,BOL-ADM3-33444609B21156081,San José,ADM3
291,5.23E-05,7.51E-06,0.000145981,480.3699951,0,0,0,480.3699951,3.43E-05,3.51E-06,0.000121902,480.3699951,1.43E-06,5.32E-08,8.91E-06,480.3699951,6.78E-08,1.65E-09,5.10E-07,480.3699951,4.97E-08,1.17E-09,3.85E-07,480.3699951,0,0,0,480.3699951,2.12E-07,5.30E-09,1.70E-06,480.3699951,ADM3,291,291,BOL,BOL-ADM3-33444609B61104849,San Rafael,ADM3
292,1.76E-06,0,6.16E-05,76.27999878,1.74E-05,0,0.000350891,76.27999878,9.62E-07,0,3.08E-05,76.27999878,2.84E-08,0,1.17E-06,76.27999878,1.93E-09,0,8.56E-08,76.27999878,1.79E-09,0,7.81E-08,76.27999878,0,0,0,76.27999878,6.22E-09,0,2.76E-07,76.27999878,ADM3,292,292,BOL,BOL-ADM3-33444609B74694029,Ayopaya,ADM3
293,0.000204822,0,0.023813076,2409.27002,0,0,0,2409.27002,0.00032862,0,0.051734902,2409.27002,8.58E-05,0,0.038953658,2409.27002,1.22E-05,0,0.00924363,2409.27002,9.02E-06,0,0.007537751,2409.27002,0,0,0,2409.27002,3.20E-05,0,0.023855072,2409.27002,ADM3,293,293,BOL,BOL-ADM3-33444609B38230040,San Ignacio,ADM3
294,0.000304148,0,0.020724056,802.1900024,0,0,0,802.1900024,0.00075697,0,0.063250691,802.1900024,0.000387812,0,0.057745367,802.1900024,5.84E-05,0,0.01181968,802.1900024,5.64E-05,0,0.010503774,802.1900024,0,0,0,802.1900024,0.000165828,0,0.032564092,802.1900024,ADM3,294,294,BOL,BOL-ADM3-33444609B93004293,Urubicha,ADM3
295,6.68E-06,0,0.002887211,862.7900391,2.58E-06,0,0.006492779,862.7900391,1.38E-05,0,0.00946914,862.7900391,5.14E-06,0,0.005365489,862.7900391,1.31E-06,0,0.001530841,862.7900391,5.88E-07,0,0.0006801,862.7900391,6.06E-07,0,0.001463999,862.7900391,1.76E-06,0,0.002258509,862.7900391,ADM3,295,295,BOL,BOL-ADM3-33444609B21187437,Baures,ADM3
296,0.000451916,9.30E-05,0.00331317,96.04000092,0.002287289,0,0.009431926,96.04000092,0.000579178,6.49E-05,0.002761617,96.04000092,8.13E-05,3.15E-06,0.000628958,96.04000092,7.06E-06,1.97E-07,6.30E-05,96.04000092,7.18E-06,2.00E-07,6.98E-05,96.04000092,0,0,0,96.04000092,2.10E-05,6.06E-07,0.000192382,96.04000092,ADM3,296,296,BOL,BOL-ADM3-33444609B59063344,Trinidad,ADM3
297,1.76E-05,2.99E-06,7.07E-05,120.2399979,0,0,0,120.2399979,1.00E-05,1.64E-06,4.56E-05,120.2399979,2.71E-07,2.55E-08,1.99E-06,120.2399979,1.14E-08,6.65E-10,1.09E-07,120.2399979,9.24E-09,5.35E-10,9.34E-08,120.2399979,0,0,0,120.2399979,3.31E-08,2.02E-09,3.08E-07,120.2399979,ADM3,297,297,BOL,BOL-ADM3-33444609B54102559,San Antonio de Lomerio,ADM3
298,2.18E-05,0,0.000160559,121.9000015,0.000211572,0,0.001303026,121.9000015,2.83E-05,0,0.000229628,121.9000015,3.67E-06,0,3.79E-05,121.9000015,3.26E-07,0,3.81E-06,121.9000015,1.78E-07,0,1.87E-06,121.9000015,0,0,0,121.9000015,7.01E-07,0,7.85E-06,121.9000015,ADM3,298,298,BOL,BOL-ADM3-33444609B66575543,Pojo,ADM3
299,7.79E-05,7.73E-06,0.000552188,112.5899963,0.000557359,0,0.003095108,112.5899963,6.65E-05,9.56E-06,0.00051971,112.5899963,5.17E-06,2.35E-07,4.46E-05,112.5899963,4.04E-07,1.32E-08,3.81E-06,112.5899963,2.72E-07,1.08E-08,3.05E-06,112.5899963,0,0,0,112.5899963,9.54E-07,3.48E-08,9.46E-06,112.5899963,ADM3,299,299,BOL,BOL-ADM3-33444609B6351519,Entre Ríos,ADM3
300,2.38E-08,0,1.73E-06,74.69000244,3.34E-07,0,2.68E-05,74.69000244,6.34E-09,0,5.64E-07,74.69000244,6.40E-11,0,6.00E-09,74.69000244,2.78E-12,0,2.48E-10,74.69000244,1.96E-12,0,1.73E-10,74.69000244,0,0,0,74.69000244,7.39E-12,0,6.98E-10,74.69000244,ADM3,300,300,BOL,BOL-ADM3-33444609B40832379,Poroma,ADM3
301,8.76E-08,0,3.23E-06,27.04999924,1.79E-06,0,4.07E-05,27.04999924,6.00E-08,0,1.86E-06,27.04999924,7.22E-10,0,3.09E-08,27.04999924,2.97E-11,0,1.57E-09,27.04999924,2.50E-11,0,1.53E-09,27.04999924,0,0,0,27.04999924,8.83E-11,0,4.58E-09,27.04999924,ADM3,301,301,BOL,BOL-ADM3-33444609B77419578,Colomi,ADM3
302,1.71E-08,0,2.62E-07,22.00999832,5.53E-07,0,8.09E-06,22.00999832,1.51E-08,0,2.39E-07,22.00999832,2.16E-10,0,3.84E-09,22.00999832,9.91E-12,0,1.80E-10,22.00999832,7.02E-12,0,1.30E-10,22.00999832,0,0,0,22.00999832,2.70E-11,0,4.78E-10,22.00999832,ADM3,302,302,BOL,BOL-ADM3-33444609B47454413,Alalay,ADM3
303,6.18E-07,0,2.42E-06,31.20000076,1.32E-05,0,3.25E-05,31.20000076,3.21E-07,0,8.69E-07,31.20000076,3.89E-09,0,1.17E-08,31.20000076,1.68E-10,0,6.77E-10,31.20000076,1.16E-10,0,4.45E-10,31.20000076,0,0,0,31.20000076,5.09E-10,0,1.88E-09,31.20000076,ADM3,303,303,BOL,BOL-ADM3-33444609B95117685,Vila Vila,ADM3
304,0.000160566,4.74E-11,0.001445566,1799.25,0.000622695,2.11E-09,0.004954604,1799.25,1.52E-06,0,0.000480899,1799.25,1.69E-07,0,7.77E-05,1799.25,1.54E-08,0,7.81E-06,1799.25,1.44E-08,0,7.99E-06,1799.25,5.09E-13,0,9.26E-10,1799.25,4.11E-08,0,2.03E-05,1799.25,ADM3,304,304,BOL,BOL-ADM3-33444609B5346742,Ixiamas,ADM3
305,1.15E-05,0,0.000533485,38.86000061,5.10E-05,0,0.001589817,38.86000061,0,0,0,38.86000061,0,0,0,38.86000061,0,0,0,38.86000061,0,0,0,38.86000061,0,0,0,38.86000061,0,0,0,38.86000061,ADM3,305,305,BOL,BOL-ADM3-33444609B73132405,Ayata,ADM3
306,0,0,0,390.1899719,0,0,0,390.1899719,0,0,0,390.1899719,0,0,0,390.1899719,0,0,0,390.1899719,0,0,0,390.1899719,0,0,0,390.1899719,0,0,0,390.1899719,ADM3,306,306,BOL,BOL-ADM3-33444609B71435776,Uyuni,ADM3
307,0,0,0,5.949999809,0,0,0,5.949999809,0,0,0,5.949999809,0,0,0,5.949999809,0,0,0,5.949999809,0,0,0,5.949999809,0,0,0,5.949999809,0,0,0,5.949999809,ADM3,307,307,BOL,BOL-ADM3-33444609B66511934,Waldo Ballivian,ADM3
308,0,0,0,144.2200012,0,0,0,144.2200012,0,0,0,144.2200012,0,0,0,144.2200012,0,0,0,144.2200012,0,0,0,144.2200012,0,0,0,144.2200012,0,0,0,144.2200012,ADM3,308,308,BOL,BOL-ADM3-33444609B68137279,Curahuara de Carangas,ADM3
309,0,0,0,46.15000153,0,0,0,46.15000153,0,0,0,46.15000153,0,0,0,46.15000153,0,0,0,46.15000153,0,0,0,46.15000153,0,0,0,46.15000153,0,0,0,46.15000153,ADM3,309,309,BOL,BOL-ADM3-33444609B36186520,Choquecota,ADM3
310,0,0,0,68.40000153,0,0,0,68.40000153,0,0,0,68.40000153,0,0,0,68.40000153,0,0,0,68.40000153,0,0,0,68.40000153,0,0,0,68.40000153,0,0,0,68.40000153,ADM3,310,310,BOL,BOL-ADM3-33444609B87640342,Escara,ADM3
311,0,0,0,12.06000042,0,0,0,12.06000042,0,0,0,12.06000042,0,0,0,12.06000042,0,0,0,12.06000042,0,0,0,12.06000042,0,0,0,12.06000042,0,0,0,12.06000042,ADM3,311,311,BOL,BOL-ADM3-33444609B79549253,Coipasa,ADM3
312,0,0,0,18.98999977,0,0,0,18.98999977,0,0,0,18.98999977,0,0,0,18.98999977,0,0,0,18.98999977,0,0,0,18.98999977,0,0,0,18.98999977,0,0,0,18.98999977,ADM3,312,312,BOL,BOL-ADM3-33444609B48403080,Chipaya,ADM3
313,0,0,0,33.19999695,0,0,0,33.19999695,0,0,0,33.19999695,0,0,0,33.19999695,0,0,0,33.19999695,0,0,0,33.19999695,0,0,0,33.19999695,0,0,0,33.19999695,ADM3,313,313,BOL,BOL-ADM3-33444609B66088023,Chayanta,ADM3
314,0,0,0,285.0800171,0,0,0,285.0800171,0,0,0,285.0800171,0,0,0,285.0800171,0,0,0,285.0800171,0,0,0,285.0800171,0,0,0,285.0800171,0,0,0,285.0800171,ADM3,314,314,BOL,BOL-ADM3-33444609B60563542,Salinas de Garcí Mendoza,ADM3
315,1.93E-08,0,5.75E-06,316.4199829,0,0,0,316.4199829,9.70E-09,0,3.03E-06,316.4199829,1.56E-10,0,4.83E-08,316.4199829,5.35E-12,0,1.55E-09,316.4199829,4.38E-12,0,1.33E-09,316.4199829,0,0,0,316.4199829,1.90E-11,0,5.76E-09,316.4199829,ADM3,315,315,BOL,BOL-ADM3-33444609B90206942,Tupiza,ADM3
316,0,0,0,119.8799973,0,0,0,119.8799973,0,0,0,119.8799973,0,0,0,119.8799973,0,0,0,119.8799973,0,0,0,119.8799973,0,0,0,119.8799973,0,0,0,119.8799973,ADM3,316,316,BOL,BOL-ADM3-33444609B106993,Atocha,ADM3
317,0,0,0,215.0400085,0,0,0,215.0400085,0,0,0,215.0400085,0,0,0,215.0400085,0,0,0,215.0400085,0,0,0,215.0400085,0,0,0,215.0400085,0,0,0,215.0400085,ADM3,317,317,BOL,BOL-ADM3-33444609B51545061,San Pedro de Quemes,ADM3
318,4.95E-05,7.45E-06,0.000269505,253.8300018,0,0,0,253.8300018,6.04E-05,7.42E-06,0.000327931,253.8300018,4.16E-06,2.07E-07,3.88E-05,253.8300018,2.55E-07,7.95E-09,2.73E-06,253.8300018,2.21E-07,6.11E-09,2.42E-06,253.8300018,0,0,0,253.8300018,7.44E-07,2.49E-08,8.11E-06,253.8300018,ADM3,318,318,BOL,BOL-ADM3-33444609B42696709,San Julián,ADM3
319,0.000542286,9.26E-06,0.030028924,395.4400024,0.000182295,0,0.064835221,395.4400024,0.00141681,7.96E-06,0.109761402,395.4400024,0.00097978,2.59E-07,0.117356084,395.4400024,0.00017489,9.17E-09,0.024110254,395.4400024,0.000160173,9.17E-09,0.021804824,395.4400024,0,0,0,395.4400024,0.000487572,2.78E-08,0.065374531,395.4400024,ADM3,319,319,BOL,BOL-ADM3-33444609B68632045,El Puente,ADM3
320,5.70E-06,0,9.30E-05,167.6300049,2.05E-06,0,0.000743018,167.6300049,5.32E-06,0,8.62E-05,167.6300049,3.58E-07,0,7.96E-06,167.6300049,2.61E-08,0,6.31E-07,167.6300049,1.52E-08,0,3.67E-07,167.6300049,0,0,0,167.6300049,5.79E-08,0,1.40E-06,167.6300049,ADM3,320,320,BOL,BOL-ADM3-33444609B10638383,Comarapa,ADM3
321,0.000533505,0,0.00266808,21.39999771,0,0,0,21.39999771,0.000514489,0,0.002080953,21.39999771,5.56E-05,0,0.000289816,21.39999771,4.34E-06,0,2.47E-05,21.39999771,3.98E-06,0,2.30E-05,21.39999771,0,0,0,21.39999771,1.28E-05,0,7.36E-05,21.39999771,ADM3,321,321,BOL,BOL-ADM3-33444609B8717747,Bermejo,ADM3
322,0,0,0,36.15999985,0,0,0,36.15999985,0,0,0,36.15999985,0,0,0,36.15999985,0,0,0,36.15999985,0,0,0,36.15999985,0,0,0,36.15999985,0,0,0,36.15999985,ADM3,322,322,BOL,BOL-ADM3-33444609B53463626,Villa Charcas,ADM3
323,0,0,0,19.24000168,0,0,0,19.24000168,0,0,0,19.24000168,0,0,0,19.24000168,0,0,0,19.24000168,0,0,0,19.24000168,0,0,0,19.24000168,0,0,0,19.24000168,ADM3,323,323,BOL,BOL-ADM3-33444609B82635532,Puerto Acosta,ADM3
324,0,0,0,6.759998798,0,0,0,6.759998798,0,0,0,6.759998798,0,0,0,6.759998798,0,0,0,6.759998798,0,0,0,6.759998798,0,0,0,6.759998798,0,0,0,6.759998798,ADM3,324,324,BOL,BOL-ADM3-33444609B17656422,Escoma,ADM3
325,0,0,0,143.8600006,0,0,0,143.8600006,0,0,0,143.8600006,0,0,0,143.8600006,0,0,0,143.8600006,0,0,0,143.8600006,0,0,0,143.8600006,0,0,0,143.8600006,ADM3,325,325,BOL,BOL-ADM3-33444609B71044330,Charaña,ADM3
326,0,0,0,39.09999847,0,0,0,39.09999847,0,0,0,39.09999847,0,0,0,39.09999847,0,0,0,39.09999847,0,0,0,39.09999847,0,0,0,39.09999847,0,0,0,39.09999847,ADM3,326,326,BOL,BOL-ADM3-33444609B93991773,Achacachi,ADM3
327,0,0,0,6.490000248,0,0,0,6.490000248,0,0,0,6.490000248,0,0,0,6.490000248,0,0,0,6.490000248,0,0,0,6.490000248,0,0,0,6.490000248,0,0,0,6.490000248,ADM3,327,327,BOL,BOL-ADM3-33444609B13753118,Taraco,ADM3
328,0,0,0,77.74000549,0,0,0,77.74000549,0,0,0,77.74000549,0,0,0,77.74000549,0,0,0,77.74000549,0,0,0,77.74000549,0,0,0,77.74000549,0,0,0,77.74000549,ADM3,328,328,BOL,BOL-ADM3-33444609B75690871,La (Marka) San Andrés de Mach,ADM3
329,0,0,0,46.5,0,0,0,46.5,0,0,0,46.5,0,0,0,46.5,0,0,0,46.5,0,0,0,46.5,0,0,0,46.5,0,0,0,46.5,ADM3,329,329,BOL,BOL-ADM3-33444609B31051948,Tacobamba,ADM3
330,0,0,0,133.8800049,0,0,0,133.8800049,0,0,0,133.8800049,0,0,0,133.8800049,0,0,0,133.8800049,0,0,0,133.8800049,0,0,0,133.8800049,0,0,0,133.8800049,ADM3,330,330,BOL,BOL-ADM3-33444609B24985970,Challapata,ADM3
331,0,0,0,36.06999969,0,0,0,36.06999969,0,0,0,36.06999969,0,0,0,36.06999969,0,0,0,36.06999969,0,0,0,36.06999969,0,0,0,36.06999969,0,0,0,36.06999969,ADM3,331,331,BOL,BOL-ADM3-33444609B93024851,Uncía,ADM3
332,0,0,0,69.84999847,0,0,0,69.84999847,0,0,0,69.84999847,0,0,0,69.84999847,0,0,0,69.84999847,0,0,0,69.84999847,0,0,0,69.84999847,0,0,0,69.84999847,ADM3,332,332,BOL,BOL-ADM3-33444609B54083051,Ravelo,ADM3
333,3.82E-07,0,2.97E-06,95.88000488,8.73E-06,0,3.00E-05,95.88000488,2.17E-07,0,9.33E-07,95.88000488,2.95E-09,0,1.92E-08,95.88000488,1.32E-10,0,9.20E-10,95.88000488,9.04E-11,0,6.64E-10,95.88000488,0,0,0,95.88000488,3.79E-10,0,2.66E-09,95.88000488,ADM3,333,333,BOL,BOL-ADM3-33444609B27870252,Mizque,ADM3
334,5.19E-06,0,8.93E-05,120.9300003,4.78E-05,0,0.000509491,120.9300003,2.34E-06,0,5.29E-05,120.9300003,9.36E-08,0,3.66E-06,120.9300003,7.22E-09,0,3.24E-07,120.9300003,4.30E-09,0,1.97E-07,120.9300003,0,0,0,120.9300003,1.69E-08,0,7.68E-07,120.9300003,ADM3,334,334,BOL,BOL-ADM3-33444609B5020991,Pasorapa,ADM3
335,0,0,0,330.3200073,0,0,0,330.3200073,0,0,0,330.3200073,0,0,0,330.3200073,0,0,0,330.3200073,0,0,0,330.3200073,0,0,0,330.3200073,0,0,0,330.3200073,ADM3,335,335,BOL,BOL-ADM3-33444609B93401902,Cotagaita,ADM3
336,0,0,0,107.2900009,0,0,0,107.2900009,0,0,0,107.2900009,0,0,0,107.2900009,0,0,0,107.2900009,0,0,0,107.2900009,0,0,0,107.2900009,0,0,0,107.2900009,ADM3,336,336,BOL,BOL-ADM3-33444609B61161865,Camargo,ADM3
337,6.93E-09,0,4.09E-06,129.8500061,0,0,0,129.8500061,4.19E-09,0,2.47E-06,129.8500061,7.23E-11,0,4.27E-08,129.8500061,2.52E-12,0,1.49E-09,129.8500061,2.15E-12,0,1.27E-09,129.8500061,0,0,0,129.8500061,8.81E-12,0,5.20E-09,129.8500061,ADM3,337,337,BOL,BOL-ADM3-33444609B2211567,Villazón,ADM3
338,7.50E-05,0,0.000574102,230.2400055,0,0,0,230.2400055,6.48E-05,0,0.000686109,230.2400055,4.94E-06,0,8.23E-05,230.2400055,3.17E-07,0,6.40E-06,230.2400055,2.85E-07,0,5.42E-06,230.2400055,0,0,0,230.2400055,8.78E-07,0,1.76E-05,230.2400055,ADM3,338,338,BOL,BOL-ADM3-33444609B28920794,Padcaya,ADM3