asdf_id,china_osm_v301_commitments_transport.none.sum,china_osm_v301_commitments_transport.none.count,Level,gqid,id,shapeGroup,shapeID,shapeName,shapeType
0,54800.84002616629,511.880004883,ADM3,0,0,BOL,BOL-ADM3-33444609B20338026,Esmeralda,ADM3
1,87371.13002155349,811.400024414,ADM3,1,1,BOL,BOL-ADM3-33444609B53994240,Santuario de Quillacas,ADM3
2,95259.46000664309,883.74005127,ADM3,2,2,BOL,BOL-ADM3-33444609B27878331,Pampa Aullagas,ADM3
3,1459.5100004710257,14.6700000763,ADM3,3,3,BOL,BOL-ADM3-33444609B13957296,Llallagua,ADM3
4,6823.399997320026,66.7900009155,ADM3,4,4,BOL,BOL-ADM3-33444609B2060227,Caripuyo,ADM3
5,250137.56002333201,2311.9699707,ADM3,5,5,BOL,BOL-ADM3-33444609B22499454,Aiquile,ADM3
6,3261.2800040524453,32.1300010681,ADM3,6,6,BOL,BOL-ADM3-33444609B14646898,Sacaca,ADM3
7,995.1699998863041,10.0599994659,ADM3,7,7,BOL,BOL-ADM3-33444609B19396342,Acasio,ADM3
8,49571.01999424212,463.959991455,ADM3,8,8,BOL,BOL-ADM3-33444609B48998442,Huanuni,ADM3
9,1940.2000153083354,19.1300010681,ADM3,9,9,BOL,BOL-ADM3-33444609B43353864,Huachacalla,ADM3
10,222071.14999914728,2050.36987305,ADM3,10,10,BOL,BOL-ADM3-33444609B12212981,Santiago de Huari,ADM3
11,69516.93000929058,647.609985352,ADM3,11,11,BOL,BOL-ADM3-33444609B81698958,Pazña,ADM3
12,9239.930017614737,87.8999938965,ADM3,12,12,BOL,BOL-ADM3-33444609B39428862,Villa Rivero,ADM3
13,217584.71000217646,2011.70996094,ADM3,13,13,BOL,BOL-ADM3-33444609B55151365,Andamarca,ADM3
14,914.5100035164505,9.43000030518,ADM3,14,14,BOL,BOL-ADM3-33444609B33779243,Chacarilla,ADM3
15,13708.929997108877,130.169998169,ADM3,15,15,BOL,BOL-ADM3-33444609B65270572,Arbieto,ADM3
16,7377.120023112744,71.25,ADM3,16,16,BOL,BOL-ADM3-33444609B96301403,Papel Pampa,ADM3
17,NA,0.0,ADM3,17,17,BOL,BOL-ADM3-33444609B33786797,Umala,ADM3
18,24086.82000431232,224.860015869,ADM3,18,18,BOL,BOL-ADM3-33444609B89522171,Oruro,ADM3
19,83933.26999119669,780.109985352,ADM3,19,19,BOL,BOL-ADM3-33444609B49437729,Huayllamarca,ADM3
20,5881.63999806717,56.5799980164,ADM3,20,20,BOL,BOL-ADM3-33444609B90350398,San Pedro de Curahuara,ADM3
21,10721.240005010739,101.63999939,ADM3,21,21,BOL,BOL-ADM3-33444609B28043407,Sicaya,ADM3
22,134114.69004935212,1247.5300293,ADM3,22,22,BOL,BOL-ADM3-33444609B22047407,Puerto Quijarro,ADM3
23,52265.50001563318,486.309997559,ADM3,23,23,BOL,BOL-ADM3-33444609B45253703,Capinota,ADM3
24,48041.74998578802,448.159973145,ADM3,24,24,BOL,BOL-ADM3-33444609B98674568,Arque,ADM3
25,NA,0.0,ADM3,25,25,BOL,BOL-ADM3-33444609B17270625,Corocoro,ADM3
26,13105.07000207901,123.779998779,ADM3,26,26,BOL,BOL-ADM3-33444609B19104054,San Benito,ADM3
27,NA,0.0,ADM3,27,27,BOL,BOL-ADM3-33444609B66518212,Sapahaqui,ADM3
28,NA,0.0,ADM3,28,28,BOL,BOL-ADM3-33444609B10766550,Cairoma,ADM3
29,8448.590039160103,83.3000030518,ADM3,29,29,BOL,BOL-ADM3-33444609B98493674,Colquiri,ADM3
30,901.4300060421228,9.10000038147,ADM3,30,30,BOL,BOL-ADM3-33444609B35095185,Ichoca,ADM3
31,117621.74000274017,847.569946289,ADM3,31,31,BOL,BOL-ADM3-33444609B27516383,La Guardia,ADM3
32,63391.130009777844,590.609985352,ADM3,32,32,BOL,BOL-ADM3-33444609B65462728,Moromoro,ADM3
33,90262.89999813214,838.020019531,ADM3,33,33,BOL,BOL-ADM3-33444609B3283622,El Torno,ADM3
34,179278.84001784213,1661.07995605,ADM3,34,34,BOL,BOL-ADM3-33444609B3665426,Samaipata,ADM3
35,NA,0.0,ADM3,35,35,BOL,BOL-ADM3-33444609B75362770,San Lucas,ADM3
36,40668.96001702547,118.25,ADM3,36,36,BOL,BOL-ADM3-33444609B89526883,Culpina,ADM3
37,NA,0.0,ADM3,37,37,BOL,BOL-ADM3-33444609B77799107,Incahuasi,ADM3
38,146645.33004782535,1376.16992188,ADM3,38,38,BOL,BOL-ADM3-33444609B36544235,San Juan,ADM3
39,1214.259991131723,12.1599998474,ADM3,39,39,BOL,BOL-ADM3-33444609B69045844,Tinguipaya,ADM3
40,NA,0.0,ADM3,40,40,BOL,BOL-ADM3-33444609B29777572,San Pedro,ADM3
41,NA,0.0,ADM3,41,41,BOL,BOL-ADM3-33444609B4195370,Villa Ancoraimes,ADM3
42,NA,0.0,ADM3,42,42,BOL,BOL-ADM3-33444609B80268637,"Colcha ""K""",ADM3
43,NA,0.0,ADM3,43,43,BOL,BOL-ADM3-33444609B33602201,Puerto Mayor de Carabuco,ADM3
44,337301.59006819315,3121.91992188,ADM3,44,44,BOL,BOL-ADM3-33444609B55181457,Sabaya,ADM3
45,129477.83000721969,1202.0300293,ADM3,45,45,BOL,BOL-ADM3-33444609B74955412,Loreto,ADM3
46,NA,0.0,ADM3,46,46,BOL,BOL-ADM3-33444609B79735413,Tomave,ADM3
47,NA,0.0,ADM3,47,47,BOL,BOL-ADM3-33444609B50648219,Porco,ADM3
48,3643874.740541335,9473.5,ADM3,48,48,BOL,BOL-ADM3-33444609B43551685,Villa Montes,ADM3
49,NA,0.0,ADM3,49,49,BOL,BOL-ADM3-33444609B55738046,Yocalla,ADM3
50,723.7600116375834,7.71000003815,ADM3,50,50,BOL,BOL-ADM3-33444609B4133228,Urmiri,ADM3
51,NA,0.0,ADM3,51,51,BOL,BOL-ADM3-33444609B8281684,Mocomoco,ADM3
52,41857.0899717547,390.789978027,ADM3,52,52,BOL,BOL-ADM3-33444609B21235771,Saipina,ADM3
53,71343.77001474798,664.099975586,ADM3,53,53,BOL,BOL-ADM3-33444609B25995685,Omereque,ADM3
54,99385.19996748865,809.520019531,ADM3,54,54,BOL,BOL-ADM3-33444609B55124296,Porongo,ADM3
55,1089952.7200356498,1124.19995117,ADM3,55,55,BOL,BOL-ADM3-33444609B6878387,Santa Cruz de la Sierra,ADM3
56,191481.3900549151,1771.11999512,ADM3,56,56,BOL,BOL-ADM3-33444609B3318455,San Ignacio,ADM3
57,5109.920014098287,51.3099975586,ADM3,57,57,BOL,BOL-ADM3-33444609B8905284,San Javier,ADM3
58,283786.95002119616,2637.9699707,ADM3,58,58,BOL,BOL-ADM3-33444609B2142879,San Pedro,ADM3
59,NA,0.0,ADM3,59,59,BOL,BOL-ADM3-33444609B87038976,Cajuata,ADM3
60,9649.770006220788,97.9199981689,ADM3,60,60,BOL,BOL-ADM3-33444609B59519836,Inquisivi,ADM3
61,NA,0.0,ADM3,61,61,BOL,BOL-ADM3-33444609B26067698,Irupana,ADM3
62,NA,0.0,ADM3,62,62,BOL,BOL-ADM3-33444609B18902401,Chulumani,ADM3
63,64304.549984691665,598.479980469,ADM3,63,63,BOL,BOL-ADM3-33444609B62162538,Poopó,ADM3
64,128185.09001398459,1187.34008789,ADM3,64,64,BOL,BOL-ADM3-33444609B19359116,Totora,ADM3
65,NA,0.0,ADM3,65,65,BOL,BOL-ADM3-33444609B40503271,Betanzos,ADM3
66,439421.51002361625,4050.52001953,ADM3,66,66,BOL,BOL-ADM3-33444609B16444652,Turco,ADM3
67,20445.12999069318,192.25,ADM3,67,67,BOL,BOL-ADM3-33444609B61346396,Todos Santos,ADM3
68,2673511.6701168306,24599.6328125,ADM3,68,68,BOL,BOL-ADM3-33444609B73204671,Concepción,ADM3
69,377992.38003698364,3514.52978516,ADM3,69,69,BOL,BOL-ADM3-33444609B19125904,Santa Rosa,ADM3
70,NA,0.0,ADM3,70,70,BOL,BOL-ADM3-33444609B59987600,Huacaraje,ADM3
71,20462.57000086084,191.899993896,ADM3,71,71,BOL,BOL-ADM3-33444609B98058544,La Rivera,ADM3
72,1998430.0805116557,5205.25048828,ADM3,72,72,BOL,BOL-ADM3-33444609B65603601,Entre Ríos,ADM3
73,NA,0.0,ADM3,73,73,BOL,BOL-ADM3-33444609B85871655,San Joaquín,ADM3
74,NA,0.0,ADM3,74,74,BOL,BOL-ADM3-33444609B31629000,San Ramón,ADM3
75,NA,0.0,ADM3,75,75,BOL,BOL-ADM3-33444609B70300813,Tiahuanacu,ADM3
76,6566.159991903231,63.0800018311,ADM3,76,76,BOL,BOL-ADM3-33444609B2169284,Colquechaca,ADM3
77,6710.040003305301,63.0699996948,ADM3,77,77,BOL,BOL-ADM3-33444609B28265316,Pocoata,ADM3
78,16092.760009810328,151.740005493,ADM3,78,78,BOL,BOL-ADM3-33444609B5007094,Llica,ADM3
79,52519.47002152912,490.5,ADM3,79,79,BOL,BOL-ADM3-33444609B2586032,Quillacollo,ADM3
80,69555.0800539162,647.75,ADM3,80,80,BOL,BOL-ADM3-33444609B27378021,Sacaba,ADM3
81,29348.249996142462,275.640014648,ADM3,81,81,BOL,BOL-ADM3-33444609B80439797,Tiquipaya,ADM3
82,2708.6500076744705,26.2600002289,ADM3,82,82,BOL,BOL-ADM3-33444609B86021401,Colcapirhua,ADM3
83,46838.39001877606,439.880004883,ADM3,83,83,BOL,BOL-ADM3-33444609B57513939,Sipesipe,ADM3
84,19933.92001856491,186.75,ADM3,84,84,BOL,BOL-ADM3-33444609B63544582,Vinto,ADM3
85,31451.950008202344,294.109985352,ADM3,85,85,BOL,BOL-ADM3-33444609B91378627,Tarata,ADM3
86,198156.55005128495,1836.01013184,ADM3,86,86,BOL,BOL-ADM3-33444609B10790515,Totora,ADM3
87,253547.08005188592,2348.88012695,ADM3,87,87,BOL,BOL-ADM3-33444609B62366677,Buena Vista,ADM3
88,112727.79999809153,1049.17993164,ADM3,88,88,BOL,BOL-ADM3-33444609B65201053,San Carlos,ADM3
89,NA,0.0,ADM3,89,89,BOL,BOL-ADM3-33444609B24515942,Magdalena,ADM3
90,102874.200005766,955.58996582,ADM3,90,90,BOL,BOL-ADM3-33444609B38843317,Portachuelo,ADM3
91,NA,0.0,ADM3,91,91,BOL,BOL-ADM3-33444609B37744367,San Antonio de Esmoruco,ADM3
92,278228.80003192276,731.109985352,ADM3,92,92,BOL,BOL-ADM3-33444609B1106358,Uriondo,ADM3
93,NA,0.0,ADM3,93,93,BOL,BOL-ADM3-33444609B85745690,Mojinete,ADM3
94,1311519.9200405218,3408.75,ADM3,94,94,BOL,BOL-ADM3-33444609B87243497,Yacuiba,ADM3
95,622448.1599764749,1626.08007812,ADM3,95,95,BOL,BOL-ADM3-33444609B234644,Yunchará,ADM3
96,987198.8598589934,2582.97998047,ADM3,96,96,BOL,BOL-ADM3-33444609B75965900,Caraparí,ADM3
97,664387.0600988455,1736.9699707,ADM3,97,97,BOL,BOL-ADM3-33444609B88496650,San Lorenzo,ADM3
98,693263.7200357765,1812.72998047,ADM3,98,98,BOL,BOL-ADM3-33444609B59853279,El Puente,ADM3
99,5559.000023145229,56.9599990845,ADM3,99,99,BOL,BOL-ADM3-33444609B34120572,Toro Toro,ADM3
100,NA,0.0,ADM3,100,100,BOL,BOL-ADM3-33444609B63002823,San Agustín,ADM3
101,694796.1400353163,1819.69995117,ADM3,101,101,BOL,BOL-ADM3-33444609B48940768,Tarija,ADM3
102,3359.379997799173,33.9700012207,ADM3,102,102,BOL,BOL-ADM3-33444609B83584775,Tahua,ADM3
103,NA,0.0,ADM3,103,103,BOL,BOL-ADM3-33444609B12022744,San Pablo,ADM3
104,12896.260018751025,37.1800003052,ADM3,104,104,BOL,BOL-ADM3-33444609B6650687,Las Carreras,ADM3
105,4747.799995254725,13.9399995804,ADM3,105,105,BOL,BOL-ADM3-33444609B72563416,Villa Abecia,ADM3
106,68305.94002498873,635.039978027,ADM3,106,106,BOL,BOL-ADM3-33444609B32136747,Morochata,ADM3
107,21278.979991139844,200.36000061,ADM3,107,107,BOL,BOL-ADM3-33444609B11014199,Carangas,ADM3
108,16835.05002407916,158.520004272,ADM3,108,108,BOL,BOL-ADM3-33444609B29831186,Yunguyo del Litoral,ADM3
109,49476.18999433145,459.979980469,ADM3,109,109,BOL,BOL-ADM3-33444609B64125054,Cruz de Machacamarca,ADM3
110,26065.169993592426,244.770019531,ADM3,110,110,BOL,BOL-ADM3-33444609B44425060,Antequera,ADM3
111,NA,0.0,ADM3,111,111,BOL,BOL-ADM3-33444609B30420791,Nazacara de Pacajes,ADM3
112,NA,0.0,ADM3,112,112,BOL,BOL-ADM3-33444609B25496031,Caquiaviri,ADM3
113,99954.08999023028,927.209960938,ADM3,113,113,BOL,BOL-ADM3-33444609B78062899,Belén de Andamarca,ADM3
114,304610.31005378626,2809.99023438,ADM3,114,114,BOL,BOL-ADM3-33444609B19215102,Corque,ADM3
115,NA,0.0,ADM3,115,115,BOL,BOL-ADM3-33444609B29766009,Vitiche,ADM3
116,NA,0.0,ADM3,116,116,BOL,BOL-ADM3-33444609B50583695,Luribay,ADM3
117,30345.600021764636,283.899993896,ADM3,117,117,BOL,BOL-ADM3-33444609B61739549,Machacamarca,ADM3
118,2304.260004531592,23.6399993896,ADM3,118,118,BOL,BOL-ADM3-33444609B79352083,Arampampa,ADM3
119,18231.34001053311,171.680007935,ADM3,119,119,BOL,BOL-ADM3-33444609B67664908,Sacabamba,ADM3
120,62221.560025565326,579.329956055,ADM3,120,120,BOL,BOL-ADM3-33444609B24659770,Anzaldo,ADM3
121,5745.390000097454,55.1899986267,ADM3,121,121,BOL,BOL-ADM3-33444609B17865743,Toco,ADM3
122,6743.830022040755,64.5,ADM3,122,122,BOL,BOL-ADM3-33444609B84509711,Villa Gualberto Villarroel,ADM3
123,1857.3600013237447,18.4699993134,ADM3,123,123,BOL,BOL-ADM3-33444609B63808862,Tacachi,ADM3
124,5170.959986746311,49.7000007629,ADM3,124,124,BOL,BOL-ADM3-33444609B45712919,Cliza,ADM3
125,54563.22000244446,507.820007324,ADM3,125,125,BOL,BOL-ADM3-33444609B71410216,Tacopaya,ADM3
126,97281.40999190323,905.049987793,ADM3,126,126,BOL,BOL-ADM3-33444609B34376575,El Choro,ADM3
127,284587.0100169163,2628.82983398,ADM3,127,127,BOL,BOL-ADM3-33444609B90107878,Toledo,ADM3
128,27808.080002550036,260.079986572,ADM3,128,128,BOL,BOL-ADM3-33444609B16998103,Santivañez,ADM3
129,135600.3600124903,1256.26000977,ADM3,129,129,BOL,BOL-ADM3-33444609B37510264,Paria,ADM3
130,NA,0.0,ADM3,130,130,BOL,BOL-ADM3-33444609B66068349,Collana,ADM3
131,6615.209997912869,63.3600006104,ADM3,131,131,BOL,BOL-ADM3-33444609B94491619,Tolata,ADM3
132,40580.69999906607,378.549987793,ADM3,132,132,BOL,BOL-ADM3-33444609B30727604,Cobija,ADM3
133,34030.88998629153,317.549987793,ADM3,133,133,BOL,BOL-ADM3-33444609B21077453,Eucaliptus,ADM3
134,839.3000096641481,8.80000019073,ADM3,134,134,BOL,BOL-ADM3-33444609B28630051,Santiago de Callapa,ADM3
135,26637.4200027287,249.649993896,ADM3,135,135,BOL,BOL-ADM3-33444609B41741681,Cochabamba,ADM3
136,218386.95005753823,2023.20996094,ADM3,136,136,BOL,BOL-ADM3-33444609B22900187,Caracollo,ADM3
137,NA,0.0,ADM3,137,137,BOL,BOL-ADM3-33444609B21007182,Catacora,ADM3
138,1484.579993819818,14.8400001526,ADM3,138,138,BOL,BOL-ADM3-33444609B25632649,Yaco,ADM3
139,9667.210028367117,94.7900009155,ADM3,139,139,BOL,BOL-ADM3-33444609B93045845,Calacoto,ADM3
140,19107.699998456985,178.839996338,ADM3,140,140,BOL,BOL-ADM3-33444609B26131324,Arani,ADM3
141,7968.989993032068,75.9499969482,ADM3,141,141,BOL,BOL-ADM3-33444609B3757470,Punata,ADM3
142,3179.5299985706806,31.7200012207,ADM3,142,142,BOL,BOL-ADM3-33444609B21151286,Sicasica,ADM3
143,NA,0.0,ADM3,143,143,BOL,BOL-ADM3-33444609B32005482,Patacamaya,ADM3
144,NA,0.0,ADM3,144,144,BOL,BOL-ADM3-33444609B19082627,Colquencha,ADM3
145,NA,0.0,ADM3,145,145,BOL,BOL-ADM3-33444609B96911206,Santiago de Machaca,ADM3
146,681401.5101681724,6279.0703125,ADM3,146,146,BOL,BOL-ADM3-33444609B58600296,Sena,ADM3
147,285904.82005121186,2647.14990234,ADM3,147,147,BOL,BOL-ADM3-33444609B26946399,San Lorenzo,ADM3
148,206339152.62434548,214.899993896,ADM3,148,148,BOL,BOL-ADM3-33444609B90312020,Santa Rosa,ADM3
149,NA,0.0,ADM3,149,149,BOL,BOL-ADM3-33444609B20955158,Malla,ADM3
150,NA,0.0,ADM3,150,150,BOL,BOL-ADM3-33444609B91729130,Comanche,ADM3
151,NA,0.0,ADM3,151,151,BOL,BOL-ADM3-33444609B41933053,Calamarca,ADM3
152,1912.9500098265707,18.9599990845,ADM3,152,152,BOL,BOL-ADM3-33444609B85812802,Viacha,ADM3
153,NA,0.0,ADM3,153,153,BOL,BOL-ADM3-33444609B79205479,Villa Libertad Licoma,ADM3
154,NA,0.0,ADM3,154,154,BOL,BOL-ADM3-33444609B66902866,Quime,ADM3
155,NA,0.0,ADM3,155,155,BOL,BOL-ADM3-33444609B98511044,Huatajata,ADM3
156,1234.9699902627617,12.5,ADM3,156,156,BOL,BOL-ADM3-33444609B79531063,Laja,ADM3
157,17560.700037103146,7.52999973297,ADM3,157,157,BOL,BOL-ADM3-33444609B83826918,Mecapaca,ADM3
158,24060.78002851084,10.2199993134,ADM3,158,158,BOL,BOL-ADM3-33444609B56483619,Palca,ADM3
159,15224.579931719229,37.75,ADM3,159,159,BOL,BOL-ADM3-33444609B1863080,Achocalla,ADM3
160,206569.102111971,301.880004883,ADM3,160,160,BOL,BOL-ADM3-33444609B30011805,El Alto,ADM3
161,12554.589748675004,5.59000015259,ADM3,161,161,BOL,BOL-ADM3-33444609B40374901,Yanacachi,ADM3
162,145505.1900211312,1349.40991211,ADM3,162,162,BOL,BOL-ADM3-33444609B99579203,Tapacarí,ADM3
163,NA,0.0,ADM3,163,163,BOL,BOL-ADM3-33444609B26061868,Desaguadero,ADM3
164,NA,0.0,ADM3,164,164,BOL,BOL-ADM3-33444609B81723104,Jesús de Machaka,ADM3
165,NA,0.0,ADM3,165,165,BOL,BOL-ADM3-33444609B3928389,Puerto Mayor de Guaqui,ADM3
166,NA,0.0,ADM3,166,166,BOL,BOL-ADM3-33444609B83959891,Tito Yupanqui,ADM3
167,52796.740119986236,53.9099960327,ADM3,167,167,BOL,BOL-ADM3-33444609B86182822,Pucarani,ADM3
168,NA,0.0,ADM3,168,168,BOL,BOL-ADM3-33444609B86015105,Combaya,ADM3
169,137838.39035111293,56.8500022888,ADM3,169,169,BOL,BOL-ADM3-33444609B70122176,Coroico,ADM3
170,NA,0.0,ADM3,170,170,BOL,BOL-ADM3-33444609B52332460,Coripata,ADM3
171,NA,0.0,ADM3,171,171,BOL,BOL-ADM3-33444609B75079070,Quiabaya,ADM3
172,NA,0.0,ADM3,172,172,BOL,BOL-ADM3-33444609B51912538,Aucapata,ADM3
173,NA,0.0,ADM3,173,173,BOL,BOL-ADM3-33444609B77019342,Ayo Ayo,ADM3
174,NA,0.0,ADM3,174,174,BOL,BOL-ADM3-33444609B52543177,Azurduy,ADM3
175,NA,0.0,ADM3,175,175,BOL,BOL-ADM3-33444609B93497004,Tipuani,ADM3
176,12190653.469652563,1718.59997559,ADM3,176,176,BOL,BOL-ADM3-33444609B95766629,Nuestra Señora de La Paz,ADM3
177,NA,0.0,ADM3,177,177,BOL,BOL-ADM3-33444609B93873258,Sorata,ADM3
178,4026.459984716028,40.4799995422,ADM3,178,178,BOL,BOL-ADM3-33444609B25803532,La Asunta,ADM3
179,NA,0.0,ADM3,179,179,BOL,BOL-ADM3-33444609B88180595,Chuma,ADM3
180,112073.96048273146,47.0400009155,ADM3,180,180,BOL,BOL-ADM3-33444609B33390960,Guanay,ADM3
181,NA,0.0,ADM3,181,181,BOL,BOL-ADM3-33444609B45650655,Teoponte,ADM3
182,NA,0.0,ADM3,182,182,BOL,BOL-ADM3-33444609B90372031,Mapiri,ADM3
183,NA,0.0,ADM3,183,183,BOL,BOL-ADM3-33444609B50407902,Charazani,ADM3
184,NA,0.0,ADM3,184,184,BOL,BOL-ADM3-33444609B73754741,"Caiza ""D""",ADM3
185,NA,0.0,ADM3,185,185,BOL,BOL-ADM3-33444609B22177467,Copacabana,ADM3
186,NA,0.0,ADM3,186,186,BOL,BOL-ADM3-33444609B65808761,Tarvita,ADM3
187,NA,0.0,ADM3,187,187,BOL,BOL-ADM3-33444609B42666607,Chaquí,ADM3
188,NA,0.0,ADM3,188,188,BOL,BOL-ADM3-33444609B15997979,Puna,ADM3
189,NA,0.0,ADM3,189,189,BOL,BOL-ADM3-33444609B30593293,Ckochas,ADM3
190,NA,0.0,ADM3,190,190,BOL,BOL-ADM3-33444609B60642341,El Villar,ADM3
191,4348.51002892293,21.8999996185,ADM3,191,191,BOL,BOL-ADM3-33444609B90845226,Huacaya,ADM3
192,NA,0.0,ADM3,192,192,BOL,BOL-ADM3-33444609B27309972,Tacacoma,ADM3
193,9715.62000644207,27.2700004578,ADM3,193,193,BOL,BOL-ADM3-33444609B13482689,Huacareta,ADM3
194,NA,0.0,ADM3,194,194,BOL,BOL-ADM3-33444609B9106763,Monteagudo,ADM3
195,NA,0.0,ADM3,195,195,BOL,BOL-ADM3-33444609B51923126,Potosí,ADM3
196,NA,0.0,ADM3,196,196,BOL,BOL-ADM3-33444609B67965715,San Pedro de Tiquina,ADM3
197,104225.79997068271,968.540039062,ADM3,197,197,BOL,BOL-ADM3-33444609B6445025,Lagunillas,ADM3
198,NA,0.0,ADM3,198,198,BOL,BOL-ADM3-33444609B92818499,Alcalá,ADM3
199,NA,0.0,ADM3,199,199,BOL,BOL-ADM3-33444609B9397800,Sopachui,ADM3
200,NA,0.0,ADM3,200,200,BOL,BOL-ADM3-33444609B74292684,Villa Ricardo Mugia - Icla,ADM3
201,NA,0.0,ADM3,201,201,BOL,BOL-ADM3-33444609B38543160,Yotala,ADM3
202,NA,0.0,ADM3,202,202,BOL,BOL-ADM3-33444609B32418048,Yamparáez,ADM3
203,NA,0.0,ADM3,203,203,BOL,BOL-ADM3-33444609B38412786,Tomina,ADM3
204,NA,0.0,ADM3,204,204,BOL,BOL-ADM3-33444609B72440734,Ocurí,ADM3
205,NA,0.0,ADM3,205,205,BOL,BOL-ADM3-33444609B73936756,Tarabuco,ADM3
206,NA,0.0,ADM3,206,206,BOL,BOL-ADM3-33444609B5472183,Zudañez,ADM3
207,NA,0.0,ADM3,207,207,BOL,BOL-ADM3-33444609B88989469,Curva,ADM3
208,NA,0.0,ADM3,208,208,BOL,BOL-ADM3-33444609B30997278,Pelechuco,ADM3
209,4007.9299975149333,38.4100036621,ADM3,209,209,BOL,BOL-ADM3-33444609B83015549,Palos Blancos,ADM3
210,5391.1400189790875,56.0099983215,ADM3,210,210,BOL,BOL-ADM3-33444609B25123274,Apolo,ADM3
211,12907008.946874022,13.4600000381,ADM3,211,211,BOL,BOL-ADM3-33444609B4331330,Puerto Menor de Rurrenabaque,ADM3
212,18871.169997652993,179.08001709,ADM3,212,212,BOL,BOL-ADM3-33444609B85439426,San Buenaventura,ADM3
213,NA,0.0,ADM3,213,213,BOL,BOL-ADM3-33444609B23560373,Santa Ana,ADM3
214,10032.360004166141,94.0299987793,ADM3,214,214,BOL,BOL-ADM3-33444609B36751060,San Borja,ADM3
215,71598019.67024142,357.200012207,ADM3,215,215,BOL,BOL-ADM3-33444609B13357475,Reyes,ADM3
216,114479.4300001543,1064.16992188,ADM3,216,216,BOL,BOL-ADM3-33444609B85003487,Puerto Gonzalo Moreno,ADM3
217,NA,0.0,ADM3,217,217,BOL,BOL-ADM3-33444609B80291858,Puerto Siles,ADM3
218,125321963.20572835,130.399993896,ADM3,218,218,BOL,BOL-ADM3-33444609B10458910,Exaltación,ADM3
219,136494977.9099675,391.690002441,ADM3,219,219,BOL,BOL-ADM3-33444609B93314585,Riberalta,ADM3
220,96860.67003419809,900.760009766,ADM3,220,220,BOL,BOL-ADM3-33444609B95419155,Porvenir,ADM3
221,470521.3900441546,4356.83007812,ADM3,221,221,BOL,BOL-ADM3-33444609B83803279,Bella Flor,ADM3
222,237784.59003367834,2210.16992188,ADM3,222,222,BOL,BOL-ADM3-33444609B11509981,San Pedro,ADM3
223,473922.1900593005,4378.90966797,ADM3,223,223,BOL,BOL-ADM3-33444609B55981723,Puerto Rico,ADM3
224,396534.3701475691,3665.69970703,ADM3,224,224,BOL,BOL-ADM3-33444609B45825141,Santa Rosa,ADM3
225,488018.07003903016,4497.39990234,ADM3,225,225,BOL,BOL-ADM3-33444609B53699713,Ingavi,ADM3
226,3617.7100115157664,37.0299987793,ADM3,226,226,BOL,BOL-ADM3-33444609B93580112,Guayaramerín,ADM3
227,253669.1602404099,2350.48974609,ADM3,227,227,BOL,BOL-ADM3-33444609B33507653,Villa Nueva,ADM3
228,594187.3401648346,5472.12988281,ADM3,228,228,BOL,BOL-ADM3-33444609B15181859,Santos Mercado,ADM3
229,328334.1600452997,3024.01000977,ADM3,229,229,BOL,BOL-ADM3-33444609B91423379,Nueva Esperanza,ADM3
230,NA,0.0,ADM3,230,230,BOL,BOL-ADM3-33444609B41664570,Santiago de Huata,ADM3
231,NA,0.0,ADM3,231,231,BOL,BOL-ADM3-33444609B7909722,Puerto Pérez,ADM3
232,3575.2000047508627,33.7399978638,ADM3,232,232,BOL,BOL-ADM3-33444609B27408509,Chuquihuta Ayllu Jucumani,ADM3
233,223272.33008071594,2066.69995117,ADM3,233,233,BOL,BOL-ADM3-33444609B21368266,Bolpebra,ADM3
234,1062929.8500156738,9788.93945312,ADM3,234,234,BOL,BOL-ADM3-33444609B21491486,Filadelfia,ADM3
235,NA,0.0,ADM3,235,235,BOL,BOL-ADM3-33444609B19655093,Alto Beni,ADM3
236,50244.57011697255,21.3199996948,ADM3,236,236,BOL,BOL-ADM3-33444609B96037932,Caranavi,ADM3
237,NA,0.0,ADM3,237,237,BOL,BOL-ADM3-33444609B8469227,Huarina,ADM3
238,63531.74000622891,590.130004883,ADM3,238,238,BOL,BOL-ADM3-33444609B76614989,Bolivar,ADM3
239,NA,0.0,ADM3,239,239,BOL,BOL-ADM3-33444609B43692068,Chua Cocani,ADM3
240,NA,0.0,ADM3,240,240,BOL,BOL-ADM3-33444609B78666461,Humanata,ADM3
241,18601.290056303144,170.029998779,ADM3,241,241,BOL,BOL-ADM3-33444609B92881157,Villa Vaca Guzmán,ADM3
242,4639.169857250527,1.9399998188,ADM3,242,242,BOL,BOL-ADM3-33444609B42689736,Batallas,ADM3
243,284.489998716861,2.94999980927,ADM3,243,243,BOL,BOL-ADM3-33444609B75760336,Padilla,ADM3
244,2378.3800162747502,24.3699989319,ADM3,244,244,BOL,BOL-ADM3-33444609B69980236,Mojocoya,ADM3
245,63867.46003851853,594.199951172,ADM3,245,245,BOL,BOL-ADM3-33444609B51772236,Pucará,ADM3
246,6907.33000924997,70.2099990845,ADM3,246,246,BOL,BOL-ADM3-33444609B69127220,Villa Serrano,ADM3
247,68566.31018893048,397.950012207,ADM3,247,247,BOL,BOL-ADM3-33444609B12353677,Macharetí,ADM3
248,53050237.25254277,1415.34008789,ADM3,248,248,BOL,BOL-ADM3-33444609B47604355,Boyuibe,ADM3
249,83559.4000157956,774.739990234,ADM3,249,249,BOL,BOL-ADM3-33444609B96934473,Cuevo,ADM3
250,94771.14001613669,879.08996582,ADM3,250,250,BOL,BOL-ADM3-33444609B99493244,Camiri,ADM3
251,622083.7100096885,5732.25927734,ADM3,251,251,BOL,BOL-ADM3-33444609B83608870,Cocapata,ADM3
252,300590.3900384698,2783.0300293,ADM3,252,252,BOL,BOL-ADM3-33444609B53201147,Vallegrande,ADM3
253,269071.9500179477,2488.63989258,ADM3,253,253,BOL,BOL-ADM3-33444609B32904525,Gutiérrez,ADM3
254,1425.7200050838292,14.7899999619,ADM3,254,254,BOL,BOL-ADM3-33444609B61390228,Sucre,ADM3
255,3260.1900065131485,33.1200027466,ADM3,255,255,BOL,BOL-ADM3-33444609B90222474,Presto,ADM3
256,104304.2800073009,969.659973145,ADM3,256,256,BOL,BOL-ADM3-33444609B25796587,Postrervalle,ADM3
257,37329.23000474274,348.589996338,ADM3,257,257,BOL,BOL-ADM3-33444609B52561385,Trigal,ADM3
258,26780.210018012673,251.160003662,ADM3,258,258,BOL,BOL-ADM3-33444609B67865308,Quirusillas,ADM3
259,468051.560001703,4316.91015625,ADM3,259,259,BOL,BOL-ADM3-33444609B3158247,Cabezas,ADM3
260,100398.30070285685,533.979980469,ADM3,260,260,BOL,BOL-ADM3-33444609B36360155,Cotoca,ADM3
261,888438.289979754,8211.27050781,ADM3,261,261,BOL,BOL-ADM3-33444609B82294182,Yapacaní,ADM3
262,413024.4100355804,3809.42993164,ADM3,262,262,BOL,BOL-ADM3-33444609B81436946,Cuatro Cañadas,ADM3
263,46513.57000959106,436.730041504,ADM3,263,263,BOL,BOL-ADM3-33444609B34841445,San Ramón,ADM3
264,209439.13999481872,1937.99987793,ADM3,264,264,BOL,BOL-ADM3-33444609B57224915,San Javier,ADM3
265,888823.0600608923,8185.10058594,ADM3,265,265,BOL,BOL-ADM3-33444609B78704867,San Miguel,ADM3
266,428720419.5400358,9423.36035156,ADM3,266,266,BOL,BOL-ADM3-33444609B25395901,Villa Tunari,ADM3
267,257261.80000397936,2401.11987305,ADM3,267,267,BOL,BOL-ADM3-33444609B24552917,Chimoré,ADM3
268,184302.6500293985,1703.70996094,ADM3,268,268,BOL,BOL-ADM3-33444609B18430420,Tiraque,ADM3
269,68264.52000886016,636.920043945,ADM3,269,269,BOL,BOL-ADM3-33444609B95602913,Shinahota,ADM3
270,22867.11000416614,214.559997559,ADM3,270,270,BOL,BOL-ADM3-33444609B71154134,Montero,ADM3
271,829283.9900376983,7667.9296875,ADM3,271,271,BOL,BOL-ADM3-33444609B46709169,Ascención de Guarayos,ADM3
272,21352.010041685775,218.229995728,ADM3,272,272,BOL,BOL-ADM3-33444609B55665100,San Andrés,ADM3
273,32378.450031144544,303.010009766,ADM3,273,273,BOL,BOL-ADM3-33444609B36270672,Vacas,ADM3
274,84403.06003693491,786.099975586,ADM3,274,274,BOL,BOL-ADM3-33444609B99795676,Pocona,ADM3
275,108317.49000623263,889.359985352,ADM3,275,275,BOL,BOL-ADM3-33444609B439401,Okinawa Uno,ADM3
276,137649.79004427232,1154.35009766,ADM3,276,276,BOL,BOL-ADM3-33444609B11056664,Warnes,ADM3
277,49526.33002366498,461.690002441,ADM3,277,277,BOL,BOL-ADM3-33444609B54301679,General Saavedra,ADM3
278,1308759.6399563495,11762.9501953,ADM3,278,278,BOL,BOL-ADM3-33444609B10251116,Pailón,ADM3
279,70662.51998754218,657.980041504,ADM3,279,279,BOL,BOL-ADM3-33444609B49773042,Fernández Alonso,ADM3
280,39564.819984415546,370.209991455,ADM3,280,280,BOL,BOL-ADM3-33444609B82751741,Mineros,ADM3
281,93672.41999907419,871.109985352,ADM3,281,281,BOL,BOL-ADM3-33444609B58335505,Pampa Grande,ADM3
282,69152.87002879754,644.290039062,ADM3,282,282,BOL,BOL-ADM3-33444609B78053551,Mairana,ADM3
283,183018.630032314,1698.48999023,ADM3,283,283,BOL,BOL-ADM3-33444609B66013257,Puerto Villarroel,ADM3
284,27072.330017980188,253.33001709,ADM3,284,284,BOL,BOL-ADM3-33444609B84075203,Colpa Bélgica,ADM3
285,1218867.4300230965,11218.9794922,ADM3,285,285,BOL,BOL-ADM3-33444609B58337466,Puerto Suarez,ADM3
286,996310.1400220245,9166.95019531,ADM3,286,286,BOL,BOL-ADM3-33444609B52930702,El Carmen Rivero Tórrez,ADM3
287,669918.3600494415,6171.68017578,ADM3,287,287,BOL,BOL-ADM3-33444609B32568642,Roboré,ADM3
288,2509679.220114719,23067.5195312,ADM3,288,288,BOL,BOL-ADM3-33444609B83253902,San Matías,ADM3
289,207650665.04846558,60771.3085938,ADM3,289,289,BOL,BOL-ADM3-33444609B85273692,Charagua,ADM3
290,1772734.5800204165,16302.5400391,ADM3,290,290,BOL,BOL-ADM3-33444609B21156081,San José,ADM3
291,897733.8100612983,8260.8203125,ADM3,291,291,BOL,BOL-ADM3-33444609B61104849,San Rafael,ADM3
292,138749.37002047338,1285.70996094,ADM3,292,292,BOL,BOL-ADM3-33444609B74694029,Ayopaya,ADM3
293,4521237.160238177,41546.7578125,ADM3,293,293,BOL,BOL-ADM3-33444609B38230040,San Ignacio,ADM3
294,1496088.2201476097,13780.5800781,ADM3,294,294,BOL,BOL-ADM3-33444609B93004293,Urubicha,ADM3
295,16012.100002273917,161.030014038,ADM3,295,295,BOL,BOL-ADM3-33444609B21187437,Baures,ADM3
296,7.630000032484531,0.10000000149,ADM3,296,296,BOL,BOL-ADM3-33444609B59063344,Trinidad,ADM3
297,220616.00002497248,2040.71020508,ADM3,297,297,BOL,BOL-ADM3-33444609B54102559,San Antonio de Lomerio,ADM3
298,223240.72007492557,2064.06005859,ADM3,298,298,BOL,BOL-ADM3-33444609B66575543,Pojo,ADM3
299,203552.05004600622,1889.82995605,ADM3,299,299,BOL,BOL-ADM3-33444609B6351519,Entre Ríos,ADM3
300,2115.690001843497,21.6500015259,ADM3,300,300,BOL,BOL-ADM3-33444609B40832379,Poroma,ADM3
301,47745.27001535706,445.489990234,ADM3,301,301,BOL,BOL-ADM3-33444609B77419578,Colomi,ADM3
302,38886.84002900869,362.950012207,ADM3,302,302,BOL,BOL-ADM3-33444609B47454413,Alalay,ADM3
303,55625.97000528686,518.219970703,ADM3,303,303,BOL,BOL-ADM3-33444609B95117685,Vila Vila,ADM3
304,3368125.0700981114,30969.2011719,ADM3,304,304,BOL,BOL-ADM3-33444609B5346742,Ixiamas,ADM3
305,NA,0.0,ADM3,305,305,BOL,BOL-ADM3-33444609B73132405,Ayata,ADM3
306,12666.889981012791,125.020004272,ADM3,306,306,BOL,BOL-ADM3-33444609B71435776,Uyuni,ADM3
307,NA,0.0,ADM3,307,307,BOL,BOL-ADM3-33444609B66511934,Waldo Ballivian,ADM3
308,265976.350060137,2457.9699707,ADM3,308,308,BOL,BOL-ADM3-33444609B68137279,Curahuara de Carangas,ADM3
309,83267.28002658859,773.179931641,ADM3,309,309,BOL,BOL-ADM3-33444609B36186520,Choquecota,ADM3
310,124644.7700192146,1154.44995117,ADM3,310,310,BOL,BOL-ADM3-33444609B87640342,Escara,ADM3
311,19124.049989564344,183.490020752,ADM3,311,311,BOL,BOL-ADM3-33444609B79549253,Coipasa,ADM3
312,33296.23000758514,311.520019531,ADM3,312,312,BOL,BOL-ADM3-33444609B48403080,Chipaya,ADM3
313,NA,0.0,ADM3,313,313,BOL,BOL-ADM3-33444609B66088023,Chayanta,ADM3
314,486760.21000278555,4489.37988281,ADM3,314,314,BOL,BOL-ADM3-33444609B60563542,Salinas de Garcí Mendoza,ADM3
315,12996.620019383729,37.25,ADM3,315,315,BOL,BOL-ADM3-33444609B90206942,Tupiza,ADM3
316,NA,0.0,ADM3,316,316,BOL,BOL-ADM3-33444609B106993,Atocha,ADM3
317,NA,0.0,ADM3,317,317,BOL,BOL-ADM3-33444609B51545061,San Pedro de Quemes,ADM3
318,467655.7800848577,4317.79003906,ADM3,318,318,BOL,BOL-ADM3-33444609B42696709,San Julián,ADM3
319,732061.4401189908,6755.59033203,ADM3,319,319,BOL,BOL-ADM3-33444609B68632045,El Puente,ADM3
320,308214.94001382217,2848.51025391,ADM3,320,320,BOL,BOL-ADM3-33444609B10638383,Comarapa,ADM3
321,132282.2000306286,349.529998779,ADM3,321,321,BOL,BOL-ADM3-33444609B8717747,Bermejo,ADM3
322,NA,0.0,ADM3,322,322,BOL,BOL-ADM3-33444609B53463626,Villa Charcas,ADM3
323,NA,0.0,ADM3,323,323,BOL,BOL-ADM3-33444609B82635532,Puerto Acosta,ADM3
324,NA,0.0,ADM3,324,324,BOL,BOL-ADM3-33444609B17656422,Escoma,ADM3
325,NA,0.0,ADM3,325,325,BOL,BOL-ADM3-33444609B71044330,Charaña,ADM3
326,NA,0.0,ADM3,326,326,BOL,BOL-ADM3-33444609B93991773,Achacachi,ADM3
327,NA,0.0,ADM3,327,327,BOL,BOL-ADM3-33444609B13753118,Taraco,ADM3
328,NA,0.0,ADM3,328,328,BOL,BOL-ADM3-33444609B75690871,La (Marka) San Andrés de Mach,ADM3
329,NA,0.0,ADM3,329,329,BOL,BOL-ADM3-33444609B31051948,Tacobamba,ADM3
330,231118.15001275018,2140.59008789,ADM3,330,330,BOL,BOL-ADM3-33444609B24985970,Challapata,ADM3
331,1221.8900074064732,12.0,ADM3,331,331,BOL,BOL-ADM3-33444609B93024851,Uncía,ADM3
332,NA,0.0,ADM3,332,332,BOL,BOL-ADM3-33444609B54083051,Ravelo,ADM3
333,174853.44000204653,1618.66992188,ADM3,333,333,BOL,BOL-ADM3-33444609B27870252,Mizque,ADM3
334,221816.090024136,2050.89990234,ADM3,334,334,BOL,BOL-ADM3-33444609B5020991,Pasorapa,ADM3
335,NA,0.0,ADM3,335,335,BOL,BOL-ADM3-33444609B93401902,Cotagaita,ADM3
336,NA,0.0,ADM3,336,336,BOL,BOL-ADM3-33444609B61161865,Camargo,ADM3
337,410363.7180868238,34.3400001526,ADM3,337,337,BOL,BOL-ADM3-33444609B2211567,Villazón,ADM3
338,1503122.6001026705,3919.30981445,ADM3,338,338,BOL,BOL-ADM3-33444609B28920794,Padcaya,ADM3
