asdf_id,access_50k.none.mean,access_50k.none.max,access_50k.none.min,Level,gqid,id,shapeGroup,shapeID,shapeName,shapeType
0,305.9486991,650,140,ADM3,0,0,BOL,BOL-ADM3-33444609B20338026,Esmeralda,ADM3
1,526.9087,1818,140,ADM3,1,1,BOL,BOL-ADM3-33444609B53994240,Santuario de Quillacas,ADM3
2,403.8033461,988,156,ADM3,2,2,BOL,BOL-ADM3-33444609B27878331,Pampa Aullagas,ADM3
3,178.004821,644,68,ADM3,3,3,BOL,BOL-ADM3-33444609B13957296,Llallagua,ADM3
4,610.2391496,1175,46,ADM3,4,4,BOL,BOL-ADM3-33444609B2060227,Caripuyo,ADM3
5,328.4008662,1108,54,ADM3,5,5,BOL,BOL-ADM3-33444609B22499454,Aiquile,ADM3
6,333.5702316,767,76,ADM3,6,6,BOL,BOL-ADM3-33444609B14646898,Sacaca,ADM3
7,636.8464106,1585,97,ADM3,7,7,BOL,BOL-ADM3-33444609B19396342,Acasio,ADM3
8,198.0011485,782,36,ADM3,8,8,BOL,BOL-ADM3-33444609B48998442,Huanuni,ADM3
9,291.592872,721,150,ADM3,9,9,BOL,BOL-ADM3-33444609B43353864,Huachacalla,ADM3
10,532.9823845,1826,108,ADM3,10,10,BOL,BOL-ADM3-33444609B12212981,Santiago de Huari,ADM3
11,279.3425234,807,68,ADM3,11,11,BOL,BOL-ADM3-33444609B81698958,Pazña,ADM3
12,114.3536651,263,46,ADM3,12,12,BOL,BOL-ADM3-33444609B39428862,Villa Rivero,ADM3
13,276.6144024,883,85,ADM3,13,13,BOL,BOL-ADM3-33444609B55151365,Andamarca,ADM3
14,513.8471931,993,124,ADM3,14,14,BOL,BOL-ADM3-33444609B33779243,Chacarilla,ADM3
15,69.45800342,418,14,ADM3,15,15,BOL,BOL-ADM3-33444609B65270572,Arbieto,ADM3
16,282.2196143,639,74,ADM3,16,16,BOL,BOL-ADM3-33444609B96301403,Papel Pampa,ADM3
17,285.3475196,891,104,ADM3,17,17,BOL,BOL-ADM3-33444609B33786797,Umala,ADM3
18,17.27248484,156,0,ADM3,18,18,BOL,BOL-ADM3-33444609B89522171,Oruro,ADM3
19,424.3351622,1244,48,ADM3,19,19,BOL,BOL-ADM3-33444609B49437729,Huayllamarca,ADM3
20,292.1518118,784,92,ADM3,20,20,BOL,BOL-ADM3-33444609B90350398,San Pedro de Curahuara,ADM3
21,156.8222754,597,54,ADM3,21,21,BOL,BOL-ADM3-33444609B28043407,Sicaya,ADM3
22,849.9253481,1674,5,ADM3,22,22,BOL,BOL-ADM3-33444609B22047407,Puerto Quijarro,ADM3
23,190.7253879,564,34,ADM3,23,23,BOL,BOL-ADM3-33444609B45253703,Capinota,ADM3
24,263.2351797,736,40,ADM3,24,24,BOL,BOL-ADM3-33444609B98674568,Arque,ADM3
25,352.795684,1485,70,ADM3,25,25,BOL,BOL-ADM3-33444609B17270625,Corocoro,ADM3
26,145.2769804,477,43,ADM3,26,26,BOL,BOL-ADM3-33444609B19104054,San Benito,ADM3
27,386.9499732,1048,45,ADM3,27,27,BOL,BOL-ADM3-33444609B66518212,Sapahaqui,ADM3
28,440.7050288,2048,66,ADM3,28,28,BOL,BOL-ADM3-33444609B10766550,Cairoma,ADM3
29,336.2851406,1051,46,ADM3,29,29,BOL,BOL-ADM3-33444609B98493674,Colquiri,ADM3
30,797.5046944,1810,94,ADM3,30,30,BOL,BOL-ADM3-33444609B35095185,Ichoca,ADM3
31,169.1254074,557,9,ADM3,31,31,BOL,BOL-ADM3-33444609B27516383,La Guardia,ADM3
32,440.746589,903,182,ADM3,32,32,BOL,BOL-ADM3-33444609B65462728,Moromoro,ADM3
33,456.2410314,1651,26,ADM3,33,33,BOL,BOL-ADM3-33444609B3283622,El Torno,ADM3
34,520.8094327,2161,56,ADM3,34,34,BOL,BOL-ADM3-33444609B3665426,Samaipata,ADM3
35,621.266515,1996,90,ADM3,35,35,BOL,BOL-ADM3-33444609B75362770,San Lucas,ADM3
36,663.1351485,2125,82,ADM3,36,36,BOL,BOL-ADM3-33444609B89526883,Culpina,ADM3
37,610.7192789,1473,166,ADM3,37,37,BOL,BOL-ADM3-33444609B77799107,Incahuasi,ADM3
38,1051.827874,2057,68,ADM3,38,38,BOL,BOL-ADM3-33444609B36544235,San Juan,ADM3
39,511.045647,1476,40,ADM3,39,39,BOL,BOL-ADM3-33444609B69045844,Tinguipaya,ADM3
40,774.4784587,1750,92,ADM3,40,40,BOL,BOL-ADM3-33444609B29777572,San Pedro,ADM3
41,247.6413406,811,89,ADM3,41,41,BOL,BOL-ADM3-33444609B4195370,Villa Ancoraimes,ADM3
42,558.2410196,2032,186,ADM3,42,42,BOL,BOL-ADM3-33444609B80268637,"Colcha ""K""",ADM3
43,297.3567736,897,113,ADM3,43,43,BOL,BOL-ADM3-33444609B33602201,Puerto Mayor de Carabuco,ADM3
44,429.2180804,1813,164,ADM3,44,44,BOL,BOL-ADM3-33444609B55181457,Sabaya,ADM3
45,236.6563122,898,19,ADM3,45,45,BOL,BOL-ADM3-33444609B74955412,Loreto,ADM3
46,505.854629,2078,47,ADM3,46,46,BOL,BOL-ADM3-33444609B79735413,Tomave,ADM3
47,342.1420978,1167,18,ADM3,47,47,BOL,BOL-ADM3-33444609B50648219,Porco,ADM3
48,498.2585788,2157,43,ADM3,48,48,BOL,BOL-ADM3-33444609B43551685,Villa Montes,ADM3
49,257.3860111,1070,3,ADM3,49,49,BOL,BOL-ADM3-33444609B55738046,Yocalla,ADM3
50,832.9578558,2023,41,ADM3,50,50,BOL,BOL-ADM3-33444609B4133228,Urmiri,ADM3
51,291.1330985,795,135,ADM3,51,51,BOL,BOL-ADM3-33444609B8281684,Mocomoco,ADM3
52,298.5843789,691,159,ADM3,52,52,BOL,BOL-ADM3-33444609B21235771,Saipina,ADM3
53,300.1875304,635,133,ADM3,53,53,BOL,BOL-ADM3-33444609B25995685,Omereque,ADM3
54,252.3698978,1163,6,ADM3,54,54,BOL,BOL-ADM3-33444609B55124296,Porongo,ADM3
55,96.89781842,448,0,ADM3,55,55,BOL,BOL-ADM3-33444609B6878387,Santa Cruz de la Sierra,ADM3
56,688.6861042,3361,11,ADM3,56,56,BOL,BOL-ADM3-33444609B3318455,San Ignacio,ADM3
57,542.2372572,2225,11,ADM3,57,57,BOL,BOL-ADM3-33444609B8905284,San Javier,ADM3
58,421.9671319,1045,76,ADM3,58,58,BOL,BOL-ADM3-33444609B2142879,San Pedro,ADM3
59,552.1472926,1523,96,ADM3,59,59,BOL,BOL-ADM3-33444609B87038976,Cajuata,ADM3
60,896.3648494,2460,60,ADM3,60,60,BOL,BOL-ADM3-33444609B59519836,Inquisivi,ADM3
61,727.7817397,2526,34,ADM3,61,61,BOL,BOL-ADM3-33444609B26067698,Irupana,ADM3
62,446.8268122,1689,65,ADM3,62,62,BOL,BOL-ADM3-33444609B18902401,Chulumani,ADM3
63,174.3564705,570,35,ADM3,63,63,BOL,BOL-ADM3-33444609B62162538,Poopó,ADM3
64,448.270226,1039,98,ADM3,64,64,BOL,BOL-ADM3-33444609B19359116,Totora,ADM3
65,349.6705472,1387,35,ADM3,65,65,BOL,BOL-ADM3-33444609B40503271,Betanzos,ADM3
66,485.7327011,1933,116,ADM3,66,66,BOL,BOL-ADM3-33444609B16444652,Turco,ADM3
67,397.8121386,962,207,ADM3,67,67,BOL,BOL-ADM3-33444609B61346396,Todos Santos,ADM3
68,768.9053173,1984,165,ADM3,68,68,BOL,BOL-ADM3-33444609B73204671,Concepción,ADM3
69,489.0388736,1660,33,ADM3,69,69,BOL,BOL-ADM3-33444609B19125904,Santa Rosa,ADM3
70,629.2114214,1676,101,ADM3,70,70,BOL,BOL-ADM3-33444609B59987600,Huacaraje,ADM3
71,694.2587218,1670,199,ADM3,71,71,BOL,BOL-ADM3-33444609B98058544,La Rivera,ADM3
72,393.0689574,1612,48,ADM3,72,72,BOL,BOL-ADM3-33444609B65603601,Entre Ríos,ADM3
73,701.2986939,1973,116,ADM3,73,73,BOL,BOL-ADM3-33444609B85871655,San Joaquín,ADM3
74,462.956055,1438,92,ADM3,74,74,BOL,BOL-ADM3-33444609B31629000,San Ramón,ADM3
75,294.193072,1254,46,ADM3,75,75,BOL,BOL-ADM3-33444609B70300813,Tiahuanacu,ADM3
76,478.474358,1532,81,ADM3,76,76,BOL,BOL-ADM3-33444609B2169284,Colquechaca,ADM3
77,377.6168811,1405,103,ADM3,77,77,BOL,BOL-ADM3-33444609B28265316,Pocoata,ADM3
78,541.3050927,1763,189,ADM3,78,78,BOL,BOL-ADM3-33444609B5007094,Llica,ADM3
79,484.9004164,1784,10,ADM3,79,79,BOL,BOL-ADM3-33444609B2586032,Quillacollo,ADM3
80,160.4108389,869,0,ADM3,80,80,BOL,BOL-ADM3-33444609B27378021,Sacaba,ADM3
81,340.5178062,1190,5,ADM3,81,81,BOL,BOL-ADM3-33444609B80439797,Tiquipaya,ADM3
82,10.68337522,17,6,ADM3,82,82,BOL,BOL-ADM3-33444609B86021401,Colcapirhua,ADM3
83,278.1755845,1309,9,ADM3,83,83,BOL,BOL-ADM3-33444609B57513939,Sipesipe,ADM3
84,402.6320883,1198,16,ADM3,84,84,BOL,BOL-ADM3-33444609B63544582,Vinto,ADM3
85,302.0836685,635,27,ADM3,85,85,BOL,BOL-ADM3-33444609B91378627,Tarata,ADM3
86,1029.048043,2801,97,ADM3,86,86,BOL,BOL-ADM3-33444609B10790515,Totora,ADM3
87,1074.444968,2479,31,ADM3,87,87,BOL,BOL-ADM3-33444609B62366677,Buena Vista,ADM3
88,457.4694784,1395,52,ADM3,88,88,BOL,BOL-ADM3-33444609B65201053,San Carlos,ADM3
89,921.6645748,3179,213,ADM3,89,89,BOL,BOL-ADM3-33444609B24515942,Magdalena,ADM3
90,138.751244,494,10,ADM3,90,90,BOL,BOL-ADM3-33444609B38843317,Portachuelo,ADM3
91,736.1104157,1840,281,ADM3,91,91,BOL,BOL-ADM3-33444609B37744367,San Antonio de Esmoruco,ADM3
92,329.4143917,983,16,ADM3,92,92,BOL,BOL-ADM3-33444609B1106358,Uriondo,ADM3
93,1249.168972,1916,380,ADM3,93,93,BOL,BOL-ADM3-33444609B85745690,Mojinete,ADM3
94,238.5253636,883,0,ADM3,94,94,BOL,BOL-ADM3-33444609B87243497,Yacuiba,ADM3
95,289.1203847,1042,46,ADM3,95,95,BOL,BOL-ADM3-33444609B234644,Yunchará,ADM3
96,470.4078528,1621,19,ADM3,96,96,BOL,BOL-ADM3-33444609B75965900,Caraparí,ADM3
97,542.3815101,1228,2,ADM3,97,97,BOL,BOL-ADM3-33444609B88496650,San Lorenzo,ADM3
98,395.7389468,1206,22,ADM3,98,98,BOL,BOL-ADM3-33444609B59853279,El Puente,ADM3
99,442.9058517,1180,83,ADM3,99,99,BOL,BOL-ADM3-33444609B34120572,Toro Toro,ADM3
100,554.1676394,1574,275,ADM3,100,100,BOL,BOL-ADM3-33444609B63002823,San Agustín,ADM3
101,316.9913568,1194,0,ADM3,101,101,BOL,BOL-ADM3-33444609B48940768,Tarija,ADM3
102,945.4188817,1630,223,ADM3,102,102,BOL,BOL-ADM3-33444609B83584775,Tahua,ADM3
103,840.4816399,3322,112,ADM3,103,103,BOL,BOL-ADM3-33444609B12022744,San Pablo,ADM3
104,301.5059269,1286,71,ADM3,104,104,BOL,BOL-ADM3-33444609B6650687,Las Carreras,ADM3
105,450.2655567,1257,89,ADM3,105,105,BOL,BOL-ADM3-33444609B72563416,Villa Abecia,ADM3
106,1065.997392,2322,30,ADM3,106,106,BOL,BOL-ADM3-33444609B32136747,Morochata,ADM3
107,873.6612505,1599,396,ADM3,107,107,BOL,BOL-ADM3-33444609B11014199,Carangas,ADM3
108,358.3838826,672,159,ADM3,108,108,BOL,BOL-ADM3-33444609B29831186,Yunguyo del Litoral,ADM3
109,350.6150081,790,145,ADM3,109,109,BOL,BOL-ADM3-33444609B64125054,Cruz de Machacamarca,ADM3
110,261.7728608,804,65,ADM3,110,110,BOL,BOL-ADM3-33444609B44425060,Antequera,ADM3
111,125.6135669,225,105,ADM3,111,111,BOL,BOL-ADM3-33444609B30420791,Nazacara de Pacajes,ADM3
112,378.815673,1045,75,ADM3,112,112,BOL,BOL-ADM3-33444609B25496031,Caquiaviri,ADM3
113,314.2860876,780,104,ADM3,113,113,BOL,BOL-ADM3-33444609B78062899,Belén de Andamarca,ADM3
114,253.1569323,1208,58,ADM3,114,114,BOL,BOL-ADM3-33444609B19215102,Corque,ADM3
115,516.1213628,1682,63,ADM3,115,115,BOL,BOL-ADM3-33444609B29766009,Vitiche,ADM3
116,323.6193963,1016,93,ADM3,116,116,BOL,BOL-ADM3-33444609B50583695,Luribay,ADM3
117,99.96808323,654,18,ADM3,117,117,BOL,BOL-ADM3-33444609B61739549,Machacamarca,ADM3
118,259.7498828,612,76,ADM3,118,118,BOL,BOL-ADM3-33444609B79352083,Arampampa,ADM3
119,181.7596912,608,59,ADM3,119,119,BOL,BOL-ADM3-33444609B67664908,Sacabamba,ADM3
120,184.8936368,570,47,ADM3,120,120,BOL,BOL-ADM3-33444609B24659770,Anzaldo,ADM3
121,76.23149797,157,41,ADM3,121,121,BOL,BOL-ADM3-33444609B17865743,Toco,ADM3
122,433.7796222,682,127,ADM3,122,122,BOL,BOL-ADM3-33444609B84509711,Villa Gualberto Villarroel,ADM3
123,235.2947976,354,127,ADM3,123,123,BOL,BOL-ADM3-33444609B63808862,Tacachi,ADM3
124,45.35095675,110,37,ADM3,124,124,BOL,BOL-ADM3-33444609B45712919,Cliza,ADM3
125,311.4682473,707,55,ADM3,125,125,BOL,BOL-ADM3-33444609B71410216,Tacopaya,ADM3
126,182.4455292,527,7,ADM3,126,126,BOL,BOL-ADM3-33444609B34376575,El Choro,ADM3
127,189.6734972,756,23,ADM3,127,127,BOL,BOL-ADM3-33444609B90107878,Toledo,ADM3
128,208.490068,542,27,ADM3,128,128,BOL,BOL-ADM3-33444609B16998103,Santivañez,ADM3
129,231.748517,811,14,ADM3,129,129,BOL,BOL-ADM3-33444609B37510264,Paria,ADM3
130,337.639646,943,44,ADM3,130,130,BOL,BOL-ADM3-33444609B66068349,Collana,ADM3
131,62.33064018,174,21,ADM3,131,131,BOL,BOL-ADM3-33444609B94491619,Tolata,ADM3
132,340.0663449,652,142,ADM3,132,132,BOL,BOL-ADM3-33444609B30727604,Cobija,ADM3
133,173.6320434,465,61,ADM3,133,133,BOL,BOL-ADM3-33444609B21077453,Eucaliptus,ADM3
134,512.4055127,1294,125,ADM3,134,134,BOL,BOL-ADM3-33444609B28630051,Santiago de Callapa,ADM3
135,33.79936309,234,0,ADM3,135,135,BOL,BOL-ADM3-33444609B41741681,Cochabamba,ADM3
136,323.6677737,1260,6,ADM3,136,136,BOL,BOL-ADM3-33444609B22900187,Caracollo,ADM3
137,772.7841317,1630,176,ADM3,137,137,BOL,BOL-ADM3-33444609B21007182,Catacora,ADM3
138,487.58624,1182,88,ADM3,138,138,BOL,BOL-ADM3-33444609B25632649,Yaco,ADM3
139,439.9669033,1759,116,ADM3,139,139,BOL,BOL-ADM3-33444609B93045845,Calacoto,ADM3
140,228.110811,774,55,ADM3,140,140,BOL,BOL-ADM3-33444609B26131324,Arani,ADM3
141,59.2646464,163,45,ADM3,141,141,BOL,BOL-ADM3-33444609B3757470,Punata,ADM3
142,274.740117,1162,61,ADM3,142,142,BOL,BOL-ADM3-33444609B21151286,Sicasica,ADM3
143,240.6025861,893,70,ADM3,143,143,BOL,BOL-ADM3-33444609B32005482,Patacamaya,ADM3
144,625.2656086,1583,39,ADM3,144,144,BOL,BOL-ADM3-33444609B19082627,Colquencha,ADM3
145,441.742248,1411,136,ADM3,145,145,BOL,BOL-ADM3-33444609B96911206,Santiago de Machaca,ADM3
146,502.7741432,1378,165,ADM3,146,146,BOL,BOL-ADM3-33444609B58600296,Sena,ADM3
147,518.8364617,1506,80,ADM3,147,147,BOL,BOL-ADM3-33444609B26946399,San Lorenzo,ADM3
148,555.3197294,1750,122,ADM3,148,148,BOL,BOL-ADM3-33444609B90312020,Santa Rosa,ADM3
149,404.7128983,1803,88,ADM3,149,149,BOL,BOL-ADM3-33444609B20955158,Malla,ADM3
150,343.051963,1317,56,ADM3,150,150,BOL,BOL-ADM3-33444609B91729130,Comanche,ADM3
151,199.6328339,749,28,ADM3,151,151,BOL,BOL-ADM3-33444609B41933053,Calamarca,ADM3
152,130.2307964,720,9,ADM3,152,152,BOL,BOL-ADM3-33444609B85812802,Viacha,ADM3
153,575.1654511,1725,132,ADM3,153,153,BOL,BOL-ADM3-33444609B79205479,Villa Libertad Licoma,ADM3
154,1280.470881,2797,114,ADM3,154,154,BOL,BOL-ADM3-33444609B66902866,Quime,ADM3
155,125.6671306,356,63,ADM3,155,155,BOL,BOL-ADM3-33444609B98511044,Huatajata,ADM3
156,197.9238953,1102,12,ADM3,156,156,BOL,BOL-ADM3-33444609B79531063,Laja,ADM3
157,233.7627969,906,13,ADM3,157,157,BOL,BOL-ADM3-33444609B83826918,Mecapaca,ADM3
158,330.0007048,2563,15,ADM3,158,158,BOL,BOL-ADM3-33444609B56483619,Palca,ADM3
159,108.6096027,431,4,ADM3,159,159,BOL,BOL-ADM3-33444609B1863080,Achocalla,ADM3
160,235.4424058,3048,0,ADM3,160,160,BOL,BOL-ADM3-33444609B30011805,El Alto,ADM3
161,629.2083383,2155,28,ADM3,161,161,BOL,BOL-ADM3-33444609B40374901,Yanacachi,ADM3
162,218.2832938,1082,0,ADM3,162,162,BOL,BOL-ADM3-33444609B99579203,Tapacarí,ADM3
163,223.6361771,436,83,ADM3,163,163,BOL,BOL-ADM3-33444609B26061868,Desaguadero,ADM3
164,384.7931239,1498,52,ADM3,164,164,BOL,BOL-ADM3-33444609B81723104,Jesús de Machaka,ADM3
165,242.915875,1209,63,ADM3,165,165,BOL,BOL-ADM3-33444609B3928389,Puerto Mayor de Guaqui,ADM3
166,219.2559643,446,133,ADM3,166,166,BOL,BOL-ADM3-33444609B83959891,Tito Yupanqui,ADM3
167,758.8833022,3489,12,ADM3,167,167,BOL,BOL-ADM3-33444609B86182822,Pucarani,ADM3
168,474.4140553,937,95,ADM3,168,168,BOL,BOL-ADM3-33444609B86015105,Combaya,ADM3
169,552.0193261,2113,29,ADM3,169,169,BOL,BOL-ADM3-33444609B70122176,Coroico,ADM3
170,1006.390778,2260,48,ADM3,170,170,BOL,BOL-ADM3-33444609B52332460,Coripata,ADM3
171,232.0734414,511,117,ADM3,171,171,BOL,BOL-ADM3-33444609B75079070,Quiabaya,ADM3
172,451.2281953,1042,139,ADM3,172,172,BOL,BOL-ADM3-33444609B51912538,Aucapata,ADM3
173,297.5055071,931,55,ADM3,173,173,BOL,BOL-ADM3-33444609B77019342,Ayo Ayo,ADM3
174,503.4869517,1396,187,ADM3,174,174,BOL,BOL-ADM3-33444609B52543177,Azurduy,ADM3
175,299.9947361,787,161,ADM3,175,175,BOL,BOL-ADM3-33444609B93497004,Tipuani,ADM3
176,1117.727821,3690,0,ADM3,176,176,BOL,BOL-ADM3-33444609B95766629,Nuestra Señora de La Paz,ADM3
177,498.6951192,3369,88,ADM3,177,177,BOL,BOL-ADM3-33444609B93873258,Sorata,ADM3
178,917.5520627,2355,189,ADM3,178,178,BOL,BOL-ADM3-33444609B25803532,La Asunta,ADM3
179,302.0681902,974,108,ADM3,179,179,BOL,BOL-ADM3-33444609B88180595,Chuma,ADM3
180,675.4912747,3293,139,ADM3,180,180,BOL,BOL-ADM3-33444609B33390960,Guanay,ADM3
181,485.8036665,1109,198,ADM3,181,181,BOL,BOL-ADM3-33444609B45650655,Teoponte,ADM3
182,504.4823959,1322,141,ADM3,182,182,BOL,BOL-ADM3-33444609B90372031,Mapiri,ADM3
183,519.773504,1530,155,ADM3,183,183,BOL,BOL-ADM3-33444609B50407902,Charazani,ADM3
184,288.5829069,1227,21,ADM3,184,184,BOL,BOL-ADM3-33444609B73754741,"Caiza ""D""",ADM3
185,306.3499069,632,132,ADM3,185,185,BOL,BOL-ADM3-33444609B22177467,Copacabana,ADM3
186,393.3393696,977,134,ADM3,186,186,BOL,BOL-ADM3-33444609B65808761,Tarvita,ADM3
187,459.4850598,1453,31,ADM3,187,187,BOL,BOL-ADM3-33444609B42666607,Chaquí,ADM3
188,313.5494486,1412,37,ADM3,188,188,BOL,BOL-ADM3-33444609B15997979,Puna,ADM3
189,488.7722864,1467,77,ADM3,189,189,BOL,BOL-ADM3-33444609B30593293,Ckochas,ADM3
190,837.4760766,1795,158,ADM3,190,190,BOL,BOL-ADM3-33444609B60642341,El Villar,ADM3
191,502.3148709,1186,118,ADM3,191,191,BOL,BOL-ADM3-33444609B90845226,Huacaya,ADM3
192,364.1390057,1422,116,ADM3,192,192,BOL,BOL-ADM3-33444609B27309972,Tacacoma,ADM3
193,407.4302259,1076,133,ADM3,193,193,BOL,BOL-ADM3-33444609B13482689,Huacareta,ADM3
194,692.1980716,1795,175,ADM3,194,194,BOL,BOL-ADM3-33444609B9106763,Monteagudo,ADM3
195,232.3843719,1124,0,ADM3,195,195,BOL,BOL-ADM3-33444609B51923126,Potosí,ADM3
196,219.082423,393,90,ADM3,196,196,BOL,BOL-ADM3-33444609B67965715,San Pedro de Tiquina,ADM3
197,500.9986304,1127,215,ADM3,197,197,BOL,BOL-ADM3-33444609B6445025,Lagunillas,ADM3
198,495.4827737,873,123,ADM3,198,198,BOL,BOL-ADM3-33444609B92818499,Alcalá,ADM3
199,430.4057737,915,128,ADM3,199,199,BOL,BOL-ADM3-33444609B9397800,Sopachui,ADM3
200,348.8015162,906,87,ADM3,200,200,BOL,BOL-ADM3-33444609B74292684,Villa Ricardo Mugia - Icla,ADM3
201,114.3988319,387,6,ADM3,201,201,BOL,BOL-ADM3-33444609B38543160,Yotala,ADM3
202,226.4425114,688,13,ADM3,202,202,BOL,BOL-ADM3-33444609B32418048,Yamparáez,ADM3
203,295.4512314,820,89,ADM3,203,203,BOL,BOL-ADM3-33444609B38412786,Tomina,ADM3
204,355.7438811,931,49,ADM3,204,204,BOL,BOL-ADM3-33444609B72440734,Ocurí,ADM3
205,283.5777448,839,37,ADM3,205,205,BOL,BOL-ADM3-33444609B73936756,Tarabuco,ADM3
206,320.714223,824,67,ADM3,206,206,BOL,BOL-ADM3-33444609B5472183,Zudañez,ADM3
207,696.0150096,1993,202,ADM3,207,207,BOL,BOL-ADM3-33444609B88989469,Curva,ADM3
208,856.2155721,2698,156,ADM3,208,208,BOL,BOL-ADM3-33444609B30997278,Pelechuco,ADM3
209,1246.851004,2572,277,ADM3,209,209,BOL,BOL-ADM3-33444609B83015549,Palos Blancos,ADM3
210,728.2361328,2444,186,ADM3,210,210,BOL,BOL-ADM3-33444609B25123274,Apolo,ADM3
211,864.9779143,2196,315,ADM3,211,211,BOL,BOL-ADM3-33444609B4331330,Puerto Menor de Rurrenabaque,ADM3
212,556.8592237,1386,312,ADM3,212,212,BOL,BOL-ADM3-33444609B85439426,San Buenaventura,ADM3
213,603.7085766,2100,80,ADM3,213,213,BOL,BOL-ADM3-33444609B23560373,Santa Ana,ADM3
214,896.2430288,3064,184,ADM3,214,214,BOL,BOL-ADM3-33444609B36751060,San Borja,ADM3
215,716.4354631,2084,158,ADM3,215,215,BOL,BOL-ADM3-33444609B13357475,Reyes,ADM3
216,346.7645767,1000,0,ADM3,216,216,BOL,BOL-ADM3-33444609B85003487,Puerto Gonzalo Moreno,ADM3
217,714.6500551,1427,228,ADM3,217,217,BOL,BOL-ADM3-33444609B80291858,Puerto Siles,ADM3
218,750.6524065,1929,144,ADM3,218,218,BOL,BOL-ADM3-33444609B10458910,Exaltación,ADM3
219,474.618318,2007,1,ADM3,219,219,BOL,BOL-ADM3-33444609B93314585,Riberalta,ADM3
220,473.6841645,1011,213,ADM3,220,220,BOL,BOL-ADM3-33444609B95419155,Porvenir,ADM3
221,400.0678424,1220,66,ADM3,221,221,BOL,BOL-ADM3-33444609B83803279,Bella Flor,ADM3
222,245.127364,679,0,ADM3,222,222,BOL,BOL-ADM3-33444609B11509981,San Pedro,ADM3
223,352.9993114,1076,109,ADM3,223,223,BOL,BOL-ADM3-33444609B55981723,Puerto Rico,ADM3
224,620.3747799,1682,122,ADM3,224,224,BOL,BOL-ADM3-33444609B45825141,Santa Rosa,ADM3
225,484.7858952,1539,140,ADM3,225,225,BOL,BOL-ADM3-33444609B53699713,Ingavi,ADM3
226,735.0622237,1862,48,ADM3,226,226,BOL,BOL-ADM3-33444609B93580112,Guayaramerín,ADM3
227,483.6224297,1630,18,ADM3,227,227,BOL,BOL-ADM3-33444609B33507653,Villa Nueva,ADM3
228,1103.539773,2657,111,ADM3,228,228,BOL,BOL-ADM3-33444609B15181859,Santos Mercado,ADM3
229,738.9486556,1850,98,ADM3,229,229,BOL,BOL-ADM3-33444609B91423379,Nueva Esperanza,ADM3
230,180.2211564,494,82,ADM3,230,230,BOL,BOL-ADM3-33444609B41664570,Santiago de Huata,ADM3
231,221.7979879,573,65,ADM3,231,231,BOL,BOL-ADM3-33444609B7909722,Puerto Pérez,ADM3
232,631.7376032,1534,110,ADM3,232,232,BOL,BOL-ADM3-33444609B27408509,Chuquihuta Ayllu Jucumani,ADM3
233,539.419434,1165,223,ADM3,233,233,BOL,BOL-ADM3-33444609B21368266,Bolpebra,ADM3
234,581.4775766,1527,226,ADM3,234,234,BOL,BOL-ADM3-33444609B21491486,Filadelfia,ADM3
235,441.0101638,1053,252,ADM3,235,235,BOL,BOL-ADM3-33444609B19655093,Alto Beni,ADM3
236,684.615776,1888,79,ADM3,236,236,BOL,BOL-ADM3-33444609B96037932,Caranavi,ADM3
237,228.9533416,933,49,ADM3,237,237,BOL,BOL-ADM3-33444609B8469227,Huarina,ADM3
238,318.9538843,1086,38,ADM3,238,238,BOL,BOL-ADM3-33444609B76614989,Bolivar,ADM3
239,268.9384697,776,68,ADM3,239,239,BOL,BOL-ADM3-33444609B43692068,Chua Cocani,ADM3
240,437.1974854,875,156,ADM3,240,240,BOL,BOL-ADM3-33444609B78666461,Humanata,ADM3
241,776.9068497,2215,144,ADM3,241,241,BOL,BOL-ADM3-33444609B92881157,Villa Vaca Guzmán,ADM3
242,1145.931869,3293,31,ADM3,242,242,BOL,BOL-ADM3-33444609B42689736,Batallas,ADM3
243,620.5812871,1856,123,ADM3,243,243,BOL,BOL-ADM3-33444609B75760336,Padilla,ADM3
244,461.7089843,1147,103,ADM3,244,244,BOL,BOL-ADM3-33444609B69980236,Mojocoya,ADM3
245,435.3365175,1022,173,ADM3,245,245,BOL,BOL-ADM3-33444609B51772236,Pucará,ADM3
246,537.9793664,1175,146,ADM3,246,246,BOL,BOL-ADM3-33444609B69127220,Villa Serrano,ADM3
247,736.7655011,2290,110,ADM3,247,247,BOL,BOL-ADM3-33444609B12353677,Macharetí,ADM3
248,569.9210804,1803,178,ADM3,248,248,BOL,BOL-ADM3-33444609B47604355,Boyuibe,ADM3
249,420.094365,1097,212,ADM3,249,249,BOL,BOL-ADM3-33444609B96934473,Cuevo,ADM3
250,592.918139,1238,238,ADM3,250,250,BOL,BOL-ADM3-33444609B99493244,Camiri,ADM3
251,2363.903725,4405,51,ADM3,251,251,BOL,BOL-ADM3-33444609B83608870,Cocapata,ADM3
252,628.1326523,1680,142,ADM3,252,252,BOL,BOL-ADM3-33444609B53201147,Vallegrande,ADM3
253,611.4084913,1650,144,ADM3,253,253,BOL,BOL-ADM3-33444609B32904525,Gutiérrez,ADM3
254,193.6922935,971,0,ADM3,254,254,BOL,BOL-ADM3-33444609B61390228,Sucre,ADM3
255,481.9288158,1147,65,ADM3,255,255,BOL,BOL-ADM3-33444609B90222474,Presto,ADM3
256,1001.954588,2131,123,ADM3,256,256,BOL,BOL-ADM3-33444609B25796587,Postrervalle,ADM3
257,343.2307694,710,158,ADM3,257,257,BOL,BOL-ADM3-33444609B52561385,Trigal,ADM3
258,246.8755026,544,117,ADM3,258,258,BOL,BOL-ADM3-33444609B67865308,Quirusillas,ADM3
259,437.1455465,2215,30,ADM3,259,259,BOL,BOL-ADM3-33444609B3158247,Cabezas,ADM3
260,106.1954808,346,15,ADM3,260,260,BOL,BOL-ADM3-33444609B36360155,Cotoca,ADM3
261,1029.943696,2857,69,ADM3,261,261,BOL,BOL-ADM3-33444609B82294182,Yapacaní,ADM3
262,772.5900893,1417,54,ADM3,262,262,BOL,BOL-ADM3-33444609B81436946,Cuatro Cañadas,ADM3
263,555.7049875,1417,142,ADM3,263,263,BOL,BOL-ADM3-33444609B34841445,San Ramón,ADM3
264,535.8148171,1355,133,ADM3,264,264,BOL,BOL-ADM3-33444609B57224915,San Javier,ADM3
265,693.3028555,1952,207,ADM3,265,265,BOL,BOL-ADM3-33444609B78704867,San Miguel,ADM3
266,795.6916466,3408,30,ADM3,266,266,BOL,BOL-ADM3-33444609B25395901,Villa Tunari,ADM3
267,549.4465489,1219,118,ADM3,267,267,BOL,BOL-ADM3-33444609B24552917,Chimoré,ADM3
268,885.3771068,2556,23,ADM3,268,268,BOL,BOL-ADM3-33444609B18430420,Tiraque,ADM3
269,481.9330175,1689,74,ADM3,269,269,BOL,BOL-ADM3-33444609B95602913,Shinahota,ADM3
270,27.54129801,178,0,ADM3,270,270,BOL,BOL-ADM3-33444609B71154134,Montero,ADM3
271,791.1568964,2319,170,ADM3,271,271,BOL,BOL-ADM3-33444609B46709169,Ascención de Guarayos,ADM3
272,618.8456122,2386,20,ADM3,272,272,BOL,BOL-ADM3-33444609B55665100,San Andrés,ADM3
273,297.6459982,877,71,ADM3,273,273,BOL,BOL-ADM3-33444609B36270672,Vacas,ADM3
274,302.4570091,890,82,ADM3,274,274,BOL,BOL-ADM3-33444609B99795676,Pocona,ADM3
275,140.1260727,397,31,ADM3,275,275,BOL,BOL-ADM3-33444609B439401,Okinawa Uno,ADM3
276,108.8011178,436,6,ADM3,276,276,BOL,BOL-ADM3-33444609B11056664,Warnes,ADM3
277,102.2857047,489,5,ADM3,277,277,BOL,BOL-ADM3-33444609B54301679,General Saavedra,ADM3
278,684.199308,2393,46,ADM3,278,278,BOL,BOL-ADM3-33444609B10251116,Pailón,ADM3
279,330.0505104,702,31,ADM3,279,279,BOL,BOL-ADM3-33444609B49773042,Fernández Alonso,ADM3
280,184.0428687,504,20,ADM3,280,280,BOL,BOL-ADM3-33444609B82751741,Mineros,ADM3
281,368.5928523,1245,127,ADM3,281,281,BOL,BOL-ADM3-33444609B58335505,Pampa Grande,ADM3
282,435.7408026,1300,101,ADM3,282,282,BOL,BOL-ADM3-33444609B78053551,Mairana,ADM3
283,461.1305693,1203,129,ADM3,283,283,BOL,BOL-ADM3-33444609B66013257,Puerto Villarroel,ADM3
284,100.7017747,466,21,ADM3,284,284,BOL,BOL-ADM3-33444609B84075203,Colpa Bélgica,ADM3
285,1259.830163,2752,99,ADM3,285,285,BOL,BOL-ADM3-33444609B58337466,Puerto Suarez,ADM3
286,773.8734807,2350,173,ADM3,286,286,BOL,BOL-ADM3-33444609B52930702,El Carmen Rivero Tórrez,ADM3
287,629.4403716,1692,246,ADM3,287,287,BOL,BOL-ADM3-33444609B32568642,Roboré,ADM3
288,684.7447241,2204,66,ADM3,288,288,BOL,BOL-ADM3-33444609B83253902,San Matías,ADM3
289,912.6096381,2786,89,ADM3,289,289,BOL,BOL-ADM3-33444609B85273692,Charagua,ADM3
290,906.8047406,3212,217,ADM3,290,290,BOL,BOL-ADM3-33444609B21156081,San José,ADM3
291,1086.195288,3062,268,ADM3,291,291,BOL,BOL-ADM3-33444609B61104849,San Rafael,ADM3
292,515.6727391,1821,32,ADM3,292,292,BOL,BOL-ADM3-33444609B74694029,Ayopaya,ADM3
293,1021.90585,3124,137,ADM3,293,293,BOL,BOL-ADM3-33444609B38230040,San Ignacio,ADM3
294,746.2474483,2129,209,ADM3,294,294,BOL,BOL-ADM3-33444609B93004293,Urubicha,ADM3
295,809.7043547,2181,163,ADM3,295,295,BOL,BOL-ADM3-33444609B21187437,Baures,ADM3
296,221.1568814,2210,0,ADM3,296,296,BOL,BOL-ADM3-33444609B59063344,Trinidad,ADM3
297,473.8324671,1104,246,ADM3,297,297,BOL,BOL-ADM3-33444609B54102559,San Antonio de Lomerio,ADM3
298,1421.303221,3332,130,ADM3,298,298,BOL,BOL-ADM3-33444609B66575543,Pojo,ADM3
299,1103.864804,2745,146,ADM3,299,299,BOL,BOL-ADM3-33444609B6351519,Entre Ríos,ADM3
300,421.387233,1046,36,ADM3,300,300,BOL,BOL-ADM3-33444609B40832379,Poroma,ADM3
301,277.8351015,869,27,ADM3,301,301,BOL,BOL-ADM3-33444609B77419578,Colomi,ADM3
302,430.0445982,900,81,ADM3,302,302,BOL,BOL-ADM3-33444609B47454413,Alalay,ADM3
303,223.1996011,562,76,ADM3,303,303,BOL,BOL-ADM3-33444609B95117685,Vila Vila,ADM3
304,1056.637257,2860,203,ADM3,304,304,BOL,BOL-ADM3-33444609B5346742,Ixiamas,ADM3
305,606.5545267,1601,128,ADM3,305,305,BOL,BOL-ADM3-33444609B73132405,Ayata,ADM3
306,531.3704864,1891,117,ADM3,306,306,BOL,BOL-ADM3-33444609B71435776,Uyuni,ADM3
307,263.5836979,827,62,ADM3,307,307,BOL,BOL-ADM3-33444609B66511934,Waldo Ballivian,ADM3
308,585.959572,2638,144,ADM3,308,308,BOL,BOL-ADM3-33444609B68137279,Curahuara de Carangas,ADM3
309,243.1935489,1071,90,ADM3,309,309,BOL,BOL-ADM3-33444609B36186520,Choquecota,ADM3
310,344.3885663,901,124,ADM3,310,310,BOL,BOL-ADM3-33444609B87640342,Escara,ADM3
311,544.3063233,1201,254,ADM3,311,311,BOL,BOL-ADM3-33444609B79549253,Coipasa,ADM3
312,285.5288646,635,161,ADM3,312,312,BOL,BOL-ADM3-33444609B48403080,Chipaya,ADM3
313,285.5159265,752,104,ADM3,313,313,BOL,BOL-ADM3-33444609B66088023,Chayanta,ADM3
314,368.1256343,1045,134,ADM3,314,314,BOL,BOL-ADM3-33444609B60563542,Salinas de Garcí Mendoza,ADM3
315,472.4637485,1990,94,ADM3,315,315,BOL,BOL-ADM3-33444609B90206942,Tupiza,ADM3
316,495.2868116,1494,171,ADM3,316,316,BOL,BOL-ADM3-33444609B106993,Atocha,ADM3
317,629.2436083,1839,142,ADM3,317,317,BOL,BOL-ADM3-33444609B51545061,San Pedro de Quemes,ADM3
318,555.9984874,1590,52,ADM3,318,318,BOL,BOL-ADM3-33444609B42696709,San Julián,ADM3
319,763.5339665,1819,120,ADM3,319,319,BOL,BOL-ADM3-33444609B68632045,El Puente,ADM3
320,623.01894,1859,151,ADM3,320,320,BOL,BOL-ADM3-33444609B10638383,Comarapa,ADM3
321,415.536789,1036,27,ADM3,321,321,BOL,BOL-ADM3-33444609B8717747,Bermejo,ADM3
322,376.8420071,1203,157,ADM3,322,322,BOL,BOL-ADM3-33444609B53463626,Villa Charcas,ADM3
323,336.7401405,819,147,ADM3,323,323,BOL,BOL-ADM3-33444609B82635532,Puerto Acosta,ADM3
324,306.0526926,776,139,ADM3,324,324,BOL,BOL-ADM3-33444609B17656422,Escoma,ADM3
325,436.542842,1592,171,ADM3,325,325,BOL,BOL-ADM3-33444609B71044330,Charaña,ADM3
326,255.8783941,1301,62,ADM3,326,326,BOL,BOL-ADM3-33444609B93991773,Achacachi,ADM3
327,126.2848458,377,70,ADM3,327,327,BOL,BOL-ADM3-33444609B13753118,Taraco,ADM3
328,512.3968626,1574,101,ADM3,328,328,BOL,BOL-ADM3-33444609B75690871,La (Marka) San Andrés de Mach,ADM3
329,242.4654666,745,36,ADM3,329,329,BOL,BOL-ADM3-33444609B31051948,Tacobamba,ADM3
330,485.7611047,1772,70,ADM3,330,330,BOL,BOL-ADM3-33444609B24985970,Challapata,ADM3
331,726.3509346,1990,86,ADM3,331,331,BOL,BOL-ADM3-33444609B93024851,Uncía,ADM3
332,465.6350156,1101,19,ADM3,332,332,BOL,BOL-ADM3-33444609B54083051,Ravelo,ADM3
333,251.4609839,640,102,ADM3,333,333,BOL,BOL-ADM3-33444609B27870252,Mizque,ADM3
334,413.3786276,1045,145,ADM3,334,334,BOL,BOL-ADM3-33444609B5020991,Pasorapa,ADM3
335,514.1945756,1624,60,ADM3,335,335,BOL,BOL-ADM3-33444609B93401902,Cotagaita,ADM3
336,504.988877,1407,107,ADM3,336,336,BOL,BOL-ADM3-33444609B61161865,Camargo,ADM3
337,320.2007369,856,97,ADM3,337,337,BOL,BOL-ADM3-33444609B2211567,Villazón,ADM3
338,588.4925909,1474,129,ADM3,338,338,BOL,BOL-ADM3-33444609B28920794,Padcaya,ADM3