asdf_id,globalwindatlas_powerdensity.none.mean,globalwindatlas_powerdensity.none.max,globalwindatlas_powerdensity.none.min,Level,gqid,id,shapeGroup,shapeID,shapeName,shapeType
0,53.1307711542,229.351669312,17.098783493,ADM3,0,0,BOL,BOL-ADM3-33444609B20338026,Esmeralda,ADM3
1,46.7772328184,587.085083008,8.38132095337,ADM3,1,1,BOL,BOL-ADM3-33444609B53994240,Santuario de Quillacas,ADM3
2,46.7963114604,202.109039307,16.7245407104,ADM3,2,2,BOL,BOL-ADM3-33444609B27878331,Pampa Aullagas,ADM3
3,118.789983519,778.316894531,2.71409344673,ADM3,3,3,BOL,BOL-ADM3-33444609B13957296,Llallagua,ADM3
4,105.444548044,547.260864258,2.73216056824,ADM3,4,4,BOL,BOL-ADM3-33444609B2060227,Caripuyo,ADM3
5,79.883462362,1280.38220215,0.0617015808821,ADM3,5,5,BOL,BOL-ADM3-33444609B22499454,Aiquile,ADM3
6,112.359088992,880.203796387,2.6297044754,ADM3,6,6,BOL,BOL-ADM3-33444609B14646898,Sacaca,ADM3
7,112.41640779,1112.11608887,1.34781014919,ADM3,7,7,BOL,BOL-ADM3-33444609B19396342,Acasio,ADM3
8,144.284860451,811.455383301,10.748916626,ADM3,8,8,BOL,BOL-ADM3-33444609B48998442,Huanuni,ADM3
9,55.9417769765,263.196044922,17.317276001,ADM3,9,9,BOL,BOL-ADM3-33444609B43353864,Huachacalla,ADM3
10,99.164506473,9494.14355469,4.29527664185,ADM3,10,10,BOL,BOL-ADM3-33444609B12212981,Santiago de Huari,ADM3
11,80.2468797323,738.878417969,16.8636131287,ADM3,11,11,BOL,BOL-ADM3-33444609B81698958,Pazña,ADM3
12,31.3805012722,166.765365601,10.131901741,ADM3,12,12,BOL,BOL-ADM3-33444609B39428862,Villa Rivero,ADM3
13,49.8436459852,4603.27197266,17.9336547852,ADM3,13,13,BOL,BOL-ADM3-33444609B55151365,Andamarca,ADM3
14,52.7607827531,116.212265015,25.213891983,ADM3,14,14,BOL,BOL-ADM3-33444609B33779243,Chacarilla,ADM3
15,38.8578511695,345.630096436,6.70522451401,ADM3,15,15,BOL,BOL-ADM3-33444609B65270572,Arbieto,ADM3
16,44.3631032517,40628.2890625,23.6130695343,ADM3,16,16,BOL,BOL-ADM3-33444609B96301403,Papel Pampa,ADM3
17,65.3923591036,143.937408447,26.7053871155,ADM3,17,17,BOL,BOL-ADM3-33444609B33786797,Umala,ADM3
18,71.536252666,348.423828125,26.1578216553,ADM3,18,18,BOL,BOL-ADM3-33444609B89522171,Oruro,ADM3
19,49.049003371,17571.1113281,10.6862592697,ADM3,19,19,BOL,BOL-ADM3-33444609B49437729,Huayllamarca,ADM3
20,42.7419525956,763.40802002,17.7750759125,ADM3,20,20,BOL,BOL-ADM3-33444609B90350398,San Pedro de Curahuara,ADM3
21,122.489794906,677.742553711,4.20128774643,ADM3,21,21,BOL,BOL-ADM3-33444609B28043407,Sicaya,ADM3
22,49.8146108759,334.321838379,11.7762517929,ADM3,22,22,BOL,BOL-ADM3-33444609B22047407,Puerto Quijarro,ADM3
23,125.570375866,941.717773438,0.864668428898,ADM3,23,23,BOL,BOL-ADM3-33444609B45253703,Capinota,ADM3
24,183.059441064,1025.6418457,1.64261364937,ADM3,24,24,BOL,BOL-ADM3-33444609B98674568,Arque,ADM3
25,45.2876013865,216.765472412,14.1532936096,ADM3,25,25,BOL,BOL-ADM3-33444609B17270625,Corocoro,ADM3
26,83.2341666903,1201.23498535,9.76859664917,ADM3,26,26,BOL,BOL-ADM3-33444609B19104054,San Benito,ADM3
27,114.586374518,2246.55322266,0.508713364601,ADM3,27,27,BOL,BOL-ADM3-33444609B66518212,Sapahaqui,ADM3
28,195.641280239,5586.84375,0.0373630002141,ADM3,28,28,BOL,BOL-ADM3-33444609B10766550,Cairoma,ADM3
29,124.958462691,1522.51049805,0.179177865386,ADM3,29,29,BOL,BOL-ADM3-33444609B98493674,Colquiri,ADM3
30,93.414715807,982.770324707,0.380527347326,ADM3,30,30,BOL,BOL-ADM3-33444609B35095185,Ichoca,ADM3
31,391.32009452,859.74786377,103.534622192,ADM3,31,31,BOL,BOL-ADM3-33444609B27516383,La Guardia,ADM3
32,119.794405359,848.57208252,0.729435324669,ADM3,32,32,BOL,BOL-ADM3-33444609B65462728,Moromoro,ADM3
33,355.904292207,6164.32128906,1.28766465187,ADM3,33,33,BOL,BOL-ADM3-33444609B3283622,El Torno,ADM3
34,401.310936569,7263.88476562,0.154960617423,ADM3,34,34,BOL,BOL-ADM3-33444609B3665426,Samaipata,ADM3
35,113.230365075,1636.27453613,0.0787810385227,ADM3,35,35,BOL,BOL-ADM3-33444609B75362770,San Lucas,ADM3
36,109.292274524,2489.87353516,0.0544873140752,ADM3,36,36,BOL,BOL-ADM3-33444609B89526883,Culpina,ADM3
37,103.814766614,1198.68041992,0.221858844161,ADM3,37,37,BOL,BOL-ADM3-33444609B77799107,Incahuasi,ADM3
38,101.451428048,204.639129639,41.3151550293,ADM3,38,38,BOL,BOL-ADM3-33444609B36544235,San Juan,ADM3
39,114.632790624,1732.25976562,1.48420751095,ADM3,39,39,BOL,BOL-ADM3-33444609B69045844,Tinguipaya,ADM3
40,132.382164856,1745.86706543,0.229225486517,ADM3,40,40,BOL,BOL-ADM3-33444609B29777572,San Pedro,ADM3
41,153.914116246,764.452270508,5.03668737411,ADM3,41,41,BOL,BOL-ADM3-33444609B4195370,Villa Ancoraimes,ADM3
42,133.373263846,2473.63598633,15.0357732773,ADM3,42,42,BOL,BOL-ADM3-33444609B80268637,"Colcha ""K""",ADM3
43,128.179725036,576.467346191,0.736903071404,ADM3,43,43,BOL,BOL-ADM3-33444609B33602201,Puerto Mayor de Carabuco,ADM3
44,123.584835064,2670.02490234,12.5116415024,ADM3,44,44,BOL,BOL-ADM3-33444609B55181457,Sabaya,ADM3
45,57.434242983,166.475692749,18.8572540283,ADM3,45,45,BOL,BOL-ADM3-33444609B74955412,Loreto,ADM3
46,187.452786866,65483.0585938,2.03749155998,ADM3,46,46,BOL,BOL-ADM3-33444609B79735413,Tomave,ADM3
47,175.691899729,1272.90612793,8.28181266785,ADM3,47,47,BOL,BOL-ADM3-33444609B50648219,Porco,ADM3
48,77.4176803382,787.363830566,0.81109893322,ADM3,48,48,BOL,BOL-ADM3-33444609B43551685,Villa Montes,ADM3
49,143.872649374,955.480285645,2.75153851509,ADM3,49,49,BOL,BOL-ADM3-33444609B55738046,Yocalla,ADM3
50,219.295878854,1320.8848877,7.98532676697,ADM3,50,50,BOL,BOL-ADM3-33444609B4133228,Urmiri,ADM3
51,95.7056195652,619.048339844,0.226509034634,ADM3,51,51,BOL,BOL-ADM3-33444609B8281684,Mocomoco,ADM3
52,334.230487103,3351.65258789,3.05428719521,ADM3,52,52,BOL,BOL-ADM3-33444609B21235771,Saipina,ADM3
53,95.4587277624,1182.63964844,4.02879953384,ADM3,53,53,BOL,BOL-ADM3-33444609B25995685,Omereque,ADM3
54,258.648614582,2168.79418945,13.5415287018,ADM3,54,54,BOL,BOL-ADM3-33444609B55124296,Porongo,ADM3
55,309.156471402,452.507904053,161.742340088,ADM3,55,55,BOL,BOL-ADM3-33444609B6878387,Santa Cruz de la Sierra,ADM3
56,54.3832444145,738.805541992,0.556469559669,ADM3,56,56,BOL,BOL-ADM3-33444609B3318455,San Ignacio,ADM3
57,45.1602187354,110.863349915,23.3386039734,ADM3,57,57,BOL,BOL-ADM3-33444609B8905284,San Javier,ADM3
58,129.003645789,187.985870361,45.0236167908,ADM3,58,58,BOL,BOL-ADM3-33444609B2142879,San Pedro,ADM3
59,36.930047996,479.768249512,0.000720211595763,ADM3,59,59,BOL,BOL-ADM3-33444609B87038976,Cajuata,ADM3
60,68.681004213,852.848022461,0.00355617981404,ADM3,60,60,BOL,BOL-ADM3-33444609B59519836,Inquisivi,ADM3
61,105.48497518,6388.96044922,0.0166938006878,ADM3,61,61,BOL,BOL-ADM3-33444609B26067698,Irupana,ADM3
62,23.226270506,250.566009521,0.0117547716945,ADM3,62,62,BOL,BOL-ADM3-33444609B18902401,Chulumani,ADM3
63,85.4817041869,811.455383301,16.8935813904,ADM3,63,63,BOL,BOL-ADM3-33444609B62162538,Poopó,ADM3
64,43.8164524778,364.648834229,7.69105625153,ADM3,64,64,BOL,BOL-ADM3-33444609B19359116,Totora,ADM3
65,74.7999688394,1061.31604004,0.233205020428,ADM3,65,65,BOL,BOL-ADM3-33444609B40503271,Betanzos,ADM3
66,80.809258131,2995.92260742,10.6806182861,ADM3,66,66,BOL,BOL-ADM3-33444609B16444652,Turco,ADM3
67,171.090139672,1854.11340332,16.4082603455,ADM3,67,67,BOL,BOL-ADM3-33444609B61346396,Todos Santos,ADM3
68,41.051954934,328.049133301,7.21996593475,ADM3,68,68,BOL,BOL-ADM3-33444609B73204671,Concepción,ADM3
69,105.856848404,216.854309082,43.4971694946,ADM3,69,69,BOL,BOL-ADM3-33444609B19125904,Santa Rosa,ADM3
70,34.6556859234,84.8274765015,14.0759878159,ADM3,70,70,BOL,BOL-ADM3-33444609B59987600,Huacaraje,ADM3
71,179.385440122,1951.32019043,15.2225522995,ADM3,71,71,BOL,BOL-ADM3-33444609B98058544,La Rivera,ADM3
72,60.4743379387,901.705932617,0.301816016436,ADM3,72,72,BOL,BOL-ADM3-33444609B65603601,Entre Ríos,ADM3
73,51.9190303044,119.049835205,13.4346284866,ADM3,73,73,BOL,BOL-ADM3-33444609B85871655,San Joaquín,ADM3
74,51.7474764351,132.836456299,16.3435516357,ADM3,74,74,BOL,BOL-ADM3-33444609B31629000,San Ramón,ADM3
75,37.0185143931,207.016906738,12.9383773804,ADM3,75,75,BOL,BOL-ADM3-33444609B70300813,Tiahuanacu,ADM3
76,117.566802157,1937.55578613,0.592381775379,ADM3,76,76,BOL,BOL-ADM3-33444609B2169284,Colquechaca,ADM3
77,123.81677204,1488.70080566,0.0732883140445,ADM3,77,77,BOL,BOL-ADM3-33444609B28265316,Pocoata,ADM3
78,157.801067083,3647.19628906,11.9538841248,ADM3,78,78,BOL,BOL-ADM3-33444609B5007094,Llica,ADM3
79,94.9352930016,1077.68322754,3.28638219833,ADM3,79,79,BOL,BOL-ADM3-33444609B2586032,Quillacollo,ADM3
80,61.1998155662,542.592651367,0.226851284504,ADM3,80,80,BOL,BOL-ADM3-33444609B27378021,Sacaba,ADM3
81,63.4193833507,244.18157959,3.32450389862,ADM3,81,81,BOL,BOL-ADM3-33444609B80439797,Tiquipaya,ADM3
82,18.3170440334,35.7726325989,9.81808280945,ADM3,82,82,BOL,BOL-ADM3-33444609B86021401,Colcapirhua,ADM3
83,158.777700363,1422.58093262,3.59898996353,ADM3,83,83,BOL,BOL-ADM3-33444609B57513939,Sipesipe,ADM3
84,169.444435864,1269.30102539,1.88620471954,ADM3,84,84,BOL,BOL-ADM3-33444609B63544582,Vinto,ADM3
85,91.2684608267,751.851196289,1.39413869381,ADM3,85,85,BOL,BOL-ADM3-33444609B91378627,Tarata,ADM3
86,78.2188536,1282.49597168,0.0139843560755,ADM3,86,86,BOL,BOL-ADM3-33444609B10790515,Totora,ADM3
87,212.795256098,7047.16796875,0.407412022352,ADM3,87,87,BOL,BOL-ADM3-33444609B62366677,Buena Vista,ADM3
88,135.919968097,836.462219238,3.20579385757,ADM3,88,88,BOL,BOL-ADM3-33444609B65201053,San Carlos,ADM3
89,30.7852940044,94.0369644165,12.1306428909,ADM3,89,89,BOL,BOL-ADM3-33444609B24515942,Magdalena,ADM3
90,196.606474099,341.16809082,86.079826355,ADM3,90,90,BOL,BOL-ADM3-33444609B38843317,Portachuelo,ADM3
91,329.58622442,41858.765625,8.99319458008,ADM3,91,91,BOL,BOL-ADM3-33444609B37744367,San Antonio de Esmoruco,ADM3
92,82.8028079869,2006.51171875,0.210367709398,ADM3,92,92,BOL,BOL-ADM3-33444609B1106358,Uriondo,ADM3
93,337.678585741,4503.35742188,0.438310563564,ADM3,93,93,BOL,BOL-ADM3-33444609B85745690,Mojinete,ADM3
94,77.2760797947,974.952941895,3.64312839508,ADM3,94,94,BOL,BOL-ADM3-33444609B87243497,Yacuiba,ADM3
95,148.192464075,2536.09838867,0.901087522507,ADM3,95,95,BOL,BOL-ADM3-33444609B234644,Yunchará,ADM3
96,67.1460957127,866.141723633,1.02612698078,ADM3,96,96,BOL,BOL-ADM3-33444609B75965900,Caraparí,ADM3
97,109.47808376,1846.99633789,0.247104331851,ADM3,97,97,BOL,BOL-ADM3-33444609B88496650,San Lorenzo,ADM3
98,144.814209576,2316.70288086,0.127119213343,ADM3,98,98,BOL,BOL-ADM3-33444609B59853279,El Puente,ADM3
99,73.732325732,1153.27587891,0.0498217567801,ADM3,99,99,BOL,BOL-ADM3-33444609B34120572,Toro Toro,ADM3
100,127.986358533,1709.93554688,18.7748165131,ADM3,100,100,BOL,BOL-ADM3-33444609B63002823,San Agustín,ADM3
101,90.0087648676,2195.35058594,0.221705675125,ADM3,101,101,BOL,BOL-ADM3-33444609B48940768,Tarija,ADM3
102,68.3805890507,1339.5390625,16.528181076,ADM3,102,102,BOL,BOL-ADM3-33444609B83584775,Tahua,ADM3
103,264.495341532,239604.828125,0.748032689095,ADM3,103,103,BOL,BOL-ADM3-33444609B12022744,San Pablo,ADM3
104,83.5156396594,684.022888184,1.14012897015,ADM3,104,104,BOL,BOL-ADM3-33444609B6650687,Las Carreras,ADM3
105,91.1591082961,811.233520508,1.39223313332,ADM3,105,105,BOL,BOL-ADM3-33444609B72563416,Villa Abecia,ADM3
106,100.392391629,1009.00970459,0.117453619838,ADM3,106,106,BOL,BOL-ADM3-33444609B32136747,Morochata,ADM3
107,174.094577071,1230.55273438,12.9407444,ADM3,107,107,BOL,BOL-ADM3-33444609B11014199,Carangas,ADM3
108,47.1354860082,249.274765015,17.5051860809,ADM3,108,108,BOL,BOL-ADM3-33444609B29831186,Yunguyo del Litoral,ADM3
109,55.7596657736,265.96685791,19.1130657196,ADM3,109,109,BOL,BOL-ADM3-33444609B64125054,Cruz de Machacamarca,ADM3
110,134.928090635,738.878417969,22.5422286987,ADM3,110,110,BOL,BOL-ADM3-33444609B44425060,Antequera,ADM3
111,22.1774877513,28.5931091309,17.2352294922,ADM3,111,111,BOL,BOL-ADM3-33444609B30420791,Nazacara de Pacajes,ADM3
112,36.5469643888,216.765472412,11.0665616989,ADM3,112,112,BOL,BOL-ADM3-33444609B25496031,Caquiaviri,ADM3
113,57.5973908076,245.238616943,34.930973053,ADM3,113,113,BOL,BOL-ADM3-33444609B78062899,Belén de Andamarca,ADM3
114,52.3069618059,335.314331055,15.5397968292,ADM3,114,114,BOL,BOL-ADM3-33444609B19215102,Corque,ADM3
115,74.7834997548,1067.62402344,1.62832462788,ADM3,115,115,BOL,BOL-ADM3-33444609B29766009,Vitiche,ADM3
116,82.9399899797,736.759765625,0.352522909641,ADM3,116,116,BOL,BOL-ADM3-33444609B50583695,Luribay,ADM3
117,67.7785938426,504.426361084,15.1538238525,ADM3,117,117,BOL,BOL-ADM3-33444609B61739549,Machacamarca,ADM3
118,155.110415753,1112.15930176,0.321971416473,ADM3,118,118,BOL,BOL-ADM3-33444609B79352083,Arampampa,ADM3
119,79.934881228,435.807525635,6.36344861984,ADM3,119,119,BOL,BOL-ADM3-33444609B67664908,Sacabamba,ADM3
120,95.4233636979,631.099609375,0.415773272514,ADM3,120,120,BOL,BOL-ADM3-33444609B24659770,Anzaldo,ADM3
121,34.8651451188,92.2441711426,19.4037094116,ADM3,121,121,BOL,BOL-ADM3-33444609B17865743,Toco,ADM3
122,53.0700876716,291.745452881,6.36344861984,ADM3,122,122,BOL,BOL-ADM3-33444609B84509711,Villa Gualberto Villarroel,ADM3
123,33.2330918665,130.922119141,10.5750160217,ADM3,123,123,BOL,BOL-ADM3-33444609B63808862,Tacachi,ADM3
124,26.6630499532,41.2333869934,20.6155338287,ADM3,124,124,BOL,BOL-ADM3-33444609B45712919,Cliza,ADM3
125,162.638229922,917.058044434,3.87353372574,ADM3,125,125,BOL,BOL-ADM3-33444609B71410216,Tacopaya,ADM3
126,45.6180847285,102.270309448,23.8806781769,ADM3,126,126,BOL,BOL-ADM3-33444609B34376575,El Choro,ADM3
127,48.5418664541,335.314331055,15.7249164581,ADM3,127,127,BOL,BOL-ADM3-33444609B90107878,Toledo,ADM3
128,52.8601743128,323.173583984,6.9468755722,ADM3,128,128,BOL,BOL-ADM3-33444609B16998103,Santivañez,ADM3
129,91.7721155559,734.501159668,14.6628036499,ADM3,129,129,BOL,BOL-ADM3-33444609B37510264,Paria,ADM3
130,50.8073241198,200.385528564,15.776640892,ADM3,130,130,BOL,BOL-ADM3-33444609B66068349,Collana,ADM3
131,42.8761937353,442.927734375,7.90504837036,ADM3,131,131,BOL,BOL-ADM3-33444609B94491619,Tolata,ADM3
132,19.1466527569,34.7905197144,9.25020694733,ADM3,132,132,BOL,BOL-ADM3-33444609B30727604,Cobija,ADM3
133,50.7259808989,199.464187622,27.0408802032,ADM3,133,133,BOL,BOL-ADM3-33444609B21077453,Eucaliptus,ADM3
134,55.6964983745,165.69593811,21.9817695618,ADM3,134,134,BOL,BOL-ADM3-33444609B28630051,Santiago de Callapa,ADM3
135,23.3505558682,187.723098755,4.38595676422,ADM3,135,135,BOL,BOL-ADM3-33444609B41741681,Cochabamba,ADM3
136,63.7544351346,689.648681641,17.453704834,ADM3,136,136,BOL,BOL-ADM3-33444609B22900187,Caracollo,ADM3
137,47.1226404254,323.926330566,8.93019294739,ADM3,137,137,BOL,BOL-ADM3-33444609B21007182,Catacora,ADM3
138,52.68364265,363.510131836,1.27404725552,ADM3,138,138,BOL,BOL-ADM3-33444609B25632649,Yaco,ADM3
139,55.7213579164,1802.99353027,10.2434644699,ADM3,139,139,BOL,BOL-ADM3-33444609B93045845,Calacoto,ADM3
140,47.6236052982,277.356872559,6.56173992157,ADM3,140,140,BOL,BOL-ADM3-33444609B26131324,Arani,ADM3
141,44.349178588,254.42098999,10.3843288422,ADM3,141,141,BOL,BOL-ADM3-33444609B3757470,Punata,ADM3
142,65.1917223605,577.109802246,1.95943272114,ADM3,142,142,BOL,BOL-ADM3-33444609B21151286,Sicasica,ADM3
143,97.1206992395,559.552612305,3.25781965256,ADM3,143,143,BOL,BOL-ADM3-33444609B32005482,Patacamaya,ADM3
144,56.6286364436,361.884155273,10.5751628876,ADM3,144,144,BOL,BOL-ADM3-33444609B19082627,Colquencha,ADM3
145,44.6032536368,323.926330566,6.86856889725,ADM3,145,145,BOL,BOL-ADM3-33444609B96911206,Santiago de Machaca,ADM3
146,19.0772100366,45.0126113892,8.29736328125,ADM3,146,146,BOL,BOL-ADM3-33444609B58600296,Sena,ADM3
147,19.7945257392,54.7057647705,9.67295360565,ADM3,147,147,BOL,BOL-ADM3-33444609B26946399,San Lorenzo,ADM3
148,52.2270585345,116.545219421,15.0748004913,ADM3,148,148,BOL,BOL-ADM3-33444609B90312020,Santa Rosa,ADM3
149,76.1637686397,604.300292969,0.19635592401,ADM3,149,149,BOL,BOL-ADM3-33444609B20955158,Malla,ADM3
150,48.0142342761,368.265411377,13.2916250229,ADM3,150,150,BOL,BOL-ADM3-33444609B91729130,Comanche,ADM3
151,81.0302687155,393.378662109,3.2542951107,ADM3,151,151,BOL,BOL-ADM3-33444609B41933053,Calamarca,ADM3
152,45.4831889028,204.178421021,15.3687324524,ADM3,152,152,BOL,BOL-ADM3-33444609B85812802,Viacha,ADM3
153,45.3856668554,483.018371582,0.0152982538566,ADM3,153,153,BOL,BOL-ADM3-33444609B79205479,Villa Libertad Licoma,ADM3
154,74.1037941938,982.770324707,0.00171315681655,ADM3,154,154,BOL,BOL-ADM3-33444609B66902866,Quime,ADM3
155,48.0284992249,128.187316895,24.5782699585,ADM3,155,155,BOL,BOL-ADM3-33444609B98511044,Huatajata,ADM3
156,34.9454014138,136.039382935,13.881942749,ADM3,156,156,BOL,BOL-ADM3-33444609B79531063,Laja,ADM3
157,120.172138765,918.377258301,0.178662419319,ADM3,157,157,BOL,BOL-ADM3-33444609B83826918,Mecapaca,ADM3
158,203.174084656,6388.96044922,0.43655821681,ADM3,158,158,BOL,BOL-ADM3-33444609B56483619,Palca,ADM3
159,89.9415661863,301.551391602,10.1233634949,ADM3,159,159,BOL,BOL-ADM3-33444609B1863080,Achocalla,ADM3
160,52.7352707396,893.595458984,18.8912239075,ADM3,160,160,BOL,BOL-ADM3-33444609B30011805,El Alto,ADM3
161,57.4526639352,831.712158203,0.00955202896148,ADM3,161,161,BOL,BOL-ADM3-33444609B40374901,Yanacachi,ADM3
162,229.473627146,1859.6640625,0.179177865386,ADM3,162,162,BOL,BOL-ADM3-33444609B99579203,Tapacarí,ADM3
163,68.6289911481,360.840423584,7.10234355927,ADM3,163,163,BOL,BOL-ADM3-33444609B26061868,Desaguadero,ADM3
164,41.1433672065,221.060394287,9.74542427063,ADM3,164,164,BOL,BOL-ADM3-33444609B81723104,Jesús de Machaka,ADM3
165,46.6296406603,195.672302246,10.2358074188,ADM3,165,165,BOL,BOL-ADM3-33444609B3928389,Puerto Mayor de Guaqui,ADM3
166,199.385668418,521.289306641,51.4599838257,ADM3,166,166,BOL,BOL-ADM3-33444609B83959891,Tito Yupanqui,ADM3
167,46.9353881278,893.595458984,4.86648845673,ADM3,167,167,BOL,BOL-ADM3-33444609B86182822,Pucarani,ADM3
168,114.025683369,538.194641113,0.405632287264,ADM3,168,168,BOL,BOL-ADM3-33444609B86015105,Combaya,ADM3
169,33.6156608331,560.434265137,0.00381250213832,ADM3,169,169,BOL,BOL-ADM3-33444609B70122176,Coroico,ADM3
170,37.2697561881,677.042907715,0.00944045279175,ADM3,170,170,BOL,BOL-ADM3-33444609B52332460,Coripata,ADM3
171,75.0162881984,527.030700684,0.19855158031,ADM3,171,171,BOL,BOL-ADM3-33444609B75079070,Quiabaya,ADM3
172,61.3582106001,508.186248779,0.0137715814635,ADM3,172,172,BOL,BOL-ADM3-33444609B51912538,Aucapata,ADM3
173,82.2976434353,421.353851318,1.64646875858,ADM3,173,173,BOL,BOL-ADM3-33444609B77019342,Ayo Ayo,ADM3
174,79.1598492742,867.391357422,0.00611415505409,ADM3,174,174,BOL,BOL-ADM3-33444609B52543177,Azurduy,ADM3
175,13.9259593141,143.572906494,0.0149434162304,ADM3,175,175,BOL,BOL-ADM3-33444609B93497004,Tipuani,ADM3
176,46.8219750875,893.595458984,0.00118247431237,ADM3,176,176,BOL,BOL-ADM3-33444609B95766629,Nuestra Señora de La Paz,ADM3
177,50.8037999723,1146.40917969,0.00116127822548,ADM3,177,177,BOL,BOL-ADM3-33444609B93873258,Sorata,ADM3
178,68.4534654035,1088.50561523,0.0087418705225,ADM3,178,178,BOL,BOL-ADM3-33444609B25803532,La Asunta,ADM3
179,68.67839986,631.243041992,0.0570839680731,ADM3,179,179,BOL,BOL-ADM3-33444609B88180595,Chuma,ADM3
180,23.0779200995,568.742004395,0.00142797373701,ADM3,180,180,BOL,BOL-ADM3-33444609B33390960,Guanay,ADM3
181,28.755032767,499.344390869,0.138383701444,ADM3,181,181,BOL,BOL-ADM3-33444609B45650655,Teoponte,ADM3
182,14.7600099449,246.630996704,0.00994357187301,ADM3,182,182,BOL,BOL-ADM3-33444609B90372031,Mapiri,ADM3
183,47.9345094853,594.974365234,0.00832644850016,ADM3,183,183,BOL,BOL-ADM3-33444609B50407902,Charazani,ADM3
184,148.996421414,1594.18103027,2.41834259033,ADM3,184,184,BOL,BOL-ADM3-33444609B73754741,"Caiza ""D""",ADM3
185,87.0889799173,446.64352417,8.5187664032,ADM3,185,185,BOL,BOL-ADM3-33444609B22177467,Copacabana,ADM3
186,90.3955565911,906.958312988,0.205025568604,ADM3,186,186,BOL,BOL-ADM3-33444609B65808761,Tarvita,ADM3
187,107.042486769,3477.5402832,9.09078788757,ADM3,187,187,BOL,BOL-ADM3-33444609B42666607,Chaquí,ADM3
188,107.15003207,10126.4179688,5.47326183319,ADM3,188,188,BOL,BOL-ADM3-33444609B15997979,Puna,ADM3
189,100.416041156,8538.53417969,0.233205020428,ADM3,189,189,BOL,BOL-ADM3-33444609B30593293,Ckochas,ADM3
190,67.5648125119,712.405212402,0.367524713278,ADM3,190,190,BOL,BOL-ADM3-33444609B60642341,El Villar,ADM3
191,88.3963188595,888.18347168,2.03048062325,ADM3,191,191,BOL,BOL-ADM3-33444609B90845226,Huacaya,ADM3
192,39.0803750304,562.8203125,0.00768436444923,ADM3,192,192,BOL,BOL-ADM3-33444609B27309972,Tacacoma,ADM3
193,52.813720582,605.622924805,1.82296037674,ADM3,193,193,BOL,BOL-ADM3-33444609B13482689,Huacareta,ADM3
194,56.450243003,759.579650879,0.273996889591,ADM3,194,194,BOL,BOL-ADM3-33444609B9106763,Monteagudo,ADM3
195,104.261310531,1116.91638184,4.27836084366,ADM3,195,195,BOL,BOL-ADM3-33444609B51923126,Potosí,ADM3
196,104.947705998,627.753173828,23.6257724762,ADM3,196,196,BOL,BOL-ADM3-33444609B67965715,San Pedro de Tiquina,ADM3
197,66.2537086067,610.110229492,2.62672328949,ADM3,197,197,BOL,BOL-ADM3-33444609B6445025,Lagunillas,ADM3
198,64.6818380577,529.588439941,6.80303812027,ADM3,198,198,BOL,BOL-ADM3-33444609B92818499,Alcalá,ADM3
199,73.4896193739,688.554321289,3.51985192299,ADM3,199,199,BOL,BOL-ADM3-33444609B9397800,Sopachui,ADM3
200,94.1702550048,773.387023926,1.74796926975,ADM3,200,200,BOL,BOL-ADM3-33444609B74292684,Villa Ricardo Mugia - Icla,ADM3
201,57.7690633648,585.147094727,1.59932363033,ADM3,201,201,BOL,BOL-ADM3-33444609B38543160,Yotala,ADM3
202,62.3012797777,530.755004883,2.15485239029,ADM3,202,202,BOL,BOL-ADM3-33444609B32418048,Yamparáez,ADM3
203,73.638475816,446.434356689,6.62240839005,ADM3,203,203,BOL,BOL-ADM3-33444609B38412786,Tomina,ADM3
204,130.878084479,1339.99658203,1.26697313786,ADM3,204,204,BOL,BOL-ADM3-33444609B72440734,Ocurí,ADM3
205,76.4458439782,680.150939941,2.14144158363,ADM3,205,205,BOL,BOL-ADM3-33444609B73936756,Tarabuco,ADM3
206,71.6490979966,680.150939941,7.88790178299,ADM3,206,206,BOL,BOL-ADM3-33444609B5472183,Zudañez,ADM3
207,52.0890398833,726.309692383,0.0565886832774,ADM3,207,207,BOL,BOL-ADM3-33444609B88989469,Curva,ADM3
208,52.2807489785,795.397705078,0.00304524577223,ADM3,208,208,BOL,BOL-ADM3-33444609B30997278,Pelechuco,ADM3
209,52.3059389417,788.523132324,0.101278327405,ADM3,209,209,BOL,BOL-ADM3-33444609B83015549,Palos Blancos,ADM3
210,41.8378579018,886.406433105,0.0107165453956,ADM3,210,210,BOL,BOL-ADM3-33444609B25123274,Apolo,ADM3
211,24.9932399341,727.862182617,1.35135865211,ADM3,211,211,BOL,BOL-ADM3-33444609B4331330,Puerto Menor de Rurrenabaque,ADM3
212,40.2546336485,694.48626709,1.08432650566,ADM3,212,212,BOL,BOL-ADM3-33444609B85439426,San Buenaventura,ADM3
213,62.3506147616,479.989624023,16.6020317078,ADM3,213,213,BOL,BOL-ADM3-33444609B23560373,Santa Ana,ADM3
214,36.2520443807,684.387634277,0.320982456207,ADM3,214,214,BOL,BOL-ADM3-33444609B36751060,San Borja,ADM3
215,40.4823110348,113.59085083,1.08432650566,ADM3,215,215,BOL,BOL-ADM3-33444609B13357475,Reyes,ADM3
216,17.1956244049,43.8946151733,8.15961933136,ADM3,216,216,BOL,BOL-ADM3-33444609B85003487,Puerto Gonzalo Moreno,ADM3
217,44.5305447097,92.7132034302,8.79788780212,ADM3,217,217,BOL,BOL-ADM3-33444609B80291858,Puerto Siles,ADM3
218,55.5407932987,143.76725769,15.749666214,ADM3,218,218,BOL,BOL-ADM3-33444609B10458910,Exaltación,ADM3
219,19.4480728377,60.4301528931,9.06502342224,ADM3,219,219,BOL,BOL-ADM3-33444609B93314585,Riberalta,ADM3
220,16.7476264128,37.1460037231,8.32360839844,ADM3,220,220,BOL,BOL-ADM3-33444609B95419155,Porvenir,ADM3
221,15.3331669322,30.7073993683,8.10755348206,ADM3,221,221,BOL,BOL-ADM3-33444609B83803279,Bella Flor,ADM3
222,17.1574250051,54.4162940979,8.12308979034,ADM3,222,222,BOL,BOL-ADM3-33444609B11509981,San Pedro,ADM3
223,16.2442339494,41.7649116516,8.34485435486,ADM3,223,223,BOL,BOL-ADM3-33444609B55981723,Puerto Rico,ADM3
224,13.8791373942,21.6724891663,8.09145736694,ADM3,224,224,BOL,BOL-ADM3-33444609B45825141,Santa Rosa,ADM3
225,13.1226172326,22.6363716125,6.9670290947,ADM3,225,225,BOL,BOL-ADM3-33444609B53699713,Ingavi,ADM3
226,23.8404784379,77.0102462769,4.10120201111,ADM3,226,226,BOL,BOL-ADM3-33444609B93580112,Guayaramerín,ADM3
227,14.4421427363,40.6304550171,8.09062290192,ADM3,227,227,BOL,BOL-ADM3-33444609B33507653,Villa Nueva,ADM3
228,12.9435706067,23.9375762939,7.11960172653,ADM3,228,228,BOL,BOL-ADM3-33444609B15181859,Santos Mercado,ADM3
229,12.343935896,37.3611564636,7.0473651886,ADM3,229,229,BOL,BOL-ADM3-33444609B91423379,Nueva Esperanza,ADM3
230,112.764755831,533.628356934,14.1295509338,ADM3,230,230,BOL,BOL-ADM3-33444609B41664570,Santiago de Huata,ADM3
231,56.3905360932,230.875335693,13.9626989365,ADM3,231,231,BOL,BOL-ADM3-33444609B7909722,Puerto Pérez,ADM3
232,135.049149871,1140.92834473,0.888252079487,ADM3,232,232,BOL,BOL-ADM3-33444609B27408509,Chuquihuta Ayllu Jucumani,ADM3
233,15.9379007048,25.3040065765,7.66189479828,ADM3,233,233,BOL,BOL-ADM3-33444609B21368266,Bolpebra,ADM3
234,17.3381078036,55.4626312256,8.1061706543,ADM3,234,234,BOL,BOL-ADM3-33444609B21491486,Filadelfia,ADM3
235,28.2231707265,495.972869873,0.250387310982,ADM3,235,235,BOL,BOL-ADM3-33444609B19655093,Alto Beni,ADM3
236,29.5767087581,517.145202637,0.017420494929,ADM3,236,236,BOL,BOL-ADM3-33444609B96037932,Caranavi,ADM3
237,44.7021823442,141.657394409,17.1134338379,ADM3,237,237,BOL,BOL-ADM3-33444609B8469227,Huarina,ADM3
238,122.246909942,722.447387695,8.47806167603,ADM3,238,238,BOL,BOL-ADM3-33444609B76614989,Bolivar,ADM3
239,89.1172868076,330.412597656,23.76039505,ADM3,239,239,BOL,BOL-ADM3-33444609B43692068,Chua Cocani,ADM3
240,115.375402814,472.379119873,6.72600078583,ADM3,240,240,BOL,BOL-ADM3-33444609B78666461,Humanata,ADM3
241,62.3503828303,768.746765137,0.042880255729,ADM3,241,241,BOL,BOL-ADM3-33444609B92881157,Villa Vaca Guzmán,ADM3
242,53.1501661635,565.002929688,3.49784111977,ADM3,242,242,BOL,BOL-ADM3-33444609B42689736,Batallas,ADM3
243,67.5708347221,717.192138672,0.398811936378,ADM3,243,243,BOL,BOL-ADM3-33444609B75760336,Padilla,ADM3
244,79.350611757,1049.56518555,1.10706627369,ADM3,244,244,BOL,BOL-ADM3-33444609B69980236,Mojocoya,ADM3
245,147.998019123,1375.24975586,0.131719708443,ADM3,245,245,BOL,BOL-ADM3-33444609B51772236,Pucará,ADM3
246,106.639950544,1663.37817383,0.0357125252485,ADM3,246,246,BOL,BOL-ADM3-33444609B69127220,Villa Serrano,ADM3
247,93.4698811614,887.125915527,3.78306412697,ADM3,247,247,BOL,BOL-ADM3-33444609B12353677,Macharetí,ADM3
248,92.8777645405,468.85446167,13.2438602448,ADM3,248,248,BOL,BOL-ADM3-33444609B47604355,Boyuibe,ADM3
249,76.7328863357,791.636291504,4.00702047348,ADM3,249,249,BOL,BOL-ADM3-33444609B96934473,Cuevo,ADM3
250,50.860627929,749.350708008,2.36948633194,ADM3,250,250,BOL,BOL-ADM3-33444609B99493244,Camiri,ADM3
251,63.1298324433,1025.25854492,0.000507080403622,ADM3,251,251,BOL,BOL-ADM3-33444609B83608870,Cocapata,ADM3
252,99.930746901,1551.49731445,0.131719708443,ADM3,252,252,BOL,BOL-ADM3-33444609B53201147,Vallegrande,ADM3
253,89.2079300606,1310.42834473,2.24605822563,ADM3,253,253,BOL,BOL-ADM3-33444609B32904525,Gutiérrez,ADM3
254,68.1452244531,769.63873291,0.288142949343,ADM3,254,254,BOL,BOL-ADM3-33444609B61390228,Sucre,ADM3
255,87.3096482668,1344.94750977,0.0691607072949,ADM3,255,255,BOL,BOL-ADM3-33444609B90222474,Presto,ADM3
256,194.671263146,2841.04589844,0.834593653679,ADM3,256,256,BOL,BOL-ADM3-33444609B25796587,Postrervalle,ADM3
257,113.220331866,752.913024902,2.76528739929,ADM3,257,257,BOL,BOL-ADM3-33444609B52561385,Trigal,ADM3
258,177.623971784,1522.484375,4.64573097229,ADM3,258,258,BOL,BOL-ADM3-33444609B67865308,Quirusillas,ADM3
259,279.918834153,4135.82763672,1.00392520428,ADM3,259,259,BOL,BOL-ADM3-33444609B3158247,Cabezas,ADM3
260,295.600920909,381.179016113,185.631378174,ADM3,260,260,BOL,BOL-ADM3-33444609B36360155,Cotoca,ADM3
261,59.0644451925,1028.01367188,2.32296943665,ADM3,261,261,BOL,BOL-ADM3-33444609B82294182,Yapacaní,ADM3
262,130.030900094,309.888153076,25.8673763275,ADM3,262,262,BOL,BOL-ADM3-33444609B81436946,Cuatro Cañadas,ADM3
263,112.921895686,396.647003174,17.0855293274,ADM3,263,263,BOL,BOL-ADM3-33444609B34841445,San Ramón,ADM3
264,126.749681314,716.111999512,12.8434057236,ADM3,264,264,BOL,BOL-ADM3-33444609B57224915,San Javier,ADM3
265,61.9001486007,322.732788086,2.95528745651,ADM3,265,265,BOL,BOL-ADM3-33444609B78704867,San Miguel,ADM3
266,24.9991870402,454.074584961,0.00118302099872,ADM3,266,266,BOL,BOL-ADM3-33444609B25395901,Villa Tunari,ADM3
267,32.9129503756,158.451248169,1.54942178726,ADM3,267,267,BOL,BOL-ADM3-33444609B24552917,Chimoré,ADM3
268,58.5609816242,748.456665039,0.0026619725395,ADM3,268,268,BOL,BOL-ADM3-33444609B18430420,Tiraque,ADM3
269,13.1518885962,184.229827881,0.129981324077,ADM3,269,269,BOL,BOL-ADM3-33444609B95602913,Shinahota,ADM3
270,217.2657374,261.10369873,126.283912659,ADM3,270,270,BOL,BOL-ADM3-33444609B71154134,Montero,ADM3
271,46.8678073608,360.542388916,12.3432826996,ADM3,271,271,BOL,BOL-ADM3-33444609B46709169,Ascención de Guarayos,ADM3
272,54.6836869603,181.411651611,22.0978813171,ADM3,272,272,BOL,BOL-ADM3-33444609B55665100,San Andrés,ADM3
273,106.542871162,718.217651367,14.6672916412,ADM3,273,273,BOL,BOL-ADM3-33444609B36270672,Vacas,ADM3
274,150.911696404,1765.35217285,2.36699318886,ADM3,274,274,BOL,BOL-ADM3-33444609B99795676,Pocona,ADM3
275,189.923911384,309.260070801,128.318313599,ADM3,275,275,BOL,BOL-ADM3-33444609B439401,Okinawa Uno,ADM3
276,233.684172722,349.330505371,131.748474121,ADM3,276,276,BOL,BOL-ADM3-33444609B11056664,Warnes,ADM3
277,186.00018495,235.323822021,126.188858032,ADM3,277,277,BOL,BOL-ADM3-33444609B54301679,General Saavedra,ADM3
278,119.814857763,509.347717285,24.5120239258,ADM3,278,278,BOL,BOL-ADM3-33444609B10251116,Pailón,ADM3
279,144.694393832,185.950790405,90.4306335449,ADM3,279,279,BOL,BOL-ADM3-33444609B49773042,Fernández Alonso,ADM3
280,164.825665301,219.586395264,117.647956848,ADM3,280,280,BOL,BOL-ADM3-33444609B82751741,Mineros,ADM3
281,233.924355903,2241.03955078,2.59973192215,ADM3,281,281,BOL,BOL-ADM3-33444609B58335505,Pampa Grande,ADM3
282,268.638151055,2179.15649414,1.83656454086,ADM3,282,282,BOL,BOL-ADM3-33444609B78053551,Mairana,ADM3
283,18.2608899629,276.612213135,0.887928009033,ADM3,283,283,BOL,BOL-ADM3-33444609B66013257,Puerto Villarroel,ADM3
284,259.643791581,381.879119873,142.988632202,ADM3,284,284,BOL,BOL-ADM3-33444609B84075203,Colpa Bélgica,ADM3
285,42.5746567781,519.437927246,11.5586967468,ADM3,285,285,BOL,BOL-ADM3-33444609B58337466,Puerto Suarez,ADM3
286,44.0654112105,577.587890625,8.67718219757,ADM3,286,286,BOL,BOL-ADM3-33444609B52930702,El Carmen Rivero Tórrez,ADM3
287,53.9543594608,2812.51977539,6.18524837494,ADM3,287,287,BOL,BOL-ADM3-33444609B32568642,Roboré,ADM3
288,40.9043781157,1582.16601562,4.46891832352,ADM3,288,288,BOL,BOL-ADM3-33444609B83253902,San Matías,ADM3
289,97.691979243,1984.33288574,3.4263253212,ADM3,289,289,BOL,BOL-ADM3-33444609B85273692,Charagua,ADM3
290,59.7162489532,982.374511719,11.313167572,ADM3,290,290,BOL,BOL-ADM3-33444609B21156081,San José,ADM3
291,42.1344492559,676.866882324,15.5347442627,ADM3,291,291,BOL,BOL-ADM3-33444609B61104849,San Rafael,ADM3
292,101.385052101,1195.75402832,0.0167256277055,ADM3,292,292,BOL,BOL-ADM3-33444609B74694029,Ayopaya,ADM3
293,35.7601575754,503.142150879,0.648825287819,ADM3,293,293,BOL,BOL-ADM3-33444609B38230040,San Ignacio,ADM3
294,33.6464780063,248.603820801,5.69898462296,ADM3,294,294,BOL,BOL-ADM3-33444609B93004293,Urubicha,ADM3
295,32.4021299807,475.637817383,1.80983912945,ADM3,295,295,BOL,BOL-ADM3-33444609B21187437,Baures,ADM3
296,44.5523566237,98.1730575562,30.0633640289,ADM3,296,296,BOL,BOL-ADM3-33444609B59063344,Trinidad,ADM3
297,66.206598464,350.366088867,8.84320545197,ADM3,297,297,BOL,BOL-ADM3-33444609B54102559,San Antonio de Lomerio,ADM3
298,193.120445624,3418.75097656,0.0113856969401,ADM3,298,298,BOL,BOL-ADM3-33444609B66575543,Pojo,ADM3
299,40.5607284055,1053.58972168,0.0654081255198,ADM3,299,299,BOL,BOL-ADM3-33444609B6351519,Entre Ríos,ADM3
300,62.4345919398,690.757751465,0.0617015808821,ADM3,300,300,BOL,BOL-ADM3-33444609B40832379,Poroma,ADM3
301,51.0313046817,528.14263916,0.151177912951,ADM3,301,301,BOL,BOL-ADM3-33444609B77419578,Colomi,ADM3
302,106.622460744,604.008056641,5.1987452507,ADM3,302,302,BOL,BOL-ADM3-33444609B47454413,Alalay,ADM3
303,98.9681665387,644.65625,1.59588325024,ADM3,303,303,BOL,BOL-ADM3-33444609B95117685,Vila Vila,ADM3
304,36.1769051435,808.856445312,0.430514961481,ADM3,304,304,BOL,BOL-ADM3-33444609B5346742,Ixiamas,ADM3
305,50.6609794292,631.243041992,0.0310637578368,ADM3,305,305,BOL,BOL-ADM3-33444609B73132405,Ayata,ADM3
306,101.566514153,2060.31591797,6.31970262527,ADM3,306,306,BOL,BOL-ADM3-33444609B71435776,Uyuni,ADM3
307,51.8384929289,178.837692261,24.4779224396,ADM3,307,307,BOL,BOL-ADM3-33444609B66511934,Waldo Ballivian,ADM3
308,83.4037950745,3142.17114258,9.94765949249,ADM3,308,308,BOL,BOL-ADM3-33444609B68137279,Curahuara de Carangas,ADM3
309,42.8076689709,276.144073486,20.1324424744,ADM3,309,309,BOL,BOL-ADM3-33444609B36186520,Choquecota,ADM3
310,46.9983945034,279.48034668,13.8020801544,ADM3,310,310,BOL,BOL-ADM3-33444609B87640342,Escara,ADM3
311,88.7123053606,398.692871094,20.5746002197,ADM3,311,311,BOL,BOL-ADM3-33444609B79549253,Coipasa,ADM3
312,47.5713282132,67.7404403687,25.2827625275,ADM3,312,312,BOL,BOL-ADM3-33444609B48403080,Chipaya,ADM3
313,86.6119185295,1024.17102051,1.34629845619,ADM3,313,313,BOL,BOL-ADM3-33444609B66088023,Chayanta,ADM3
314,55.4068463695,885.958618164,13.7482357025,ADM3,314,314,BOL,BOL-ADM3-33444609B60563542,Salinas de Garcí Mendoza,ADM3
315,169.001124537,3422.93334961,0.298422187567,ADM3,315,315,BOL,BOL-ADM3-33444609B90206942,Tupiza,ADM3
316,274.302921323,17621.1152344,5.30999040604,ADM3,316,316,BOL,BOL-ADM3-33444609B106993,Atocha,ADM3
317,167.21694936,3005.91455078,25.1879997253,ADM3,317,317,BOL,BOL-ADM3-33444609B51545061,San Pedro de Quemes,ADM3
318,133.224071505,232.677062988,65.2609558105,ADM3,318,318,BOL,BOL-ADM3-33444609B42696709,San Julián,ADM3
319,86.7844101923,328.844665527,19.7226810455,ADM3,319,319,BOL,BOL-ADM3-33444609B68632045,El Puente,ADM3
320,277.000318617,5687.4765625,0.218640387058,ADM3,320,320,BOL,BOL-ADM3-33444609B10638383,Comarapa,ADM3
321,18.2688410727,90.360534668,3.4966146946,ADM3,321,321,BOL,BOL-ADM3-33444609B8717747,Bermejo,ADM3
322,147.899917324,1218.33886719,0.105278775096,ADM3,322,322,BOL,BOL-ADM3-33444609B53463626,Villa Charcas,ADM3
323,143.997567852,663.044006348,11.0667800903,ADM3,323,323,BOL,BOL-ADM3-33444609B82635532,Puerto Acosta,ADM3
324,143.344795577,694.546386719,10.1555309296,ADM3,324,324,BOL,BOL-ADM3-33444609B17656422,Escoma,ADM3
325,77.9104335676,913.641235352,11.3405199051,ADM3,325,325,BOL,BOL-ADM3-33444609B71044330,Charaña,ADM3
326,79.900578181,528.420898438,14.7916479111,ADM3,326,326,BOL,BOL-ADM3-33444609B93991773,Achacachi,ADM3
327,49.4577749739,90.7528152466,25.4186019897,ADM3,327,327,BOL,BOL-ADM3-33444609B13753118,Taraco,ADM3
328,27.2524691074,97.6341629028,14.0469436646,ADM3,328,328,BOL,BOL-ADM3-33444609B75690871,La (Marka) San Andrés de Mach,ADM3
329,115.733940719,1271.1192627,0.840908765793,ADM3,329,329,BOL,BOL-ADM3-33444609B31051948,Tacobamba,ADM3
330,124.689824351,1526.26013184,4.64345359802,ADM3,330,330,BOL,BOL-ADM3-33444609B24985970,Challapata,ADM3
331,169.437283538,2002.24047852,2.1409702301,ADM3,331,331,BOL,BOL-ADM3-33444609B93024851,Uncía,ADM3
332,80.1501069399,1020.89978027,0.0599289909005,ADM3,332,332,BOL,BOL-ADM3-33444609B54083051,Ravelo,ADM3
333,72.569812306,1506.49987793,0.0498217567801,ADM3,333,333,BOL,BOL-ADM3-33444609B27870252,Mizque,ADM3
334,110.075784947,2911.36816406,2.3080701828,ADM3,334,334,BOL,BOL-ADM3-33444609B5020991,Pasorapa,ADM3
335,163.924831995,3584.70922852,0.678416132927,ADM3,335,335,BOL,BOL-ADM3-33444609B93401902,Cotagaita,ADM3
336,128.360732273,1548.6171875,1.09042680264,ADM3,336,336,BOL,BOL-ADM3-33444609B61161865,Camargo,ADM3
337,83.5753935423,899.728210449,0.77844029665,ADM3,337,337,BOL,BOL-ADM3-33444609B2211567,Villazón,ADM3
338,42.9132368257,2152.43334961,0.0656929910183,ADM3,338,338,BOL,BOL-ADM3-33444609B28920794,Padcaya,ADM3
